year,month,day,aao_index_cdas
1979,1,1,-1.5563026666641235
1979,1,2,-0.8882268667221069
1979,1,3,0.25526776909828186
1979,1,4,0.8619663715362549
1979,1,5,0.890381395816803
1979,1,6,0.7276135087013245
1979,1,7,0.43546730279922485
1979,1,8,0.5015736818313599
1979,1,9,0.43284302949905396
1979,1,10,0.038559477776288986
1979,1,11,-0.24397090077400208
1979,1,12,-0.331215500831604
1979,1,13,-0.6305137276649475
1979,1,14,-0.6735042929649353
1979,1,15,-0.9010393023490906
1979,1,16,-0.6245729327201843
1979,1,17,-0.20392915606498718
1979,1,18,-0.1326000690460205
1979,1,19,-0.267965704202652
1979,1,20,-0.17380449175834656
1979,1,21,0.1954699605703354
1979,1,22,0.8536355495452881
1979,1,23,1.3459563255310059
1979,1,24,1.2627393007278442
1979,1,25,1.0034916400909424
1979,1,26,0.9373481869697571
1979,1,27,0.9036049246788025
1979,1,28,0.3658845126628876
1979,1,29,0.10112613439559937
1979,1,30,0.5009399056434631
1979,1,31,1.176621675491333
1979,2,1,1.5991822481155396
1979,2,2,1.8232238292694092
1979,2,3,1.5209426879882812
1979,2,4,1.0030947923660278
1979,2,5,0.8029241561889648
1979,2,6,1.3826134204864502
1979,2,7,1.5399487018585205
1979,2,8,0.7065086364746094
1979,2,9,0.37787872552871704
1979,2,10,0.20945395529270172
1979,2,11,-0.20284132659435272
1979,2,12,-0.36423346400260925
1979,2,13,-0.538616955280304
1979,2,14,-0.9681413173675537
1979,2,15,-1.0407077074050903
1979,2,16,-0.5422092080116272
1979,2,17,-0.6498845219612122
1979,2,18,-0.38396236300468445
1979,2,19,-0.021918486803770065
1979,2,20,-0.24064885079860687
1979,2,21,-0.1482890248298645
1979,2,22,-0.016911054030060768
1979,2,23,0.4918060600757599
1979,2,24,1.0339007377624512
1979,2,25,1.2383486032485962
1979,2,26,0.5978807210922241
1979,2,27,0.2392260730266571
1979,2,28,0.09995528310537338
1979,3,1,-0.571913480758667
1979,3,2,-0.7690222859382629
1979,3,3,0.12725067138671875
1979,3,4,0.9803829193115234
1979,3,5,1.2614434957504272
1979,3,6,1.150505781173706
1979,3,7,1.0512809753417969
1979,3,8,0.8735838532447815
1979,3,9,0.928227961063385
1979,3,10,1.3024239540100098
1979,3,11,1.7465763092041016
1979,3,12,1.7295104265213013
1979,3,13,1.4027458429336548
1979,3,14,0.8667877316474915
1979,3,15,0.4931340217590332
1979,3,16,0.18461810052394867
1979,3,17,0.2307344675064087
1979,3,18,0.7979172468185425
1979,3,19,1.3369759321212769
1979,3,20,1.3003349304199219
1979,3,21,0.6476121544837952
1979,3,22,0.33249297738075256
1979,3,23,0.4324187934398651
1979,3,24,0.7970981597900391
1979,3,25,1.7066413164138794
1979,3,26,2.264991283416748
1979,3,27,1.8998035192489624
1979,3,28,1.1192984580993652
1979,3,29,0.4350012540817261
1979,3,30,0.5672788023948669
1979,3,31,0.173053577542305
1979,4,1,0.009860625490546227
1979,4,2,0.2885814309120178
1979,4,3,0.803028404712677
1979,4,4,1.037356972694397
1979,4,5,1.2692075967788696
1979,4,6,1.1666033267974854
1979,4,7,1.0051178932189941
1979,4,8,0.5206778049468994
1979,4,9,0.29335111379623413
1979,4,10,0.05417957156896591
1979,4,11,-0.20346055924892426
1979,4,12,0.1251315176486969
1979,4,13,0.7852297425270081
1979,4,14,1.4372756481170654
1979,4,15,1.5723713636398315
1979,4,16,1.2266987562179565
1979,4,17,0.6241670846939087
1979,4,18,0.625822901725769
1979,4,19,0.9481471180915833
1979,4,20,1.0750433206558228
1979,4,21,1.2858694791793823
1979,4,22,1.6566038131713867
1979,4,23,1.3579325675964355
1979,4,24,0.5565752983093262
1979,4,25,-0.20742519199848175
1979,4,26,-0.4594155550003052
1979,4,27,-0.12385028600692749
1979,4,28,0.49468815326690674
1979,4,29,0.3958025574684143
1979,4,30,-0.09631302952766418
1979,5,1,-0.7236259579658508
1979,5,2,-0.6947160363197327
1979,5,3,-0.5067667961120605
1979,5,4,0.09975112229585648
1979,5,5,0.13164165616035461
1979,5,6,0.048440415412187576
1979,5,7,0.6270289421081543
1979,5,8,1.0659875869750977
1979,5,9,0.9496569037437439
1979,5,10,0.5174649357795715
1979,5,11,0.1088661178946495
1979,5,12,-0.1554277241230011
1979,5,13,-0.22143737971782684
1979,5,14,0.46383440494537354
1979,5,15,0.9952564239501953
1979,5,16,0.8890960216522217
1979,5,17,1.0663888454437256
1979,5,18,1.1019171476364136
1979,5,19,0.6007810831069946
1979,5,20,0.29659736156463623
1979,5,21,0.7264256477355957
1979,5,22,0.7160809636116028
1979,5,23,0.8366937041282654
1979,5,24,1.6690752506256104
1979,5,25,2.0499422550201416
1979,5,26,1.9316749572753906
1979,5,27,1.5442018508911133
1979,5,28,0.8959206342697144
1979,5,29,0.877203643321991
1979,5,30,1.4743380546569824
1979,5,31,2.1730103492736816
1979,6,1,2.081031084060669
1979,6,2,2.270564556121826
1979,6,3,2.1578752994537354
1979,6,4,1.8183646202087402
1979,6,5,1.7807867527008057
1979,6,6,1.2625186443328857
1979,6,7,0.966949999332428
1979,6,8,0.6269768476486206
1979,6,9,0.6969897747039795
1979,6,10,0.8258051872253418
1979,6,11,0.7760288119316101
1979,6,12,0.7940612435340881
1979,6,13,1.423217535018921
1979,6,14,2.0377180576324463
1979,6,15,2.0938143730163574
1979,6,16,1.8530945777893066
1979,6,17,2.0482940673828125
1979,6,18,2.118035078048706
1979,6,19,2.1245718002319336
1979,6,20,2.325258493423462
1979,6,21,2.3741614818573
1979,6,22,2.166834831237793
1979,6,23,2.056820869445801
1979,6,24,1.7576708793640137
1979,6,25,1.457201600074768
1979,6,26,1.7701889276504517
1979,6,27,1.7359017133712769
1979,6,28,1.3887587785720825
1979,6,29,1.0191701650619507
1979,6,30,1.2898787260055542
1979,7,1,1.8843870162963867
1979,7,2,2.263650417327881
1979,7,3,2.5245211124420166
1979,7,4,2.315066337585449
1979,7,5,1.9074461460113525
1979,7,6,2.1156258583068848
1979,7,7,2.616244316101074
1979,7,8,3.0552546977996826
1979,7,9,3.150563955307007
1979,7,10,3.3740651607513428
1979,7,11,3.3332767486572266
1979,7,12,3.2212367057800293
1979,7,13,2.7570993900299072
1979,7,14,2.294233798980713
1979,7,15,2.471728801727295
1979,7,16,2.720322608947754
1979,7,17,2.4681339263916016
1979,7,18,2.4225757122039795
1979,7,19,2.2202274799346924
1979,7,20,1.7505987882614136
1979,7,21,1.3731095790863037
1979,7,22,1.1014761924743652
1979,7,23,1.355013132095337
1979,7,24,1.8759045600891113
1979,7,25,2.097201347351074
1979,7,26,2.0482892990112305
1979,7,27,2.1060283184051514
1979,7,28,1.8932026624679565
1979,7,29,1.883694052696228
1979,7,30,2.5574302673339844
1979,7,31,2.8631036281585693
1979,8,1,2.2069382667541504
1979,8,2,1.1311767101287842
1979,8,3,0.6766274571418762
1979,8,4,0.9431241750717163
1979,8,5,0.9172270894050598
1979,8,6,0.05159343406558037
1979,8,7,-0.4005815088748932
1979,8,8,-0.631386399269104
1979,8,9,-1.0662695169448853
1979,8,10,-1.4371026754379272
1979,8,11,-1.35932457447052
1979,8,12,-0.8177163004875183
1979,8,13,-0.9253688454627991
1979,8,14,-1.295904278755188
1979,8,15,-1.5158870220184326
1979,8,16,-1.507107138633728
1979,8,17,-1.2528809309005737
1979,8,18,-0.6361777782440186
1979,8,19,0.0599786639213562
1979,8,20,0.6802114844322205
1979,8,21,1.023328185081482
1979,8,22,0.9667714238166809
1979,8,23,1.3453165292739868
1979,8,24,1.7625527381896973
1979,8,25,2.2888824939727783
1979,8,26,2.779792547225952
1979,8,27,2.704694986343384
1979,8,28,2.38566517829895
1979,8,29,2.691082239151001
1979,8,30,2.7424535751342773
1979,8,31,1.7169554233551025
1979,9,1,0.7550056576728821
1979,9,2,0.1459873616695404
1979,9,3,0.4686380922794342
1979,9,4,0.2767639756202698
1979,9,5,0.044067732989788055
1979,9,6,0.027939945459365845
1979,9,7,-0.1305132955312729
1979,9,8,-0.1361285001039505
1979,9,9,0.20418216288089752
1979,9,10,1.0503695011138916
1979,9,11,1.35536789894104
1979,9,12,1.694909691810608
1979,9,13,1.4916930198669434
1979,9,14,1.8665525913238525
1979,9,15,2.309218406677246
1979,9,16,1.7919232845306396
1979,9,17,1.5831273794174194
1979,9,18,1.4055160284042358
1979,9,19,0.9882937073707581
1979,9,20,0.012180431745946407
1979,9,21,-0.5688338279724121
1979,9,22,-0.3858436346054077
1979,9,23,-0.2884907126426697
1979,9,24,-0.3327856659889221
1979,9,25,0.4017544984817505
1979,9,26,0.9398102164268494
1979,9,27,0.7820862531661987
1979,9,28,0.6290515065193176
1979,9,29,0.2049098163843155
1979,9,30,-0.4537659287452698
1979,10,1,-0.42220041155815125
1979,10,2,0.18482081592082977
1979,10,3,0.4951331913471222
1979,10,4,0.6849995255470276
1979,10,5,0.44668179750442505
1979,10,6,0.4445998966693878
1979,10,7,0.6634674072265625
1979,10,8,0.21403080224990845
1979,10,9,-0.11524941772222519
1979,10,10,-0.48686909675598145
1979,10,11,-1.1305509805679321
1979,10,12,-1.3027275800704956
1979,10,13,-1.2818201780319214
1979,10,14,-1.212644338607788
1979,10,15,-0.8737296462059021
1979,10,16,-0.5022761821746826
1979,10,17,-0.215259850025177
1979,10,18,0.29986387491226196
1979,10,19,1.130260705947876
1979,10,20,1.2267415523529053
1979,10,21,0.6906828284263611
1979,10,22,0.4361252188682556
1979,10,23,0.22222617268562317
1979,10,24,0.14165452122688293
1979,10,25,0.5030661225318909
1979,10,26,0.863562285900116
1979,10,27,0.947776198387146
1979,10,28,0.6558820605278015
1979,10,29,0.5472191572189331
1979,10,30,0.7265470623970032
1979,10,31,0.717223048210144
1979,11,1,0.38316571712493896
1979,11,2,-0.3526245951652527
1979,11,3,-0.8106845021247864
1979,11,4,-0.7724306583404541
1979,11,5,-0.546561598777771
1979,11,6,-0.5264372825622559
1979,11,7,-0.3800554573535919
1979,11,8,-0.3917032778263092
1979,11,9,-0.32492175698280334
1979,11,10,-0.031000318005681038
1979,11,11,-0.07714284956455231
1979,11,12,-0.3996923565864563
1979,11,13,-0.3806498050689697
1979,11,14,-0.16863574087619781
1979,11,15,-0.11041103303432465
1979,11,16,0.4297720193862915
1979,11,17,1.1371712684631348
1979,11,18,0.9134754538536072
1979,11,19,0.572502851486206
1979,11,20,-0.07163269072771072
1979,11,21,-0.27355605363845825
1979,11,22,-0.5213639736175537
1979,11,23,-0.8793718814849854
1979,11,24,-1.1624549627304077
1979,11,25,-1.3151535987854004
1979,11,26,-1.4067301750183105
1979,11,27,-1.3518062829971313
1979,11,28,-1.235345482826233
1979,11,29,-1.1221132278442383
1979,11,30,-1.119886040687561
1979,12,1,-1.5275015830993652
1979,12,2,-1.8972223997116089
1979,12,3,-1.8124032020568848
1979,12,4,-1.6009470224380493
1979,12,5,-2.1204276084899902
1979,12,6,-2.309206485748291
1979,12,7,-2.0551235675811768
1979,12,8,-1.5394009351730347
1979,12,9,-1.2281715869903564
1979,12,10,-1.4609407186508179
1979,12,11,-1.8435187339782715
1979,12,12,-2.3079819679260254
1979,12,13,-2.467074155807495
1979,12,14,-2.102473497390747
1979,12,15,-1.6811529397964478
1979,12,16,-1.6395167112350464
1979,12,17,-1.8020862340927124
1979,12,18,-1.846554160118103
1979,12,19,-1.6609117984771729
1979,12,20,-1.0059374570846558
1979,12,21,-0.22575712203979492
1979,12,22,-0.01278681680560112
1979,12,23,0.15783467888832092
1979,12,24,0.4685027599334717
1979,12,25,0.6624794006347656
1979,12,26,0.9052156209945679
1979,12,27,0.9927079677581787
1979,12,28,0.9126762747764587
1979,12,29,1.0806732177734375
1979,12,30,1.305592656135559
1979,12,31,1.1677850484848022
1980,1,1,1.038424015045166
1980,1,2,0.8971284627914429
1980,1,3,0.716243326663971
1980,1,4,0.5741381645202637
1980,1,5,0.4276001751422882
1980,1,6,0.13540732860565186
1980,1,7,-0.15550124645233154
1980,1,8,-0.30110958218574524
1980,1,9,-0.49139404296875
1980,1,10,-0.9036334156990051
1980,1,11,-1.2061997652053833
1980,1,12,-1.1246778964996338
1980,1,13,-0.8432308435440063
1980,1,14,-0.8957714438438416
1980,1,15,-0.8688536286354065
1980,1,16,-0.910697340965271
1980,1,17,-1.3001347780227661
1980,1,18,-1.640104055404663
1980,1,19,-0.941068708896637
1980,1,20,-0.27627813816070557
1980,1,21,-0.2926004230976105
1980,1,22,-0.45798003673553467
1980,1,23,-0.5581645369529724
1980,1,24,-0.6752686500549316
1980,1,25,-0.8723189830780029
1980,1,26,-0.7991039752960205
1980,1,27,-0.667637050151825
1980,1,28,-0.2681320309638977
1980,1,29,0.05607373267412186
1980,1,30,-0.2806166708469391
1980,1,31,-0.5529699921607971
1980,2,1,-0.7007455825805664
1980,2,2,-0.5226367712020874
1980,2,3,-0.6617449522018433
1980,2,4,-0.781173050403595
1980,2,5,-0.8287603259086609
1980,2,6,-0.8287206888198853
1980,2,7,-1.1971919536590576
1980,2,8,-1.5037479400634766
1980,2,9,-1.3412588834762573
1980,2,10,-1.0102009773254395
1980,2,11,-0.46147429943084717
1980,2,12,-0.17804592847824097
1980,2,13,-0.40711507201194763
1980,2,14,-0.48304998874664307
1980,2,15,-0.6310194730758667
1980,2,16,-0.44604095816612244
1980,2,17,-0.4754458963871002
1980,2,18,-0.20468543469905853
1980,2,19,-0.14093972742557526
1980,2,20,-0.21942999958992004
1980,2,21,-0.5103093981742859
1980,2,22,-1.1767306327819824
1980,2,23,-1.3506473302841187
1980,2,24,-1.4755778312683105
1980,2,25,-1.9143846035003662
1980,2,26,-2.0633108615875244
1980,2,27,-2.473482131958008
1980,2,28,-2.140104055404663
1980,2,29,-1.3364804983139038
1980,3,1,-1.3427541255950928
1980,3,2,-1.305341124534607
1980,3,3,-1.1864784955978394
1980,3,4,-1.2201396226882935
1980,3,5,-0.9515438675880432
1980,3,6,-0.38386231660842896
1980,3,7,-0.22187654674053192
1980,3,8,-0.6150117516517639
1980,3,9,-0.7832735776901245
1980,3,10,-0.7368074059486389
1980,3,11,-0.9737427234649658
1980,3,12,-0.8067624568939209
1980,3,13,-0.7328710556030273
1980,3,14,-0.707771360874176
1980,3,15,-0.9063378572463989
1980,3,16,-1.4021378755569458
1980,3,17,-1.859544038772583
1980,3,18,-1.5915007591247559
1980,3,19,-1.1192681789398193
1980,3,20,-0.8962581157684326
1980,3,21,-0.6223346590995789
1980,3,22,-0.7459192276000977
1980,3,23,-1.2932168245315552
1980,3,24,-1.8972094058990479
1980,3,25,-2.380885362625122
1980,3,26,-2.6463963985443115
1980,3,27,-2.8498194217681885
1980,3,28,-3.001922369003296
1980,3,29,-3.0747673511505127
1980,3,30,-2.4162473678588867
1980,3,31,-1.980378270149231
1980,4,1,-1.7081853151321411
1980,4,2,-1.520013689994812
1980,4,3,-1.8604142665863037
1980,4,4,-2.4574368000030518
1980,4,5,-2.9758565425872803
1980,4,6,-3.3635199069976807
1980,4,7,-3.397834300994873
1980,4,8,-2.983957052230835
1980,4,9,-2.3262782096862793
1980,4,10,-2.301520347595215
1980,4,11,-2.795681953430176
1980,4,12,-3.3854963779449463
1980,4,13,-3.314750909805298
1980,4,14,-3.269650936126709
1980,4,15,-3.7615132331848145
1980,4,16,-3.642709732055664
1980,4,17,-2.8232736587524414
1980,4,18,-2.2067036628723145
1980,4,19,-1.8478082418441772
1980,4,20,-1.8036555051803589
1980,4,21,-1.8764162063598633
1980,4,22,-1.5567554235458374
1980,4,23,-1.8369821310043335
1980,4,24,-1.5399518013000488
1980,4,25,-0.7327439785003662
1980,4,26,0.04613976925611496
1980,4,27,0.45670053362846375
1980,4,28,0.5441797971725464
1980,4,29,0.26401352882385254
1980,4,30,0.07881683111190796
1980,5,1,0.6129853129386902
1980,5,2,0.7909213304519653
1980,5,3,0.6490756273269653
1980,5,4,0.6702804565429688
1980,5,5,0.44268998503685
1980,5,6,0.21225199103355408
1980,5,7,-0.3385622799396515
1980,5,8,-0.2923712432384491
1980,5,9,-0.14301791787147522
1980,5,10,-0.4774608314037323
1980,5,11,-0.9122887849807739
1980,5,12,-0.6717944145202637
1980,5,13,0.0514315590262413
1980,5,14,-0.4891173243522644
1980,5,15,-1.6180773973464966
1980,5,16,-2.1108460426330566
1980,5,17,-1.8023560047149658
1980,5,18,-1.4003181457519531
1980,5,19,-1.428536295890808
1980,5,20,-1.1841245889663696
1980,5,21,-0.7694845199584961
1980,5,22,-0.33411750197410583
1980,5,23,-0.589818000793457
1980,5,24,-0.8005954623222351
1980,5,25,-0.43441042304039
1980,5,26,-0.05533558502793312
1980,5,27,0.1933274120092392
1980,5,28,-0.04708990454673767
1980,5,29,-0.57835853099823
1980,5,30,-0.7688892483711243
1980,5,31,-0.7597978115081787
1980,6,1,-0.6370552182197571
1980,6,2,-0.9265947937965393
1980,6,3,-1.0341124534606934
1980,6,4,-0.6525117754936218
1980,6,5,-0.4744114577770233
1980,6,6,-0.5491358637809753
1980,6,7,-0.6059442162513733
1980,6,8,-0.33307525515556335
1980,6,9,0.41198426485061646
1980,6,10,0.8656886219978333
1980,6,11,0.8456664085388184
1980,6,12,0.9783473610877991
1980,6,13,1.3201220035552979
1980,6,14,1.1687668561935425
1980,6,15,0.6657345294952393
1980,6,16,0.4447060823440552
1980,6,17,0.6537888050079346
1980,6,18,1.2490720748901367
1980,6,19,1.853452444076538
1980,6,20,1.939648151397705
1980,6,21,1.8435636758804321
1980,6,22,1.5545490980148315
1980,6,23,0.834807813167572
1980,6,24,0.28046655654907227
1980,6,25,-0.2639041244983673
1980,6,26,-0.9108090400695801
1980,6,27,-0.6966713070869446
1980,6,28,-0.05258117616176605
1980,6,29,-0.522574782371521
1980,6,30,-1.0615119934082031
1980,7,1,-1.0710054636001587
1980,7,2,-1.223812222480774
1980,7,3,-1.539631724357605
1980,7,4,-1.7330925464630127
1980,7,5,-1.7115052938461304
1980,7,6,-1.4996980428695679
1980,7,7,-1.5617809295654297
1980,7,8,-1.618418574333191
1980,7,9,-1.5250834226608276
1980,7,10,-1.588065505027771
1980,7,11,-1.2635318040847778
1980,7,12,-1.1104203462600708
1980,7,13,-1.1408685445785522
1980,7,14,-0.8814124464988708
1980,7,15,-0.5423060059547424
1980,7,16,-0.6305463910102844
1980,7,17,-1.3965181112289429
1980,7,18,-2.112553119659424
1980,7,19,-2.250110626220703
1980,7,20,-1.838101863861084
1980,7,21,-1.984681248664856
1980,7,22,-2.314063549041748
1980,7,23,-2.131887912750244
1980,7,24,-1.7923556566238403
1980,7,25,-1.801599144935608
1980,7,26,-2.370365858078003
1980,7,27,-3.440842390060425
1980,7,28,-4.051549434661865
1980,7,29,-3.8845245838165283
1980,7,30,-3.4690194129943848
1980,7,31,-2.6989047527313232
1980,8,1,-2.0777668952941895
1980,8,2,-1.6531227827072144
1980,8,3,-1.6709825992584229
1980,8,4,-1.588706135749817
1980,8,5,-1.6494951248168945
1980,8,6,-1.2731404304504395
1980,8,7,-1.1717581748962402
1980,8,8,-0.536472737789154
1980,8,9,-0.15143026411533356
1980,8,10,-0.009437402710318565
1980,8,11,-0.05673433467745781
1980,8,12,-0.1557038277387619
1980,8,13,-0.5899400115013123
1980,8,14,-1.1035720109939575
1980,8,15,-0.8025761246681213
1980,8,16,-0.39377889037132263
1980,8,17,0.11940044909715652
1980,8,18,0.3476974666118622
1980,8,19,0.16290034353733063
1980,8,20,-0.3023357391357422
1980,8,21,-0.5603196620941162
1980,8,22,-1.0996121168136597
1980,8,23,-1.6348503828048706
1980,8,24,-1.6164829730987549
1980,8,25,-1.7373478412628174
1980,8,26,-1.7259577512741089
1980,8,27,-1.566558599472046
1980,8,28,-1.3413856029510498
1980,8,29,-1.178942322731018
1980,8,30,-1.2675751447677612
1980,8,31,-1.5853443145751953
1980,9,1,-1.9969524145126343
1980,9,2,-2.5333924293518066
1980,9,3,-2.756150960922241
1980,9,4,-2.166860818862915
1980,9,5,-1.824379324913025
1980,9,6,-1.5415120124816895
1980,9,7,-1.1407400369644165
1980,9,8,-0.8501936793327332
1980,9,9,-1.4595870971679688
1980,9,10,-2.0362651348114014
1980,9,11,-2.323336124420166
1980,9,12,-2.3240766525268555
1980,9,13,-2.471390962600708
1980,9,14,-2.6190216541290283
1980,9,15,-2.7690083980560303
1980,9,16,-3.0748989582061768
1980,9,17,-2.666717290878296
1980,9,18,-1.8928565979003906
1980,9,19,-1.6580256223678589
1980,9,20,-1.573688268661499
1980,9,21,-1.2481346130371094
1980,9,22,-1.5258539915084839
1980,9,23,-1.6538219451904297
1980,9,24,-1.1407113075256348
1980,9,25,-0.8259479403495789
1980,9,26,-0.7282921075820923
1980,9,27,-0.613314151763916
1980,9,28,-0.2534984052181244
1980,9,29,0.19650743901729584
1980,9,30,0.20127476751804352
1980,10,1,-0.1878751963376999
1980,10,2,-0.1236681416630745
1980,10,3,0.02424578368663788
1980,10,4,0.953780472278595
1980,10,5,1.9075281620025635
1980,10,6,2.391383171081543
1980,10,7,2.1846635341644287
1980,10,8,1.387041687965393
1980,10,9,1.2943434715270996
1980,10,10,1.348983645439148
1980,10,11,1.4562327861785889
1980,10,12,1.7793861627578735
1980,10,13,1.648216724395752
1980,10,14,1.5699013471603394
1980,10,15,1.7303855419158936
1980,10,16,1.9234812259674072
1980,10,17,1.5021698474884033
1980,10,18,0.7988764047622681
1980,10,19,0.285034716129303
1980,10,20,0.2654128074645996
1980,10,21,0.19707003235816956
1980,10,22,0.19800810515880585
1980,10,23,0.7127199172973633
1980,10,24,0.6928004622459412
1980,10,25,0.12273020297288895
1980,10,26,-0.5615205764770508
1980,10,27,-1.2140651941299438
1980,10,28,-1.5438921451568604
1980,10,29,-2.000136375427246
1980,10,30,-2.075007200241089
1980,10,31,-1.4872075319290161
1980,11,1,-1.174492597579956
1980,11,2,-1.4314756393432617
1980,11,3,-2.026210069656372
1980,11,4,-2.6807119846343994
1980,11,5,-2.9894611835479736
1980,11,6,-3.28159499168396
1980,11,7,-2.980586290359497
1980,11,8,-2.233278274536133
1980,11,9,-1.7269457578659058
1980,11,10,-1.902083396911621
1980,11,11,-2.1176376342773438
1980,11,12,-2.11811900138855
1980,11,13,-2.0460379123687744
1980,11,14,-2.1030848026275635
1980,11,15,-2.3418893814086914
1980,11,16,-2.226181745529175
1980,11,17,-1.8540804386138916
1980,11,18,-1.3515721559524536
1980,11,19,-1.382848858833313
1980,11,20,-1.471025824546814
1980,11,21,-1.8839645385742188
1980,11,22,-2.3269433975219727
1980,11,23,-2.7818329334259033
1980,11,24,-2.4127793312072754
1980,11,25,-2.032707691192627
1980,11,26,-1.8147258758544922
1980,11,27,-1.5428197383880615
1980,11,28,-1.0787667036056519
1980,11,29,-0.6109163165092468
1980,11,30,-0.3748769760131836
1980,12,1,-0.7495186924934387
1980,12,2,-1.0823776721954346
1980,12,3,-0.9255018830299377
1980,12,4,-0.5060701370239258
1980,12,5,-0.4619874358177185
1980,12,6,-0.3372246026992798
1980,12,7,-0.23029007017612457
1980,12,8,-0.33343446254730225
1980,12,9,-0.3704555332660675
1980,12,10,-0.591235339641571
1980,12,11,-0.5430188775062561
1980,12,12,-0.2422592043876648
1980,12,13,-0.22067369520664215
1980,12,14,0.03963532671332359
1980,12,15,0.11751209199428558
1980,12,16,-0.2071542739868164
1980,12,17,-0.5910047292709351
1980,12,18,-0.5663970708847046
1980,12,19,-0.45914772152900696
1980,12,20,-0.41738784313201904
1980,12,21,-0.37054312229156494
1980,12,22,-0.1884925812482834
1980,12,23,0.10120982676744461
1980,12,24,0.24494561553001404
1980,12,25,0.4511459469795227
1980,12,26,0.1468234807252884
1980,12,27,-0.35982850193977356
1980,12,28,-0.7556238174438477
1980,12,29,-0.8658815622329712
1980,12,30,-0.3784818649291992
1980,12,31,-0.07397361099720001
1981,1,1,0.04056105390191078
1981,1,2,0.1675979048013687
1981,1,3,0.3838179409503937
1981,1,4,0.20387683808803558
1981,1,5,-0.06961850076913834
1981,1,6,-0.23424993455410004
1981,1,7,-0.004794037435203791
1981,1,8,0.2291661947965622
1981,1,9,0.2100822925567627
1981,1,10,-0.1087798997759819
1981,1,11,-0.3203340172767639
1981,1,12,-0.31689271330833435
1981,1,13,-0.1608821004629135
1981,1,14,-0.2866646647453308
1981,1,15,-0.3434886634349823
1981,1,16,-0.09996084123849869
1981,1,17,0.19821283221244812
1981,1,18,0.14470700919628143
1981,1,19,-0.1686420440673828
1981,1,20,-0.026453083381056786
1981,1,21,-0.1903100460767746
1981,1,22,-0.5098801851272583
1981,1,23,0.05697748064994812
1981,1,24,1.0024415254592896
1981,1,25,1.5817829370498657
1981,1,26,1.6921485662460327
1981,1,27,1.3319138288497925
1981,1,28,0.8960407972335815
1981,1,29,0.794109582901001
1981,1,30,0.5315871834754944
1981,1,31,0.18871156871318817
1981,2,1,0.08306144922971725
1981,2,2,0.1411784142255783
1981,2,3,-0.02558428980410099
1981,2,4,-0.21144895255565643
1981,2,5,-0.09314541518688202
1981,2,6,0.09066366404294968
1981,2,7,0.2889014482498169
1981,2,8,0.5000312328338623
1981,2,9,0.6876227259635925
1981,2,10,0.536107063293457
1981,2,11,0.27878713607788086
1981,2,12,0.3912946581840515
1981,2,13,0.46884602308273315
1981,2,14,0.5365321636199951
1981,2,15,0.7604891061782837
1981,2,16,0.713374137878418
1981,2,17,0.6169890761375427
1981,2,18,0.45442435145378113
1981,2,19,0.1535458117723465
1981,2,20,-0.4480094313621521
1981,2,21,-0.8122148513793945
1981,2,22,-0.954255998134613
1981,2,23,-0.5623407363891602
1981,2,24,-0.3776039183139801
1981,2,25,-0.17067289352416992
1981,2,26,-0.22265416383743286
1981,2,27,-0.6898661255836487
1981,2,28,-1.1434693336486816
1981,3,1,-1.6833908557891846
1981,3,2,-2.435028076171875
1981,3,3,-3.123283624649048
1981,3,4,-2.934194326400757
1981,3,5,-2.1805715560913086
1981,3,6,-1.2966151237487793
1981,3,7,-0.8213462233543396
1981,3,8,-1.0148265361785889
1981,3,9,-1.2915394306182861
1981,3,10,-1.5135000944137573
1981,3,11,-1.3093425035476685
1981,3,12,-0.5568504333496094
1981,3,13,-0.550201952457428
1981,3,14,-0.9516178369522095
1981,3,15,-0.787180483341217
1981,3,16,-0.698003888130188
1981,3,17,-0.7814053297042847
1981,3,18,-1.0444300174713135
1981,3,19,-0.4901253879070282
1981,3,20,0.18099285662174225
1981,3,21,0.6850599050521851
1981,3,22,0.8718620538711548
1981,3,23,0.7059638500213623
1981,3,24,0.691248893737793
1981,3,25,0.16676783561706543
1981,3,26,-0.1637108027935028
1981,3,27,-0.7002666592597961
1981,3,28,-1.4616941213607788
1981,3,29,-1.4282042980194092
1981,3,30,-1.272688627243042
1981,3,31,-1.7481662034988403
1981,4,1,-2.560328722000122
1981,4,2,-2.7965307235717773
1981,4,3,-3.1531548500061035
1981,4,4,-3.3530120849609375
1981,4,5,-3.6510818004608154
1981,4,6,-3.5306100845336914
1981,4,7,-3.45816707611084
1981,4,8,-3.1860697269439697
1981,4,9,-3.1482458114624023
1981,4,10,-3.12986421585083
1981,4,11,-2.3230669498443604
1981,4,12,-1.2470662593841553
1981,4,13,-0.8948597311973572
1981,4,14,-0.6938217282295227
1981,4,15,-0.28621312975883484
1981,4,16,0.3899432122707367
1981,4,17,0.837035596370697
1981,4,18,0.6720612049102783
1981,4,19,0.229825958609581
1981,4,20,0.0551304891705513
1981,4,21,-0.31673485040664673
1981,4,22,-0.5027344822883606
1981,4,23,-0.7058050632476807
1981,4,24,-0.7643333077430725
1981,4,25,-0.7931830286979675
1981,4,26,-0.5500912070274353
1981,4,27,-0.5832110643386841
1981,4,28,-0.725949227809906
1981,4,29,-0.8550699353218079
1981,4,30,-1.339257836341858
1981,5,1,-1.5885225534439087
1981,5,2,-1.8388038873672485
1981,5,3,-1.811825156211853
1981,5,4,-1.2026418447494507
1981,5,5,-0.5789679288864136
1981,5,6,-0.04086369276046753
1981,5,7,0.2148866206407547
1981,5,8,0.014302529394626617
1981,5,9,0.022773107513785362
1981,5,10,-0.09948989748954773
1981,5,11,-0.20428311824798584
1981,5,12,-0.33692413568496704
1981,5,13,-0.2806357145309448
1981,5,14,-0.1532553881406784
1981,5,15,-0.6151304841041565
1981,5,16,-0.8244742751121521
1981,5,17,-0.29610475897789
1981,5,18,0.26699721813201904
1981,5,19,0.6241056323051453
1981,5,20,0.16306933760643005
1981,5,21,-0.23387935757637024
1981,5,22,-0.05487696826457977
1981,5,23,0.20465105772018433
1981,5,24,0.5018507838249207
1981,5,25,0.635887861251831
1981,5,26,0.47055137157440186
1981,5,27,-0.15897440910339355
1981,5,28,-0.7509145140647888
1981,5,29,-1.000317931175232
1981,5,30,-0.7980716228485107
1981,5,31,-0.6078435778617859
1981,6,1,-0.6116120219230652
1981,6,2,-0.8953200578689575
1981,6,3,-1.5038297176361084
1981,6,4,-1.4077491760253906
1981,6,5,-0.3478528559207916
1981,6,6,0.30660340189933777
1981,6,7,0.6786155104637146
1981,6,8,1.1368190050125122
1981,6,9,0.9257886409759521
1981,6,10,0.7266250848770142
1981,6,11,0.4553132951259613
1981,6,12,0.5101742744445801
1981,6,13,0.9857775568962097
1981,6,14,1.2029404640197754
1981,6,15,1.3594073057174683
1981,6,16,1.1702895164489746
1981,6,17,0.8378570675849915
1981,6,18,0.5408289432525635
1981,6,19,0.3596077859401703
1981,6,20,0.2249870002269745
1981,6,21,0.3542490601539612
1981,6,22,0.8358676433563232
1981,6,23,1.0400539636611938
1981,6,24,1.27142333984375
1981,6,25,1.4588299989700317
1981,6,26,0.7794496417045593
1981,6,27,0.09279436618089676
1981,6,28,-0.7024491429328918
1981,6,29,-0.9405888915061951
1981,6,30,-0.746355414390564
1981,7,1,-0.6336196660995483
1981,7,2,-0.7810665369033813
1981,7,3,-0.4808383882045746
1981,7,4,-0.2360556721687317
1981,7,5,-0.47041723132133484
1981,7,6,-0.5036631226539612
1981,7,7,-0.6797024607658386
1981,7,8,-0.5986056327819824
1981,7,9,-0.3781192898750305
1981,7,10,-0.1768348067998886
1981,7,11,-0.6303487420082092
1981,7,12,-1.2181236743927002
1981,7,13,-1.382418155670166
1981,7,14,-1.3842122554779053
1981,7,15,-1.1677653789520264
1981,7,16,-1.1154907941818237
1981,7,17,-1.0669668912887573
1981,7,18,-0.5295172333717346
1981,7,19,-0.0333566777408123
1981,7,20,0.09475431591272354
1981,7,21,-0.1619756817817688
1981,7,22,-0.4575645625591278
1981,7,23,-0.893173098564148
1981,7,24,-1.1885895729064941
1981,7,25,-1.1278290748596191
1981,7,26,-1.018631100654602
1981,7,27,-1.7374297380447388
1981,7,28,-2.8239593505859375
1981,7,29,-2.859609842300415
1981,7,30,-2.197237968444824
1981,7,31,-1.705649495124817
1981,8,1,-1.8398451805114746
1981,8,2,-2.2911601066589355
1981,8,3,-2.0443782806396484
1981,8,4,-1.7934974431991577
1981,8,5,-1.2033745050430298
1981,8,6,-1.3038177490234375
1981,8,7,-1.4138031005859375
1981,8,8,-1.7172455787658691
1981,8,9,-2.1222877502441406
1981,8,10,-2.432996988296509
1981,8,11,-3.0187127590179443
1981,8,12,-3.7671029567718506
1981,8,13,-4.354373455047607
1981,8,14,-4.54525899887085
1981,8,15,-4.509939193725586
1981,8,16,-4.223110198974609
1981,8,17,-3.26516056060791
1981,8,18,-3.345123529434204
1981,8,19,-3.7697484493255615
1981,8,20,-3.1248245239257812
1981,8,21,-2.3869481086730957
1981,8,22,-1.8895959854125977
1981,8,23,-1.3244450092315674
1981,8,24,-0.8949294686317444
1981,8,25,-1.0206626653671265
1981,8,26,-1.0863908529281616
1981,8,27,-0.9205113053321838
1981,8,28,-0.47982096672058105
1981,8,29,0.5121570229530334
1981,8,30,1.02275550365448
1981,8,31,1.1615214347839355
1981,9,1,0.8202639222145081
1981,9,2,0.2230786234140396
1981,9,3,-0.3648984730243683
1981,9,4,-1.174302339553833
1981,9,5,-1.3028521537780762
1981,9,6,-1.1976219415664673
1981,9,7,-1.3335264921188354
1981,9,8,-1.7788360118865967
1981,9,9,-1.888722538948059
1981,9,10,-1.3686970472335815
1981,9,11,-0.807269811630249
1981,9,12,-0.19694267213344574
1981,9,13,-0.4303338825702667
1981,9,14,-0.787543535232544
1981,9,15,-1.2237695455551147
1981,9,16,-1.4674208164215088
1981,9,17,-1.5440529584884644
1981,9,18,-1.8738893270492554
1981,9,19,-2.056507110595703
1981,9,20,-2.0984091758728027
1981,9,21,-1.8358310461044312
1981,9,22,-1.9356166124343872
1981,9,23,-1.5313740968704224
1981,9,24,-1.675441026687622
1981,9,25,-1.9514182806015015
1981,9,26,-2.185753107070923
1981,9,27,-2.4686203002929688
1981,9,28,-2.633955240249634
1981,9,29,-2.786425828933716
1981,9,30,-2.8784468173980713
1981,10,1,-2.75657057762146
1981,10,2,-2.515684127807617
1981,10,3,-1.9763883352279663
1981,10,4,-2.0290071964263916
1981,10,5,-2.397836446762085
1981,10,6,-2.159149169921875
1981,10,7,-1.9718165397644043
1981,10,8,-1.6371735334396362
1981,10,9,-1.4863934516906738
1981,10,10,-1.1913832426071167
1981,10,11,-0.954861581325531
1981,10,12,-0.7428869605064392
1981,10,13,-0.7616206407546997
1981,10,14,-0.9411737322807312
1981,10,15,-0.8063309192657471
1981,10,16,0.05133388563990593
1981,10,17,0.5601695775985718
1981,10,18,1.2606037855148315
1981,10,19,1.5594619512557983
1981,10,20,1.5523598194122314
1981,10,21,1.5584028959274292
1981,10,22,1.238616704940796
1981,10,23,0.9194483757019043
1981,10,24,0.8739228844642639
1981,10,25,0.6914193034172058
1981,10,26,0.11212798953056335
1981,10,27,0.4778299331665039
1981,10,28,1.5057259798049927
1981,10,29,1.7091296911239624
1981,10,30,1.3470745086669922
1981,10,31,1.0523154735565186
1981,11,1,0.8902336955070496
1981,11,2,0.6330814957618713
1981,11,3,0.8220459818840027
1981,11,4,1.2391542196273804
1981,11,5,1.1246258020401
1981,11,6,1.2074403762817383
1981,11,7,1.1844956874847412
1981,11,8,0.6517608165740967
1981,11,9,0.13548576831817627
1981,11,10,0.06407219171524048
1981,11,11,0.12338458001613617
1981,11,12,0.2258581966161728
1981,11,13,0.09119390696287155
1981,11,14,0.09902899712324142
1981,11,15,0.4303278625011444
1981,11,16,0.7590974569320679
1981,11,17,0.7509963512420654
1981,11,18,0.549105703830719
1981,11,19,0.7459040284156799
1981,11,20,0.9460030794143677
1981,11,21,0.9411153793334961
1981,11,22,1.134373664855957
1981,11,23,1.261042594909668
1981,11,24,1.1607223749160767
1981,11,25,0.8040955662727356
1981,11,26,0.5830237865447998
1981,11,27,0.22362379729747772
1981,11,28,-0.03291388228535652
1981,11,29,-0.25960439443588257
1981,11,30,-0.4683992564678192
1981,12,1,-0.2557220458984375
1981,12,2,0.15095609426498413
1981,12,3,0.0027695116586983204
1981,12,4,0.19959262013435364
1981,12,5,0.781684935092926
1981,12,6,0.8528441786766052
1981,12,7,0.4179247319698334
1981,12,8,0.2647547721862793
1981,12,9,0.9440764784812927
1981,12,10,1.4185649156570435
1981,12,11,1.7026724815368652
1981,12,12,2.260732889175415
1981,12,13,2.459444284439087
1981,12,14,2.0773062705993652
1981,12,15,1.1912109851837158
1981,12,16,0.5243829488754272
1981,12,17,0.28346291184425354
1981,12,18,0.4746151566505432
1981,12,19,1.0977280139923096
1981,12,20,1.61353600025177
1981,12,21,1.7620913982391357
1981,12,22,1.9654749631881714
1981,12,23,1.8414474725723267
1981,12,24,1.7191084623336792
1981,12,25,1.5395452976226807
1981,12,26,1.37547767162323
1981,12,27,1.212846279144287
1981,12,28,0.9475557804107666
1981,12,29,0.9579952359199524
1981,12,30,0.9084370136260986
1981,12,31,0.5984209775924683
1982,1,1,0.07517851889133453
1982,1,2,-0.6001041531562805
1982,1,3,-0.6261400580406189
1982,1,4,-0.7027034759521484
1982,1,5,-0.4914972484111786
1982,1,6,-0.424801230430603
1982,1,7,-0.5841143131256104
1982,1,8,-0.4035247266292572
1982,1,9,-0.09912295639514923
1982,1,10,0.25285589694976807
1982,1,11,0.16768521070480347
1982,1,12,0.1531890332698822
1982,1,13,-0.04054398089647293
1982,1,14,-0.38177189230918884
1982,1,15,-0.7180793285369873
1982,1,16,-0.5977964997291565
1982,1,17,-0.6206581592559814
1982,1,18,-1.1657768487930298
1982,1,19,-1.0573227405548096
1982,1,20,-0.7304546236991882
1982,1,21,-0.6434195041656494
1982,1,22,-0.8298988938331604
1982,1,23,-1.250253438949585
1982,1,24,-1.045384407043457
1982,1,25,-0.7701019644737244
1982,1,26,-0.44549649953842163
1982,1,27,-0.38033193349838257
1982,1,28,-0.5121580362319946
1982,1,29,-0.6903043985366821
1982,1,30,-0.8156615495681763
1982,1,31,-0.6704334616661072
1982,2,1,-0.4509137272834778
1982,2,2,-0.4453584849834442
1982,2,3,-0.4132746756076813
1982,2,4,-0.4931265711784363
1982,2,5,-0.3915609121322632
1982,2,6,-0.15798215568065643
1982,2,7,0.01396447978913784
1982,2,8,-0.031161244958639145
1982,2,9,-0.27655377984046936
1982,2,10,-0.5739036202430725
1982,2,11,-0.8633821606636047
1982,2,12,-0.6882840991020203
1982,2,13,0.10181471705436707
1982,2,14,0.1787869930267334
1982,2,15,-0.40720826387405396
1982,2,16,-0.6516026854515076
1982,2,17,0.12147588282823563
1982,2,18,0.9436993598937988
1982,2,19,1.1166563034057617
1982,2,20,0.8655795454978943
1982,2,21,0.890622615814209
1982,2,22,1.2552900314331055
1982,2,23,1.4388976097106934
1982,2,24,1.2364436388015747
1982,2,25,1.5021723508834839
1982,2,26,1.4546869993209839
1982,2,27,1.0669625997543335
1982,2,28,1.0722357034683228
1982,3,1,1.3355463743209839
1982,3,2,1.4500219821929932
1982,3,3,1.712202787399292
1982,3,4,2.230942964553833
1982,3,5,2.0906479358673096
1982,3,6,2.0589146614074707
1982,3,7,2.2375328540802
1982,3,8,2.185473680496216
1982,3,9,2.2931034564971924
1982,3,10,2.2891552448272705
1982,3,11,1.762355089187622
1982,3,12,1.7172776460647583
1982,3,13,1.7549870014190674
1982,3,14,1.8930058479309082
1982,3,15,1.6304759979248047
1982,3,16,1.2169605493545532
1982,3,17,0.7163598537445068
1982,3,18,-0.058638960123062134
1982,3,19,-0.3104294240474701
1982,3,20,-0.22305206954479218
1982,3,21,-0.34568190574645996
1982,3,22,-0.038933366537094116
1982,3,23,0.7714916467666626
1982,3,24,1.862459421157837
1982,3,25,2.41286563873291
1982,3,26,2.5294063091278076
1982,3,27,2.146336793899536
1982,3,28,2.0181422233581543
1982,3,29,2.3063108921051025
1982,3,30,2.193881034851074
1982,3,31,2.0111842155456543
1982,4,1,2.004387617111206
1982,4,2,1.8326694965362549
1982,4,3,1.4289761781692505
1982,4,4,1.2561458349227905
1982,4,5,1.1906541585922241
1982,4,6,0.9618057608604431
1982,4,7,0.6195573210716248
1982,4,8,0.35562393069267273
1982,4,9,1.6829097270965576
1982,4,10,3.0135281085968018
1982,4,11,2.972921371459961
1982,4,12,2.486943006515503
1982,4,13,1.9999470710754395
1982,4,14,1.5721421241760254
1982,4,15,1.1401344537734985
1982,4,16,0.9632778763771057
1982,4,17,1.21389901638031
1982,4,18,1.4205700159072876
1982,4,19,1.1041501760482788
1982,4,20,1.112174153327942
1982,4,21,0.6451267004013062
1982,4,22,0.44710928201675415
1982,4,23,0.50389164686203
1982,4,24,0.8764410018920898
1982,4,25,1.3019438982009888
1982,4,26,1.4465943574905396
1982,4,27,1.8415790796279907
1982,4,28,2.4436545372009277
1982,4,29,2.5669946670532227
1982,4,30,1.8169207572937012
1982,5,1,0.9248396158218384
1982,5,2,0.3297715485095978
1982,5,3,0.5134808421134949
1982,5,4,1.2822730541229248
1982,5,5,2.154859781265259
1982,5,6,2.5685877799987793
1982,5,7,2.598853826522827
1982,5,8,2.152855396270752
1982,5,9,1.4445688724517822
1982,5,10,0.6577490568161011
1982,5,11,0.01880822144448757
1982,5,12,-0.5261580944061279
1982,5,13,-0.9827393293380737
1982,5,14,-1.014634609222412
1982,5,15,-0.6030635237693787
1982,5,16,-0.32221469283103943
1982,5,17,-0.6785836815834045
1982,5,18,-0.8724400401115417
1982,5,19,-0.9118874073028564
1982,5,20,-1.1738065481185913
1982,5,21,-1.2428282499313354
1982,5,22,-1.2390130758285522
1982,5,23,-1.0640016794204712
1982,5,24,-1.0176562070846558
1982,5,25,-0.6371440291404724
1982,5,26,-0.3484790325164795
1982,5,27,-0.054409656673669815
1982,5,28,0.19689150154590607
1982,5,29,0.24246206879615784
1982,5,30,0.3013983368873596
1982,5,31,0.7478502988815308
1982,6,1,1.3539263010025024
1982,6,2,1.2483247518539429
1982,6,3,0.9641754031181335
1982,6,4,0.7756015062332153
1982,6,5,0.4124663472175598
1982,6,6,0.425940603017807
1982,6,7,0.10039952397346497
1982,6,8,-0.3312448263168335
1982,6,9,-0.5652258396148682
1982,6,10,-1.0464836359024048
1982,6,11,-0.8220116496086121
1982,6,12,-0.1261921375989914
1982,6,13,0.5012694001197815
1982,6,14,0.7179169058799744
1982,6,15,0.5333561897277832
1982,6,16,0.7671633362770081
1982,6,17,1.5328359603881836
1982,6,18,2.0353267192840576
1982,6,19,2.038050413131714
1982,6,20,1.6900473833084106
1982,6,21,1.7318267822265625
1982,6,22,1.748009204864502
1982,6,23,1.5191720724105835
1982,6,24,1.847482681274414
1982,6,25,1.9391127824783325
1982,6,26,1.1612880229949951
1982,6,27,0.7155928015708923
1982,6,28,1.0023455619812012
1982,6,29,1.3823063373565674
1982,6,30,1.2881687879562378
1982,7,1,0.897412896156311
1982,7,2,0.17923907935619354
1982,7,3,-0.4608745872974396
1982,7,4,-0.6217894554138184
1982,7,5,-0.9214461445808411
1982,7,6,-1.2088932991027832
1982,7,7,-1.2126405239105225
1982,7,8,-1.0914063453674316
1982,7,9,-1.1810179948806763
1982,7,10,-1.2562817335128784
1982,7,11,-1.458991289138794
1982,7,12,-1.8184956312179565
1982,7,13,-2.1674156188964844
1982,7,14,-2.458467960357666
1982,7,15,-2.4948315620422363
1982,7,16,-2.227308988571167
1982,7,17,-1.7075477838516235
1982,7,18,-1.4185541868209839
1982,7,19,-0.7048122882843018
1982,7,20,0.5897124409675598
1982,7,21,1.1072500944137573
1982,7,22,0.47197896242141724
1982,7,23,0.16145962476730347
1982,7,24,0.24836194515228271
1982,7,25,0.8832632303237915
1982,7,26,1.7889156341552734
1982,7,27,1.8624557256698608
1982,7,28,1.5209991931915283
1982,7,29,1.0455684661865234
1982,7,30,0.5807704329490662
1982,7,31,0.6004399657249451
1982,8,1,0.5964180827140808
1982,8,2,0.5361128449440002
1982,8,3,1.3018205165863037
1982,8,4,1.5043507814407349
1982,8,5,1.7171707153320312
1982,8,6,1.6759870052337646
1982,8,7,1.1622881889343262
1982,8,8,0.6978707909584045
1982,8,9,0.4252021610736847
1982,8,10,0.40977540612220764
1982,8,11,0.43714335560798645
1982,8,12,0.31196582317352295
1982,8,13,0.2195010781288147
1982,8,14,0.7222137451171875
1982,8,15,1.307433009147644
1982,8,16,1.2713091373443604
1982,8,17,0.2710552215576172
1982,8,18,-0.4885769486427307
1982,8,19,-0.7922655940055847
1982,8,20,-0.5195391178131104
1982,8,21,-0.5552859902381897
1982,8,22,-0.2890057861804962
1982,8,23,0.12789669632911682
1982,8,24,0.7471804022789001
1982,8,25,1.4891985654830933
1982,8,26,1.9081766605377197
1982,8,27,2.112990140914917
1982,8,28,1.7132863998413086
1982,8,29,1.3220545053482056
1982,8,30,1.0340255498886108
1982,8,31,0.8377678394317627
1982,9,1,0.9606249928474426
1982,9,2,0.8158947825431824
1982,9,3,0.5229844450950623
1982,9,4,0.8159841299057007
1982,9,5,1.5892900228500366
1982,9,6,1.6944767236709595
1982,9,7,1.5345224142074585
1982,9,8,1.2603524923324585
1982,9,9,1.3014650344848633
1982,9,10,1.6150416135787964
1982,9,11,1.81105637550354
1982,9,12,2.4129645824432373
1982,9,13,2.835197687149048
1982,9,14,2.810011863708496
1982,9,15,2.6409378051757812
1982,9,16,2.024876356124878
1982,9,17,1.0611015558242798
1982,9,18,0.6757935881614685
1982,9,19,0.9085959196090698
1982,9,20,1.6725541353225708
1982,9,21,2.1333401203155518
1982,9,22,2.26029109954834
1982,9,23,1.9743961095809937
1982,9,24,1.8564069271087646
1982,9,25,1.1816987991333008
1982,9,26,0.8116028308868408
1982,9,27,0.5129373073577881
1982,9,28,0.7049390077590942
1982,9,29,1.487993597984314
1982,9,30,1.7414952516555786
1982,10,1,1.6120280027389526
1982,10,2,1.4711076021194458
1982,10,3,0.9927295446395874
1982,10,4,0.07559461891651154
1982,10,5,-0.4059950113296509
1982,10,6,-0.8816651701927185
1982,10,7,-1.3638743162155151
1982,10,8,-1.50802481174469
1982,10,9,-1.291761875152588
1982,10,10,-1.3960729837417603
1982,10,11,-1.455862283706665
1982,10,12,-1.2922289371490479
1982,10,13,-0.9393430948257446
1982,10,14,-1.0054266452789307
1982,10,15,-1.4073326587677002
1982,10,16,-1.6644824743270874
1982,10,17,-1.7247618436813354
1982,10,18,-1.271263837814331
1982,10,19,-0.48730459809303284
1982,10,20,-0.3903231620788574
1982,10,21,-0.7622205018997192
1982,10,22,-1.0305002927780151
1982,10,23,-0.7465458512306213
1982,10,24,-0.36944591999053955
1982,10,25,-0.1273268312215805
1982,10,26,0.14008988440036774
1982,10,27,-0.21548143029212952
1982,10,28,-1.2622547149658203
1982,10,29,-1.5429517030715942
1982,10,30,-0.7738403677940369
1982,10,31,-0.04364243149757385
1982,11,1,-0.09866820275783539
1982,11,2,-0.0030619287863373756
1982,11,3,0.058647654950618744
1982,11,4,-0.09620049595832825
1982,11,5,-0.5347051620483398
1982,11,6,-1.0593972206115723
1982,11,7,-1.1673599481582642
1982,11,8,-0.9810054898262024
1982,11,9,-0.849919855594635
1982,11,10,-1.1304664611816406
1982,11,11,-1.1609611511230469
1982,11,12,-1.0318127870559692
1982,11,13,-0.9043076038360596
1982,11,14,-0.6497034430503845
1982,11,15,-0.21975193917751312
1982,11,16,-0.17607268691062927
1982,11,17,-0.08766449987888336
1982,11,18,-0.07760897278785706
1982,11,19,-0.3787533640861511
1982,11,20,-0.9043521881103516
1982,11,21,-1.5754308700561523
1982,11,22,-1.7176833152770996
1982,11,23,-1.5286226272583008
1982,11,24,-1.5260969400405884
1982,11,25,-1.7803183794021606
1982,11,26,-1.5435540676116943
1982,11,27,-1.1813552379608154
1982,11,28,-0.8843865990638733
1982,11,29,-0.7356120944023132
1982,11,30,-0.7112988829612732
1982,12,1,-0.9225136041641235
1982,12,2,-0.971704363822937
1982,12,3,-0.8221243619918823
1982,12,4,-0.5758551359176636
1982,12,5,-0.7361035346984863
1982,12,6,-0.7943220734596252
1982,12,7,-0.7454454898834229
1982,12,8,-0.6199349164962769
1982,12,9,-1.0296781063079834
1982,12,10,-1.8388322591781616
1982,12,11,-2.351614236831665
1982,12,12,-2.844550609588623
1982,12,13,-2.8813066482543945
1982,12,14,-2.7981016635894775
1982,12,15,-2.8728768825531006
1982,12,16,-2.6247308254241943
1982,12,17,-2.504495143890381
1982,12,18,-2.4099838733673096
1982,12,19,-2.233738660812378
1982,12,20,-2.055431842803955
1982,12,21,-1.715258002281189
1982,12,22,-1.5958163738250732
1982,12,23,-1.6864687204360962
1982,12,24,-1.9360673427581787
1982,12,25,-2.2709946632385254
1982,12,26,-2.2563858032226562
1982,12,27,-2.2407572269439697
1982,12,28,-2.3659908771514893
1982,12,29,-2.52392578125
1982,12,30,-2.3422396183013916
1982,12,31,-2.3070030212402344
1983,1,1,-1.8937427997589111
1983,1,2,-1.2307984828948975
1983,1,3,-0.7174330353736877
1983,1,4,-0.6352773308753967
1983,1,5,-0.9723795652389526
1983,1,6,-1.6522730588912964
1983,1,7,-1.9734164476394653
1983,1,8,-2.257232904434204
1983,1,9,-2.4569132328033447
1983,1,10,-2.0431203842163086
1983,1,11,-1.349575400352478
1983,1,12,-0.4681600332260132
1983,1,13,-0.2490430623292923
1983,1,14,-0.61224365234375
1983,1,15,-0.4483537971973419
1983,1,16,-0.6213969588279724
1983,1,17,-0.8512855172157288
1983,1,18,-1.2140324115753174
1983,1,19,-1.6524156332015991
1983,1,20,-1.881245732307434
1983,1,21,-1.7831692695617676
1983,1,22,-1.6885024309158325
1983,1,23,-1.4963024854660034
1983,1,24,-1.103100299835205
1983,1,25,-0.8487122058868408
1983,1,26,-1.0086933374404907
1983,1,27,-1.086942434310913
1983,1,28,-1.132797122001648
1983,1,29,-1.404502034187317
1983,1,30,-1.6256375312805176
1983,1,31,-1.7838000059127808
1983,2,1,-2.043091058731079
1983,2,2,-2.071251153945923
1983,2,3,-1.9216340780258179
1983,2,4,-2.1092894077301025
1983,2,5,-2.533397912979126
1983,2,6,-2.6349406242370605
1983,2,7,-2.793804883956909
1983,2,8,-2.9357168674468994
1983,2,9,-2.9935829639434814
1983,2,10,-2.8567919731140137
1983,2,11,-2.2859389781951904
1983,2,12,-1.5270886421203613
1983,2,13,-0.5622623562812805
1983,2,14,0.0029529242310673
1983,2,15,0.0388648696243763
1983,2,16,0.13604852557182312
1983,2,17,0.08000420778989792
1983,2,18,0.37589579820632935
1983,2,19,0.7118317484855652
1983,2,20,0.5548714399337769
1983,2,21,-0.0499858558177948
1983,2,22,-0.41069161891937256
1983,2,23,-0.45835503935813904
1983,2,24,-0.47890809178352356
1983,2,25,-0.43978068232536316
1983,2,26,-0.314048707485199
1983,2,27,-0.03365567326545715
1983,2,28,0.30956971645355225
1983,3,1,0.30814504623413086
1983,3,2,-0.03281779587268829
1983,3,3,-0.522224485874176
1983,3,4,-1.1050338745117188
1983,3,5,-1.1172457933425903
1983,3,6,-0.6329730749130249
1983,3,7,-0.030310342088341713
1983,3,8,0.32642465829849243
1983,3,9,0.24584731459617615
1983,3,10,0.4148491621017456
1983,3,11,0.5021983981132507
1983,3,12,0.5022193789482117
1983,3,13,0.5259465575218201
1983,3,14,0.7878262996673584
1983,3,15,1.128767728805542
1983,3,16,1.1788986921310425
1983,3,17,1.2724636793136597
1983,3,18,1.049032211303711
1983,3,19,0.4860627055168152
1983,3,20,0.686469316482544
1983,3,21,1.1224980354309082
1983,3,22,1.0475914478302002
1983,3,23,0.6558683514595032
1983,3,24,0.22318296134471893
1983,3,25,-0.5866015553474426
1983,3,26,-0.9905911087989807
1983,3,27,-0.7310449481010437
1983,3,28,-0.4297628104686737
1983,3,29,-0.5295411944389343
1983,3,30,-0.5492528080940247
1983,3,31,-0.31186774373054504
1983,4,1,0.16599351167678833
1983,4,2,-0.13491393625736237
1983,4,3,-0.7130641341209412
1983,4,4,-1.0948314666748047
1983,4,5,-0.6190009713172913
1983,4,6,0.2047334909439087
1983,4,7,0.2621828317642212
1983,4,8,0.2037126123905182
1983,4,9,-0.11046484857797623
1983,4,10,-0.06667405366897583
1983,4,11,0.08048427850008011
1983,4,12,0.032296404242515564
1983,4,13,-0.5709579586982727
1983,4,14,-0.8350433111190796
1983,4,15,0.04687727242708206
1983,4,16,1.1897221803665161
1983,4,17,1.6714028120040894
1983,4,18,1.4325120449066162
1983,4,19,0.460685670375824
1983,4,20,0.08810847252607346
1983,4,21,0.30552273988723755
1983,4,22,0.7196065783500671
1983,4,23,0.7722879648208618
1983,4,24,0.3128744959831238
1983,4,25,0.23317761719226837
1983,4,26,0.29121842980384827
1983,4,27,-0.09975103288888931
1983,4,28,0.08556864410638809
1983,4,29,0.11216108500957489
1983,4,30,-0.18065990507602692
1983,5,1,-0.07162680476903915
1983,5,2,0.11644776165485382
1983,5,3,-0.6005040407180786
1983,5,4,-1.2945082187652588
1983,5,5,-1.6557559967041016
1983,5,6,-1.6169723272323608
1983,5,7,-1.3105099201202393
1983,5,8,-0.8483964204788208
1983,5,9,-0.30791088938713074
1983,5,10,-0.20774199068546295
1983,5,11,0.10265392810106277
1983,5,12,0.6750985383987427
1983,5,13,1.2134621143341064
1983,5,14,1.132400631904602
1983,5,15,0.6659451723098755
1983,5,16,0.554824948310852
1983,5,17,0.6324408650398254
1983,5,18,1.0045394897460938
1983,5,19,1.0826680660247803
1983,5,20,0.7069506049156189
1983,5,21,0.5350972414016724
1983,5,22,0.27163878083229065
1983,5,23,0.32024329900741577
1983,5,24,-0.25792205333709717
1983,5,25,-1.6192190647125244
1983,5,26,-2.694983959197998
1983,5,27,-3.236996650695801
1983,5,28,-3.0472941398620605
1983,5,29,-2.1762948036193848
1983,5,30,-0.9594364762306213
1983,5,31,-0.2536405324935913
1983,6,1,0.17146870493888855
1983,6,2,0.7796874642372131
1983,6,3,1.017747402191162
1983,6,4,0.5421725511550903
1983,6,5,0.14038071036338806
1983,6,6,0.4735952913761139
1983,6,7,0.8652717471122742
1983,6,8,0.8462809324264526
1983,6,9,0.5574719309806824
1983,6,10,1.3110694885253906
1983,6,11,2.117992401123047
1983,6,12,2.839897632598877
1983,6,13,2.7493889331817627
1983,6,14,1.911503791809082
1983,6,15,1.6371859312057495
1983,6,16,1.6814569234848022
1983,6,17,0.6742252111434937
1983,6,18,-0.5537598729133606
1983,6,19,-1.27629554271698
1983,6,20,-1.299596905708313
1983,6,21,-2.00642466545105
1983,6,22,-2.7348110675811768
1983,6,23,-3.3180744647979736
1983,6,24,-3.6936848163604736
1983,6,25,-3.6165473461151123
1983,6,26,-2.912217617034912
1983,6,27,-2.612583875656128
1983,6,28,-2.0735585689544678
1983,6,29,-1.2200326919555664
1983,6,30,-0.6761342287063599
1983,7,1,-0.5463746786117554
1983,7,2,-0.32790499925613403
1983,7,3,-0.4181757867336273
1983,7,4,-0.9174991846084595
1983,7,5,-0.9757731556892395
1983,7,6,-0.30926603078842163
1983,7,7,0.9158911108970642
1983,7,8,1.978548526763916
1983,7,9,2.1743786334991455
1983,7,10,1.6286070346832275
1983,7,11,0.7899724245071411
1983,7,12,0.07297108322381973
1983,7,13,-0.26486143469810486
1983,7,14,-0.16140057146549225
1983,7,15,0.2978491187095642
1983,7,16,0.7578471302986145
1983,7,17,1.0054353475570679
1983,7,18,1.0385160446166992
1983,7,19,0.913486659526825
1983,7,20,0.5168466567993164
1983,7,21,0.2465527355670929
1983,7,22,0.5526909828186035
1983,7,23,1.3402173519134521
1983,7,24,2.174520969390869
1983,7,25,2.753976821899414
1983,7,26,3.053844690322876
1983,7,27,3.2277755737304688
1983,7,28,3.185417652130127
1983,7,29,2.9825656414031982
1983,7,30,2.9133965969085693
1983,7,31,2.6217966079711914
1983,8,1,2.445345163345337
1983,8,2,2.4997479915618896
1983,8,3,2.597578763961792
1983,8,4,2.159043788909912
1983,8,5,2.194270133972168
1983,8,6,2.7731096744537354
1983,8,7,3.4555258750915527
1983,8,8,3.4417521953582764
1983,8,9,2.861098527908325
1983,8,10,2.1232478618621826
1983,8,11,1.7124546766281128
1983,8,12,1.3654433488845825
1983,8,13,0.8859601616859436
1983,8,14,0.8210422992706299
1983,8,15,1.1020663976669312
1983,8,16,0.9570637345314026
1983,8,17,0.37991905212402344
1983,8,18,-0.00618893513455987
1983,8,19,-0.4916343092918396
1983,8,20,-0.6431427001953125
1983,8,21,-1.0361154079437256
1983,8,22,-0.9901212453842163
1983,8,23,-0.455765038728714
1983,8,24,-0.2748282849788666
1983,8,25,-0.18669350445270538
1983,8,26,-0.39588361978530884
1983,8,27,-0.7963048815727234
1983,8,28,-1.199589490890503
1983,8,29,-1.4247426986694336
1983,8,30,-1.1896427869796753
1983,8,31,-1.087564468383789
1983,9,1,-1.8274427652359009
1983,9,2,-2.5417935848236084
1983,9,3,-2.452897548675537
1983,9,4,-1.8748334646224976
1983,9,5,-1.180609107017517
1983,9,6,-0.564204752445221
1983,9,7,0.10435327887535095
1983,9,8,0.3067905008792877
1983,9,9,0.4203227758407593
1983,9,10,0.12122749537229538
1983,9,11,-0.7539957761764526
1983,9,12,-1.8943864107131958
1983,9,13,-2.5567121505737305
1983,9,14,-3.0564863681793213
1983,9,15,-3.363758087158203
1983,9,16,-3.0437629222869873
1983,9,17,-1.902176022529602
1983,9,18,-0.8361862301826477
1983,9,19,-0.23072099685668945
1983,9,20,0.0738096609711647
1983,9,21,0.4460144340991974
1983,9,22,0.5235097408294678
1983,9,23,0.2604306638240814
1983,9,24,0.6025269031524658
1983,9,25,0.9867163896560669
1983,9,26,0.7806315422058105
1983,9,27,0.3623349070549011
1983,9,28,0.5755784511566162
1983,9,29,0.8670371770858765
1983,9,30,1.442807674407959
1983,10,1,2.0126283168792725
1983,10,2,1.8532154560089111
1983,10,3,1.8569940328598022
1983,10,4,2.322807550430298
1983,10,5,2.78108549118042
1983,10,6,2.9645280838012695
1983,10,7,2.751129627227783
1983,10,8,2.2146832942962646
1983,10,9,1.8493211269378662
1983,10,10,1.8096381425857544
1983,10,11,1.213226556777954
1983,10,12,0.9073078632354736
1983,10,13,0.5109674334526062
1983,10,14,0.1461324393749237
1983,10,15,-0.3209143579006195
1983,10,16,-1.0425137281417847
1983,10,17,-1.2953615188598633
1983,10,18,-1.2455008029937744
1983,10,19,-1.5773155689239502
1983,10,20,-1.606716513633728
1983,10,21,-0.672366738319397
1983,10,22,0.9259819388389587
1983,10,23,1.5050307512283325
1983,10,24,1.2212722301483154
1983,10,25,1.3743832111358643
1983,10,26,1.991498351097107
1983,10,27,2.2978250980377197
1983,10,28,2.224515438079834
1983,10,29,2.1806838512420654
1983,10,30,2.311716318130493
1983,10,31,2.1295809745788574
1983,11,1,1.7871472835540771
1983,11,2,1.3998000621795654
1983,11,3,1.7636500597000122
1983,11,4,2.0765058994293213
1983,11,5,2.009490489959717
1983,11,6,1.69933021068573
1983,11,7,1.0752476453781128
1983,11,8,0.05616941303014755
1983,11,9,-0.27915093302726746
1983,11,10,-0.15492375195026398
1983,11,11,-0.24532677233219147
1983,11,12,-0.0455169640481472
1983,11,13,0.10420464724302292
1983,11,14,-0.1238458901643753
1983,11,15,-0.3604704737663269
1983,11,16,-0.20513826608657837
1983,11,17,-0.14976850152015686
1983,11,18,-0.19854199886322021
1983,11,19,-0.272919625043869
1983,11,20,0.07708269357681274
1983,11,21,0.5838251709938049
1983,11,22,0.8272709846496582
1983,11,23,0.8997689485549927
1983,11,24,0.7427482604980469
1983,11,25,1.175836205482483
1983,11,26,1.4297916889190674
1983,11,27,1.4821337461471558
1983,11,28,1.3976624011993408
1983,11,29,1.3315627574920654
1983,11,30,1.0829147100448608
1983,12,1,0.6448050141334534
1983,12,2,0.6784019470214844
1983,12,3,0.7386135458946228
1983,12,4,0.5245166420936584
1983,12,5,0.5813435912132263
1983,12,6,0.5341737866401672
1983,12,7,0.2766444683074951
1983,12,8,0.062028102576732635
1983,12,9,0.5926607847213745
1983,12,10,1.1175278425216675
1983,12,11,1.0351130962371826
1983,12,12,0.322056382894516
1983,12,13,0.029414357617497444
1983,12,14,0.2817603647708893
1983,12,15,0.3490457236766815
1983,12,16,0.12333132326602936
1983,12,17,-0.015436990186572075
1983,12,18,-0.04323701933026314
1983,12,19,-0.05849466100335121
1983,12,20,0.05440691113471985
1983,12,21,0.6107391119003296
1983,12,22,0.44919559359550476
1983,12,23,-0.2507934272289276
1983,12,24,-0.6907274127006531
1983,12,25,-0.6335318088531494
1983,12,26,0.04717911407351494
1983,12,27,0.6403695344924927
1983,12,28,1.3011412620544434
1983,12,29,1.798653483390808
1983,12,30,1.7533594369888306
1983,12,31,1.2803921699523926
1984,1,1,0.5044188499450684
1984,1,2,-0.44311317801475525
1984,1,3,-0.7098070383071899
1984,1,4,-0.7137150764465332
1984,1,5,-0.8890588879585266
1984,1,6,-0.9670032858848572
1984,1,7,-0.5522081851959229
1984,1,8,-0.19248856604099274
1984,1,9,-0.006099365651607513
1984,1,10,-0.005655588582158089
1984,1,11,-0.3178515136241913
1984,1,12,-0.34849587082862854
1984,1,13,-0.33677491545677185
1984,1,14,-0.44411560893058777
1984,1,15,-0.34884509444236755
1984,1,16,-0.41645941138267517
1984,1,17,-0.844245970249176
1984,1,18,-1.5706435441970825
1984,1,19,-2.189495801925659
1984,1,20,-2.2883410453796387
1984,1,21,-2.0944647789001465
1984,1,22,-1.8943723440170288
1984,1,23,-1.437240481376648
1984,1,24,-1.0838091373443604
1984,1,25,-1.033003807067871
1984,1,26,-1.2138466835021973
1984,1,27,-1.8322635889053345
1984,1,28,-2.246445417404175
1984,1,29,-2.3754754066467285
1984,1,30,-2.2704789638519287
1984,1,31,-2.320619821548462
1984,2,1,-2.589421510696411
1984,2,2,-2.7558348178863525
1984,2,3,-2.6373984813690186
1984,2,4,-2.3332862854003906
1984,2,5,-2.170912027359009
1984,2,6,-2.0347375869750977
1984,2,7,-1.8727624416351318
1984,2,8,-1.4144526720046997
1984,2,9,-0.9472268223762512
1984,2,10,-0.20261432230472565
1984,2,11,0.15470768511295319
1984,2,12,0.31291064620018005
1984,2,13,0.36048489809036255
1984,2,14,0.36594852805137634
1984,2,15,0.558103621006012
1984,2,16,0.6940969228744507
1984,2,17,0.7300318479537964
1984,2,18,0.8044673800468445
1984,2,19,0.5522240400314331
1984,2,20,-0.06627924740314484
1984,2,21,-0.3470537066459656
1984,2,22,0.1618822067975998
1984,2,23,0.14092521369457245
1984,2,24,-0.664208710193634
1984,2,25,-0.620668351650238
1984,2,26,-0.1747145801782608
1984,2,27,-0.14584733545780182
1984,2,28,0.06748618930578232
1984,2,29,0.7994191646575928
1984,3,1,1.3091306686401367
1984,3,2,1.070690393447876
1984,3,3,0.3785915970802307
1984,3,4,-0.2894965410232544
1984,3,5,-0.4389907121658325
1984,3,6,-0.5478897094726562
1984,3,7,-0.6257364749908447
1984,3,8,-0.5871330499649048
1984,3,9,-0.15030305087566376
1984,3,10,0.3286491632461548
1984,3,11,0.42069852352142334
1984,3,12,0.3501765727996826
1984,3,13,0.2943703830242157
1984,3,14,0.3742991089820862
1984,3,15,0.43347886204719543
1984,3,16,0.3703934848308563
1984,3,17,0.3525610566139221
1984,3,18,0.2523890435695648
1984,3,19,0.5250347256660461
1984,3,20,0.5528038740158081
1984,3,21,0.43376752734184265
1984,3,22,0.2796693444252014
1984,3,23,0.12710602581501007
1984,3,24,-0.1366528868675232
1984,3,25,-0.7198508977890015
1984,3,26,-0.6647534370422363
1984,3,27,-0.05344163998961449
1984,3,28,0.6764677166938782
1984,3,29,1.2020004987716675
1984,3,30,1.1526647806167603
1984,3,31,0.7504119873046875
1984,4,1,0.7229396104812622
1984,4,2,0.5004088282585144
1984,4,3,0.19697485864162445
1984,4,4,-0.13009580969810486
1984,4,5,-0.0490557886660099
1984,4,6,-0.672472357749939
1984,4,7,-1.3107573986053467
1984,4,8,-1.1349031925201416
1984,4,9,-0.9470909237861633
1984,4,10,-0.672589123249054
1984,4,11,-0.5081819295883179
1984,4,12,-0.5035749673843384
1984,4,13,-0.5870335102081299
1984,4,14,-0.5703744292259216
1984,4,15,-0.342771977186203
1984,4,16,0.008919765241444111
1984,4,17,0.5299384593963623
1984,4,18,0.6587575078010559
1984,4,19,0.6245585680007935
1984,4,20,0.579522430896759
1984,4,21,0.5605923533439636
1984,4,22,0.404177725315094
1984,4,23,0.055729907006025314
1984,4,24,-0.267184317111969
1984,4,25,-0.4190373718738556
1984,4,26,-0.9444588422775269
1984,4,27,-1.0409148931503296
1984,4,28,-0.4844469428062439
1984,4,29,0.010211870074272156
1984,4,30,-0.2475791573524475
1984,5,1,-0.9552779197692871
1984,5,2,-0.9006845355033875
1984,5,3,-0.01642373576760292
1984,5,4,0.316131055355072
1984,5,5,0.02863200381398201
1984,5,6,-0.5351817011833191
1984,5,7,-0.9506513476371765
1984,5,8,-1.0081627368927002
1984,5,9,-0.7358095049858093
1984,5,10,-0.944103479385376
1984,5,11,-1.3198590278625488
1984,5,12,-2.0338656902313232
1984,5,13,-3.052447557449341
1984,5,14,-2.8953237533569336
1984,5,15,-2.791780948638916
1984,5,16,-3.0966742038726807
1984,5,17,-3.142301321029663
1984,5,18,-2.6750829219818115
1984,5,19,-1.9307405948638916
1984,5,20,-1.3150752782821655
1984,5,21,-0.9796067476272583
1984,5,22,-1.1496257781982422
1984,5,23,-1.6925370693206787
1984,5,24,-1.12839937210083
1984,5,25,-0.22638431191444397
1984,5,26,0.14808163046836853
1984,5,27,-0.25275948643684387
1984,5,28,-1.1333516836166382
1984,5,29,-1.1313098669052124
1984,5,30,-0.2018759846687317
1984,5,31,0.6411661505699158
1984,6,1,0.6143648028373718
1984,6,2,0.3573366701602936
1984,6,3,-0.004830216523259878
1984,6,4,-0.047309137880802155
1984,6,5,0.4186460077762604
1984,6,6,0.8756151795387268
1984,6,7,0.9051565527915955
1984,6,8,0.8011523485183716
1984,6,9,0.6387065649032593
1984,6,10,0.6002798080444336
1984,6,11,0.27378085255622864
1984,6,12,0.07916876673698425
1984,6,13,0.5686211585998535
1984,6,14,0.9303256869316101
1984,6,15,0.904089629650116
1984,6,16,0.5037485957145691
1984,6,17,0.08678309619426727
1984,6,18,0.33245962858200073
1984,6,19,0.38583794236183167
1984,6,20,0.5595902800559998
1984,6,21,0.6874643564224243
1984,6,22,0.6751785278320312
1984,6,23,0.8262174129486084
1984,6,24,0.9030184745788574
1984,6,25,0.7928234934806824
1984,6,26,0.6369960904121399
1984,6,27,0.221868097782135
1984,6,28,-0.45779478549957275
1984,6,29,-0.9977002143859863
1984,6,30,-0.8214219212532043
1984,7,1,-0.5030288696289062
1984,7,2,-0.5542777180671692
1984,7,3,-0.6427711248397827
1984,7,4,-0.8870635628700256
1984,7,5,-0.809356689453125
1984,7,6,-1.0433411598205566
1984,7,7,-1.1994895935058594
1984,7,8,-0.8233609199523926
1984,7,9,0.33032354712486267
1984,7,10,0.5637001395225525
1984,7,11,0.39604780077934265
1984,7,12,0.37750178575515747
1984,7,13,0.7654333114624023
1984,7,14,0.5748816728591919
1984,7,15,-0.06231052801012993
1984,7,16,0.05551368370652199
1984,7,17,0.8508129119873047
1984,7,18,1.9786250591278076
1984,7,19,2.8173859119415283
1984,7,20,2.603219985961914
1984,7,21,2.223242998123169
1984,7,22,2.34259033203125
1984,7,23,2.2302279472351074
1984,7,24,2.4362924098968506
1984,7,25,2.4291460514068604
1984,7,26,2.1324424743652344
1984,7,27,2.2779505252838135
1984,7,28,2.326784610748291
1984,7,29,1.7507615089416504
1984,7,30,0.9312496781349182
1984,7,31,0.643726646900177
1984,8,1,0.05469059944152832
1984,8,2,-0.39841997623443604
1984,8,3,-1.0258218050003052
1984,8,4,-1.3918763399124146
1984,8,5,-1.7574416399002075
1984,8,6,-1.8366408348083496
1984,8,7,-0.8536186814308167
1984,8,8,-0.00908589456230402
1984,8,9,0.5304656028747559
1984,8,10,1.1302297115325928
1984,8,11,0.9886642694473267
1984,8,12,0.45020586252212524
1984,8,13,0.20330695807933807
1984,8,14,0.26680439710617065
1984,8,15,0.10781120508909225
1984,8,16,-0.17057225108146667
1984,8,17,0.04891243204474449
1984,8,18,-0.11562422662973404
1984,8,19,-0.4409812092781067
1984,8,20,-0.5887690186500549
1984,8,21,-0.49320346117019653
1984,8,22,-1.1403989791870117
1984,8,23,-1.6208734512329102
1984,8,24,-1.0735690593719482
1984,8,25,-1.2001397609710693
1984,8,26,-1.869539499282837
1984,8,27,-1.7245920896530151
1984,8,28,-1.5071924924850464
1984,8,29,-0.8009033799171448
1984,8,30,-0.19254985451698303
1984,8,31,-0.03712629899382591
1984,9,1,0.184431254863739
1984,9,2,-0.032416824251413345
1984,9,3,-0.3474993407726288
1984,9,4,-0.1172160729765892
1984,9,5,-0.06673691421747208
1984,9,6,-0.491150438785553
1984,9,7,-0.5750036239624023
1984,9,8,-0.6813752055168152
1984,9,9,-0.4002121090888977
1984,9,10,-0.18659722805023193
1984,9,11,0.039764612913131714
1984,9,12,0.829960823059082
1984,9,13,1.2135913372039795
1984,9,14,0.9235542416572571
1984,9,15,0.835272490978241
1984,9,16,1.2155596017837524
1984,9,17,1.324637532234192
1984,9,18,1.1702561378479004
1984,9,19,0.8325265049934387
1984,9,20,0.6476761102676392
1984,9,21,0.6069163084030151
1984,9,22,0.5355401635169983
1984,9,23,0.5828145146369934
1984,9,24,0.7041524052619934
1984,9,25,0.7904757261276245
1984,9,26,0.3448711931705475
1984,9,27,-0.24314281344413757
1984,9,28,-0.030583741143345833
1984,9,29,0.03974715247750282
1984,9,30,-0.2661554217338562
1984,10,1,0.12690778076648712
1984,10,2,0.3055042028427124
1984,10,3,-0.6345947980880737
1984,10,4,-0.8141227960586548
1984,10,5,0.38937821984291077
1984,10,6,1.1868133544921875
1984,10,7,0.9549434185028076
1984,10,8,0.4997508227825165
1984,10,9,0.6408855319023132
1984,10,10,0.17459411919116974
1984,10,11,-0.16611343622207642
1984,10,12,0.1418466567993164
1984,10,13,0.30424848198890686
1984,10,14,0.21402454376220703
1984,10,15,0.3374040424823761
1984,10,16,0.7642217874526978
1984,10,17,1.2411702871322632
1984,10,18,1.1708402633666992
1984,10,19,0.8218621015548706
1984,10,20,0.34409478306770325
1984,10,21,-0.2381151169538498
1984,10,22,-0.5333880186080933
1984,10,23,-0.6255200505256653
1984,10,24,-0.4886288642883301
1984,10,25,-0.6407358646392822
1984,10,26,-1.0563623905181885
1984,10,27,-1.2853363752365112
1984,10,28,-1.1806243658065796
1984,10,29,-0.8957545161247253
1984,10,30,-0.7238404154777527
1984,10,31,-0.6933984160423279
1984,11,1,-0.3744276463985443
1984,11,2,-0.4872657358646393
1984,11,3,0.1080271452665329
1984,11,4,0.7148398756980896
1984,11,5,1.107109546661377
1984,11,6,1.1902128458023071
1984,11,7,0.5830934047698975
1984,11,8,-0.3306776285171509
1984,11,9,-0.9426859021186829
1984,11,10,-1.1022098064422607
1984,11,11,-0.9354594349861145
1984,11,12,-0.56502765417099
1984,11,13,-0.21268489956855774
1984,11,14,-0.04989253357052803
1984,11,15,-0.18337973952293396
1984,11,16,0.12056247144937515
1984,11,17,-0.03005649894475937
1984,11,18,-0.5028650760650635
1984,11,19,-0.3585941195487976
1984,11,20,0.05540265142917633
1984,11,21,0.7087133526802063
1984,11,22,1.147068738937378
1984,11,23,1.056570053100586
1984,11,24,0.5215073227882385
1984,11,25,-0.32172515988349915
1984,11,26,-0.5725399255752563
1984,11,27,-0.5492036938667297
1984,11,28,-0.265256404876709
1984,11,29,0.003094819374382496
1984,11,30,-0.3050248920917511
1984,12,1,-0.3772050440311432
1984,12,2,0.020006490871310234
1984,12,3,-0.06471893191337585
1984,12,4,-0.5481855273246765
1984,12,5,-0.8969689607620239
1984,12,6,-1.3738036155700684
1984,12,7,-1.1410547494888306
1984,12,8,-0.7487497329711914
1984,12,9,-0.7251997590065002
1984,12,10,-1.2582616806030273
1984,12,11,-2.1248281002044678
1984,12,12,-2.274726629257202
1984,12,13,-1.964691400527954
1984,12,14,-1.7193968296051025
1984,12,15,-1.9241527318954468
1984,12,16,-2.259322166442871
1984,12,17,-2.5841171741485596
1984,12,18,-2.5524098873138428
1984,12,19,-2.4417712688446045
1984,12,20,-1.9775888919830322
1984,12,21,-1.4198806285858154
1984,12,22,-1.3663614988327026
1984,12,23,-1.797032117843628
1984,12,24,-1.840714931488037
1984,12,25,-1.674155831336975
1984,12,26,-1.3663707971572876
1984,12,27,-1.1228790283203125
1984,12,28,-1.137043833732605
1984,12,29,-1.196577787399292
1984,12,30,-1.1581439971923828
1984,12,31,-1.1651182174682617
1985,1,1,-1.0262519121170044
1985,1,2,-0.745505154132843
1985,1,3,-0.8989318013191223
1985,1,4,-1.2623449563980103
1985,1,5,-1.6273322105407715
1985,1,6,-1.7423574924468994
1985,1,7,-1.4377012252807617
1985,1,8,-1.1823657751083374
1985,1,9,-1.3712546825408936
1985,1,10,-1.7944790124893188
1985,1,11,-1.6941026449203491
1985,1,12,-1.2299102544784546
1985,1,13,-0.8482858538627625
1985,1,14,-0.7987735271453857
1985,1,15,-0.8809055089950562
1985,1,16,-0.6682165265083313
1985,1,17,-0.4044019877910614
1985,1,18,0.07433158904314041
1985,1,19,0.05218878388404846
1985,1,20,-0.4328683614730835
1985,1,21,-0.5877515077590942
1985,1,22,-0.49150243401527405
1985,1,23,-0.07277777791023254
1985,1,24,-0.27638670802116394
1985,1,25,-0.3300953209400177
1985,1,26,-0.2791726887226105
1985,1,27,-0.19419051706790924
1985,1,28,-0.2912810444831848
1985,1,29,-0.46056899428367615
1985,1,30,-0.394721657037735
1985,1,31,-0.5353933572769165
1985,2,1,-0.8771933913230896
1985,2,2,-1.0362509489059448
1985,2,3,-0.9447137117385864
1985,2,4,-0.8857362866401672
1985,2,5,-0.926485002040863
1985,2,6,-0.8212099075317383
1985,2,7,-0.8182228803634644
1985,2,8,-0.6729499101638794
1985,2,9,-0.3380884826183319
1985,2,10,0.06969509273767471
1985,2,11,0.6070387363433838
1985,2,12,0.8184964656829834
1985,2,13,1.1311160326004028
1985,2,14,1.6887093782424927
1985,2,15,1.7514129877090454
1985,2,16,1.238918662071228
1985,2,17,0.688901424407959
1985,2,18,0.2201162725687027
1985,2,19,0.011181477457284927
1985,2,20,0.19132240116596222
1985,2,21,0.16957826912403107
1985,2,22,0.187872052192688
1985,2,23,0.3710935115814209
1985,2,24,0.933555006980896
1985,2,25,1.2520908117294312
1985,2,26,1.1747568845748901
1985,2,27,0.487044095993042
1985,2,28,0.07541809231042862
1985,3,1,0.26715266704559326
1985,3,2,0.2751106321811676
1985,3,3,-0.0040223682299256325
1985,3,4,-0.29410624504089355
1985,3,5,-0.1232614740729332
1985,3,6,0.3842209577560425
1985,3,7,0.7646775841712952
1985,3,8,0.8268700242042542
1985,3,9,0.5447057485580444
1985,3,10,0.46937981247901917
1985,3,11,0.7181293368339539
1985,3,12,1.0414798259735107
1985,3,13,0.8667258620262146
1985,3,14,0.3306252360343933
1985,3,15,-0.21448807418346405
1985,3,16,-0.7211955785751343
1985,3,17,-0.9139146208763123
1985,3,18,-0.9412022233009338
1985,3,19,-1.2777214050292969
1985,3,20,-1.5338959693908691
1985,3,21,-1.7841609716415405
1985,3,22,-2.136334180831909
1985,3,23,-1.5768048763275146
1985,3,24,-0.32282131910324097
1985,3,25,0.17774000763893127
1985,3,26,-0.01634836383163929
1985,3,27,0.08586674183607101
1985,3,28,0.4558889865875244
1985,3,29,0.3747946619987488
1985,3,30,0.18649980425834656
1985,3,31,0.01988987997174263
1985,4,1,0.10788777470588684
1985,4,2,0.17208488285541534
1985,4,3,-0.2194557785987854
1985,4,4,-0.4853266477584839
1985,4,5,-0.3542959988117218
1985,4,6,0.2785249352455139
1985,4,7,0.5382030010223389
1985,4,8,0.5325533747673035
1985,4,9,-0.28026801347732544
1985,4,10,-1.141514539718628
1985,4,11,-0.9781212210655212
1985,4,12,0.307309627532959
1985,4,13,1.6438484191894531
1985,4,14,2.0472939014434814
1985,4,15,1.2966877222061157
1985,4,16,0.9348236918449402
1985,4,17,1.1566362380981445
1985,4,18,0.9302146434783936
1985,4,19,0.07349136471748352
1985,4,20,-0.21649062633514404
1985,4,21,-0.21168196201324463
1985,4,22,-0.40447789430618286
1985,4,23,-0.720116376876831
1985,4,24,-1.0378304719924927
1985,4,25,-1.1506413221359253
1985,4,26,-0.896978497505188
1985,4,27,-0.4790325164794922
1985,4,28,-0.3508608341217041
1985,4,29,-0.2279028743505478
1985,4,30,-0.028416672721505165
1985,5,1,0.23155638575553894
1985,5,2,0.3833584189414978
1985,5,3,0.28461524844169617
1985,5,4,0.11910427361726761
1985,5,5,0.0442565381526947
1985,5,6,0.06929280608892441
1985,5,7,0.026324262842535973
1985,5,8,-0.12357998639345169
1985,5,9,-0.3748168349266052
1985,5,10,-0.472332239151001
1985,5,11,-0.7877432107925415
1985,5,12,-1.1822086572647095
1985,5,13,-0.8823911547660828
1985,5,14,0.12692071497440338
1985,5,15,0.7004496455192566
1985,5,16,0.3898000121116638
1985,5,17,0.06846746802330017
1985,5,18,-0.12029953300952911
1985,5,19,0.21559926867485046
1985,5,20,0.3194221556186676
1985,5,21,0.28905388712882996
1985,5,22,0.07742390781641006
1985,5,23,-0.9243783950805664
1985,5,24,-1.479308009147644
1985,5,25,-0.9264914393424988
1985,5,26,0.08283568173646927
1985,5,27,0.4059806764125824
1985,5,28,0.3827119469642639
1985,5,29,0.3494114279747009
1985,5,30,0.18508803844451904
1985,5,31,0.4698405861854553
1985,6,1,0.9407485127449036
1985,6,2,0.5750647187232971
1985,6,3,-0.11937246471643448
1985,6,4,0.4934624433517456
1985,6,5,1.0785382986068726
1985,6,6,0.6576647162437439
1985,6,7,0.18668974936008453
1985,6,8,-0.3779117166996002
1985,6,9,-0.8213866353034973
1985,6,10,-0.9489939212799072
1985,6,11,-1.18740713596344
1985,6,12,-0.9578471183776855
1985,6,13,-0.6283800005912781
1985,6,14,-0.6660594344139099
1985,6,15,-0.8800105452537537
1985,6,16,-0.9183493852615356
1985,6,17,-0.8228477239608765
1985,6,18,-0.5351489782333374
1985,6,19,-0.7376449704170227
1985,6,20,-1.1916900873184204
1985,6,21,-1.3216540813446045
1985,6,22,-1.6397736072540283
1985,6,23,-1.5341312885284424
1985,6,24,-1.1348778009414673
1985,6,25,-0.5638576149940491
1985,6,26,-0.267048716545105
1985,6,27,-0.11304322630167007
1985,6,28,0.4339854121208191
1985,6,29,1.3005750179290771
1985,6,30,2.0607776641845703
1985,7,1,2.2966277599334717
1985,7,2,2.370659828186035
1985,7,3,2.491640567779541
1985,7,4,2.443665027618408
1985,7,5,1.9979572296142578
1985,7,6,1.7600407600402832
1985,7,7,1.6576093435287476
1985,7,8,1.762111783027649
1985,7,9,1.299617886543274
1985,7,10,0.707318127155304
1985,7,11,1.0036824941635132
1985,7,12,1.696937918663025
1985,7,13,1.7299838066101074
1985,7,14,1.6083261966705322
1985,7,15,1.5941319465637207
1985,7,16,2.0058884620666504
1985,7,17,2.862593650817871
1985,7,18,3.6583304405212402
1985,7,19,3.223879814147949
1985,7,20,2.2644786834716797
1985,7,21,1.700880765914917
1985,7,22,1.1925151348114014
1985,7,23,1.1553879976272583
1985,7,24,1.766836404800415
1985,7,25,2.3005211353302
1985,7,26,2.3875787258148193
1985,7,27,1.998281717300415
1985,7,28,1.881973385810852
1985,7,29,1.1199276447296143
1985,7,30,0.4526146948337555
1985,7,31,0.7309492826461792
1985,8,1,0.8518174290657043
1985,8,2,0.6410152912139893
1985,8,3,0.23988594114780426
1985,8,4,0.24487967789173126
1985,8,5,0.38504499197006226
1985,8,6,0.3529362380504608
1985,8,7,0.533785879611969
1985,8,8,0.6703680157661438
1985,8,9,0.6021580696105957
1985,8,10,0.18477341532707214
1985,8,11,-0.4048011898994446
1985,8,12,-0.4912604093551636
1985,8,13,-0.05449721962213516
1985,8,14,0.4003771245479584
1985,8,15,0.5751350522041321
1985,8,16,0.9689996242523193
1985,8,17,1.3601438999176025
1985,8,18,0.9903991222381592
1985,8,19,1.0907970666885376
1985,8,20,0.9493280649185181
1985,8,21,0.8236974477767944
1985,8,22,0.36556699872016907
1985,8,23,0.06572272628545761
1985,8,24,-0.14936630427837372
1985,8,25,-0.2740984857082367
1985,8,26,0.218348890542984
1985,8,27,0.5641512870788574
1985,8,28,1.0692417621612549
1985,8,29,1.5692481994628906
1985,8,30,1.7420158386230469
1985,8,31,1.6147767305374146
1985,9,1,1.331451416015625
1985,9,2,0.8009077310562134
1985,9,3,0.3188822865486145
1985,9,4,0.25960421562194824
1985,9,5,0.599786102771759
1985,9,6,1.198809027671814
1985,9,7,0.7593256235122681
1985,9,8,-0.019348269328475
1985,9,9,-0.3154834508895874
1985,9,10,0.29846423864364624
1985,9,11,1.1058177947998047
1985,9,12,1.3635408878326416
1985,9,13,2.1132688522338867
1985,9,14,2.4596991539001465
1985,9,15,2.3008549213409424
1985,9,16,2.474749803543091
1985,9,17,2.5581400394439697
1985,9,18,2.6924803256988525
1985,9,19,2.4718849658966064
1985,9,20,2.0585081577301025
1985,9,21,2.1518161296844482
1985,9,22,2.3061769008636475
1985,9,23,2.724600076675415
1985,9,24,3.034872531890869
1985,9,25,2.462639331817627
1985,9,26,1.7686715126037598
1985,9,27,1.3598803281784058
1985,9,28,0.8050101399421692
1985,9,29,0.2118600457906723
1985,9,30,-0.1314246654510498
1985,10,1,-0.5177189111709595
1985,10,2,-0.29934653639793396
1985,10,3,0.10840365290641785
1985,10,4,0.4299670159816742
1985,10,5,0.3753272294998169
1985,10,6,0.6832123398780823
1985,10,7,0.8449050188064575
1985,10,8,0.6106182932853699
1985,10,9,0.5910964012145996
1985,10,10,0.8077561259269714
1985,10,11,0.9920831322669983
1985,10,12,1.5308336019515991
1985,10,13,1.9350457191467285
1985,10,14,1.9981831312179565
1985,10,15,1.9381877183914185
1985,10,16,2.137531042098999
1985,10,17,2.0149130821228027
1985,10,18,1.474546194076538
1985,10,19,0.9748326539993286
1985,10,20,0.5540537238121033
1985,10,21,0.15495263040065765
1985,10,22,-0.3630392253398895
1985,10,23,-0.3609522879123688
1985,10,24,-0.5010749101638794
1985,10,25,-0.5130999088287354
1985,10,26,-0.35316789150238037
1985,10,27,-0.38576918840408325
1985,10,28,-0.7894312739372253
1985,10,29,-0.9273403882980347
1985,10,30,-0.9115584492683411
1985,10,31,-0.23966684937477112
1985,11,1,0.1695372760295868
1985,11,2,0.23720797896385193
1985,11,3,-0.03163357824087143
1985,11,4,-0.029380301013588905
1985,11,5,-0.2078801840543747
1985,11,6,-0.5800799131393433
1985,11,7,-0.7793572545051575
1985,11,8,-0.7611055374145508
1985,11,9,-0.7526081800460815
1985,11,10,-0.39385145902633667
1985,11,11,0.8905993103981018
1985,11,12,2.1389968395233154
1985,11,13,2.3790547847747803
1985,11,14,1.8919495344161987
1985,11,15,2.018352508544922
1985,11,16,2.129168748855591
1985,11,17,2.4210619926452637
1985,11,18,2.705620765686035
1985,11,19,2.6832830905914307
1985,11,20,2.2544140815734863
1985,11,21,1.8241478204727173
1985,11,22,1.4063266515731812
1985,11,23,0.8665194511413574
1985,11,24,0.7831352353096008
1985,11,25,1.0562480688095093
1985,11,26,1.3408392667770386
1985,11,27,1.756555199623108
1985,11,28,1.792508840560913
1985,11,29,1.2561275959014893
1985,11,30,0.8359330892562866
1985,12,1,0.8789238929748535
1985,12,2,0.7009087800979614
1985,12,3,0.5375149250030518
1985,12,4,0.7128292322158813
1985,12,5,1.1825743913650513
1985,12,6,1.6874021291732788
1985,12,7,2.183758020401001
1985,12,8,2.4641127586364746
1985,12,9,2.253016948699951
1985,12,10,1.8666397333145142
1985,12,11,1.6674487590789795
1985,12,12,0.9857441782951355
1985,12,13,0.6199830770492554
1985,12,14,0.7611478567123413
1985,12,15,0.7594420909881592
1985,12,16,1.0580546855926514
1985,12,17,1.53018057346344
1985,12,18,1.9604456424713135
1985,12,19,1.673211932182312
1985,12,20,1.2278058528900146
1985,12,21,1.1269721984863281
1985,12,22,1.249251127243042
1985,12,23,1.4302557706832886
1985,12,24,1.6650676727294922
1985,12,25,1.7126487493515015
1985,12,26,1.5605212450027466
1985,12,27,0.881942868232727
1985,12,28,0.2948456406593323
1985,12,29,0.17226482927799225
1985,12,30,0.22820787131786346
1985,12,31,-0.03858397528529167
1986,1,1,-0.2534010708332062
1986,1,2,-0.2583812177181244
1986,1,3,-0.07329762727022171
1986,1,4,0.02762540429830551
1986,1,5,0.01739976368844509
1986,1,6,0.04935130104422569
1986,1,7,-0.15697287023067474
1986,1,8,-0.5343358516693115
1986,1,9,-0.5153278708457947
1986,1,10,-0.6463037729263306
1986,1,11,-0.9233120679855347
1986,1,12,-1.2331491708755493
1986,1,13,-1.2242592573165894
1986,1,14,-1.0152257680892944
1986,1,15,-0.6253970265388489
1986,1,16,0.1946585327386856
1986,1,17,0.7723310589790344
1986,1,18,0.9174855947494507
1986,1,19,0.5532119274139404
1986,1,20,0.39875638484954834
1986,1,21,0.45722970366477966
1986,1,22,0.668286144733429
1986,1,23,0.9642950892448425
1986,1,24,0.9663825631141663
1986,1,25,0.6640976667404175
1986,1,26,0.6786724328994751
1986,1,27,1.0107372999191284
1986,1,28,0.8219606876373291
1986,1,29,0.8755332231521606
1986,1,30,0.9974343776702881
1986,1,31,1.064100742340088
1986,2,1,1.0828330516815186
1986,2,2,1.0014654397964478
1986,2,3,0.6477770209312439
1986,2,4,0.0024294687900692225
1986,2,5,-0.7102274894714355
1986,2,6,-1.3899340629577637
1986,2,7,-1.7200500965118408
1986,2,8,-2.1960608959198
1986,2,9,-2.584244966506958
1986,2,10,-2.3541595935821533
1986,2,11,-1.8728448152542114
1986,2,12,-1.4897215366363525
1986,2,13,-1.1759759187698364
1986,2,14,-1.24312162399292
1986,2,15,-1.5482444763183594
1986,2,16,-1.4748965501785278
1986,2,17,-1.4597359895706177
1986,2,18,-1.3095301389694214
1986,2,19,-1.645346999168396
1986,2,20,-2.1519904136657715
1986,2,21,-2.6156363487243652
1986,2,22,-2.5527403354644775
1986,2,23,-2.4165287017822266
1986,2,24,-2.6373331546783447
1986,2,25,-2.5708837509155273
1986,2,26,-2.4712860584259033
1986,2,27,-2.167965888977051
1986,2,28,-1.9161418676376343
1986,3,1,-1.566575288772583
1986,3,2,-1.742282748222351
1986,3,3,-1.6374385356903076
1986,3,4,-1.3701080083847046
1986,3,5,-1.439074993133545
1986,3,6,-1.1999696493148804
1986,3,7,-1.1384226083755493
1986,3,8,-1.160735845565796
1986,3,9,-0.7695190906524658
1986,3,10,-0.24950586259365082
1986,3,11,-0.6832458972930908
1986,3,12,-1.0823053121566772
1986,3,13,-0.9937817454338074
1986,3,14,-1.4839788675308228
1986,3,15,-2.0141096115112305
1986,3,16,-2.411635160446167
1986,3,17,-2.1897854804992676
1986,3,18,-1.8032373189926147
1986,3,19,-1.551230788230896
1986,3,20,-1.2642652988433838
1986,3,21,-1.00369131565094
1986,3,22,-0.4462890326976776
1986,3,23,0.3620920777320862
1986,3,24,0.24636369943618774
1986,3,25,-0.35554057359695435
1986,3,26,-0.4181882441043854
1986,3,27,-0.04695194587111473
1986,3,28,0.5660241842269897
1986,3,29,1.5203851461410522
1986,3,30,2.2173831462860107
1986,3,31,2.0297133922576904
1986,4,1,1.339874029159546
1986,4,2,0.488782674074173
1986,4,3,0.0577559731900692
1986,4,4,0.22913441061973572
1986,4,5,0.2313036471605301
1986,4,6,-0.16614602506160736
1986,4,7,-0.5414943695068359
1986,4,8,-0.6878064870834351
1986,4,9,-0.9715098142623901
1986,4,10,-1.08677077293396
1986,4,11,-1.0992687940597534
1986,4,12,-0.9590755105018616
1986,4,13,-1.0024163722991943
1986,4,14,-0.6511356234550476
1986,4,15,-0.047642044723033905
1986,4,16,-0.010852186009287834
1986,4,17,-0.33617162704467773
1986,4,18,-0.21352508664131165
1986,4,19,0.13043361902236938
1986,4,20,0.0031278845854103565
1986,4,21,0.5395297408103943
1986,4,22,0.8996647596359253
1986,4,23,0.5394265651702881
1986,4,24,-0.1342727541923523
1986,4,25,-0.28408944606781006
1986,4,26,-0.117942214012146
1986,4,27,0.5863330364227295
1986,4,28,0.9310368299484253
1986,4,29,0.27688613533973694
1986,4,30,-0.5254237651824951
1986,5,1,-0.4808516800403595
1986,5,2,-0.4811657965183258
1986,5,3,-1.3872487545013428
1986,5,4,-1.7820191383361816
1986,5,5,-1.6706068515777588
1986,5,6,-1.9316623210906982
1986,5,7,-2.5320792198181152
1986,5,8,-2.7217464447021484
1986,5,9,-2.975958824157715
1986,5,10,-3.2235617637634277
1986,5,11,-3.3600246906280518
1986,5,12,-3.30924129486084
1986,5,13,-3.27872896194458
1986,5,14,-2.9915475845336914
1986,5,15,-2.547729969024658
1986,5,16,-2.054224967956543
1986,5,17,-1.8233264684677124
1986,5,18,-1.856484293937683
1986,5,19,-1.7663830518722534
1986,5,20,-1.6087968349456787
1986,5,21,-1.858565092086792
1986,5,22,-2.1707515716552734
1986,5,23,-1.8217207193374634
1986,5,24,-1.314368486404419
1986,5,25,-1.1520988941192627
1986,5,26,-1.3701130151748657
1986,5,27,-1.2718392610549927
1986,5,28,-0.9393036961555481
1986,5,29,-0.3877497911453247
1986,5,30,0.12433364242315292
1986,5,31,0.672873854637146
1986,6,1,0.9272439479827881
1986,6,2,1.410223126411438
1986,6,3,1.6624428033828735
1986,6,4,1.5255481004714966
1986,6,5,1.4797792434692383
1986,6,6,1.0163593292236328
1986,6,7,0.544293999671936
1986,6,8,-0.34572556614875793
1986,6,9,-1.2598267793655396
1986,6,10,-1.5133274793624878
1986,6,11,-2.156102180480957
1986,6,12,-2.2035868167877197
1986,6,13,-2.0776045322418213
1986,6,14,-2.10284161567688
1986,6,15,-1.8353102207183838
1986,6,16,-1.67751145362854
1986,6,17,-1.5991371870040894
1986,6,18,-1.438114881515503
1986,6,19,-0.86057049036026
1986,6,20,-0.33667105436325073
1986,6,21,-0.20622578263282776
1986,6,22,-0.035644762217998505
1986,6,23,-0.10900165140628815
1986,6,24,-0.1608034372329712
1986,6,25,-0.4577891528606415
1986,6,26,-0.9761894941329956
1986,6,27,-1.3014609813690186
1986,6,28,-1.44562828540802
1986,6,29,-1.3846259117126465
1986,6,30,-1.0738682746887207
1986,7,1,-0.17082805931568146
1986,7,2,0.9003240466117859
1986,7,3,1.5468523502349854
1986,7,4,1.1494922637939453
1986,7,5,0.9114784598350525
1986,7,6,1.1320070028305054
1986,7,7,1.3484126329421997
1986,7,8,1.084197998046875
1986,7,9,0.6769378781318665
1986,7,10,0.29137876629829407
1986,7,11,-0.12888698279857635
1986,7,12,0.0312897190451622
1986,7,13,0.5745187997817993
1986,7,14,0.6879057288169861
1986,7,15,0.5089491009712219
1986,7,16,0.2575494647026062
1986,7,17,0.02002590335905552
1986,7,18,-0.4430028796195984
1986,7,19,-1.0118666887283325
1986,7,20,-1.4782042503356934
1986,7,21,-1.3385616540908813
1986,7,22,-1.0898364782333374
1986,7,23,-0.8064915537834167
1986,7,24,-0.014453363604843616
1986,7,25,0.3451615571975708
1986,7,26,0.06715885549783707
1986,7,27,-0.19781485199928284
1986,7,28,-0.24726377427577972
1986,7,29,-0.6489250063896179
1986,7,30,-0.7309439182281494
1986,7,31,-0.6385247111320496
1986,8,1,-0.5664014220237732
1986,8,2,0.20364241302013397
1986,8,3,0.03104330413043499
1986,8,4,-0.13296782970428467
1986,8,5,-0.06948667764663696
1986,8,6,-0.08304932713508606
1986,8,7,0.7727094292640686
1986,8,8,0.8708072304725647
1986,8,9,0.04384616017341614
1986,8,10,-0.8091226816177368
1986,8,11,-1.1164193153381348
1986,8,12,-0.6572901606559753
1986,8,13,-0.37780970335006714
1986,8,14,-0.32019221782684326
1986,8,15,-0.008220281451940536
1986,8,16,0.7783650159835815
1986,8,17,0.7676275372505188
1986,8,18,0.3072964549064636
1986,8,19,-0.18165205419063568
1986,8,20,-0.2291102111339569
1986,8,21,-0.047334108501672745
1986,8,22,-0.17430011928081512
1986,8,23,-0.05171111226081848
1986,8,24,0.12779484689235687
1986,8,25,-0.12546654045581818
1986,8,26,-0.5701867938041687
1986,8,27,-0.8558196425437927
1986,8,28,-0.659420907497406
1986,8,29,-0.750278651714325
1986,8,30,-0.7276618480682373
1986,8,31,-0.15934187173843384
1986,9,1,0.4405917227268219
1986,9,2,0.3616330325603485
1986,9,3,0.07789112627506256
1986,9,4,0.38368111848831177
1986,9,5,0.8821307420730591
1986,9,6,0.9497028589248657
1986,9,7,1.0946093797683716
1986,9,8,1.4327069520950317
1986,9,9,1.3269014358520508
1986,9,10,0.7135138511657715
1986,9,11,-0.12246260792016983
1986,9,12,-0.9841998219490051
1986,9,13,-1.6224052906036377
1986,9,14,-1.5964964628219604
1986,9,15,-1.1054444313049316
1986,9,16,-0.43902307748794556
1986,9,17,0.058473873883485794
1986,9,18,0.8818576335906982
1986,9,19,1.6436091661453247
1986,9,20,2.032078266143799
1986,9,21,2.5256686210632324
1986,9,22,2.6417667865753174
1986,9,23,2.3895423412323
1986,9,24,1.8512436151504517
1986,9,25,1.5651960372924805
1986,9,26,1.2886595726013184
1986,9,27,1.718123197555542
1986,9,28,1.8409168720245361
1986,9,29,1.3411507606506348
1986,9,30,0.9023654460906982
1986,10,1,0.864582896232605
1986,10,2,1.1642590761184692
1986,10,3,0.9422769546508789
1986,10,4,0.48469308018684387
1986,10,5,0.23113681375980377
1986,10,6,0.14593173563480377
1986,10,7,0.5732495784759521
1986,10,8,0.9900821447372437
1986,10,9,1.0755547285079956
1986,10,10,0.7969486117362976
1986,10,11,1.327069640159607
1986,10,12,1.2085427045822144
1986,10,13,0.6672055125236511
1986,10,14,-0.04138385131955147
1986,10,15,-0.31021687388420105
1986,10,16,0.02482931688427925
1986,10,17,0.1445983350276947
1986,10,18,0.2786441445350647
1986,10,19,-0.02749781683087349
1986,10,20,-0.1774711012840271
1986,10,21,0.43675750494003296
1986,10,22,0.82086181640625
1986,10,23,0.04635488986968994
1986,10,24,-0.3834649622440338
1986,10,25,-0.5136815905570984
1986,10,26,-0.5116256475448608
1986,10,27,-0.4827868640422821
1986,10,28,-0.6994557976722717
1986,10,29,-0.7809463739395142
1986,10,30,0.13888788223266602
1986,10,31,0.6250460743904114
1986,11,1,0.7336229681968689
1986,11,2,1.2787436246871948
1986,11,3,1.233415126800537
1986,11,4,0.2495184987783432
1986,11,5,-0.31057772040367126
1986,11,6,-0.5688139200210571
1986,11,7,-0.4794859290122986
1986,11,8,-0.6711927056312561
1986,11,9,-1.184233546257019
1986,11,10,-1.4048506021499634
1986,11,11,-1.2121673822402954
1986,11,12,-0.8836281895637512
1986,11,13,-0.8604919910430908
1986,11,14,-0.8067221641540527
1986,11,15,-0.44725024700164795
1986,11,16,-0.4164259433746338
1986,11,17,-0.5179576277732849
1986,11,18,-0.21147945523262024
1986,11,19,0.028444809839129448
1986,11,20,0.7187520861625671
1986,11,21,0.861228346824646
1986,11,22,0.3754551112651825
1986,11,23,-0.30485713481903076
1986,11,24,-0.6699737310409546
1986,11,25,-0.7882081270217896
1986,11,26,-0.37361058592796326
1986,11,27,-0.01291274931281805
1986,11,28,-0.03820451349020004
1986,11,29,0.12630009651184082
1986,11,30,0.047807808965444565
1986,12,1,0.06490322947502136
1986,12,2,0.44556817412376404
1986,12,3,1.1057039499282837
1986,12,4,1.4522747993469238
1986,12,5,1.5017913579940796
1986,12,6,1.1529009342193604
1986,12,7,0.09306587278842926
1986,12,8,-0.5815184712409973
1986,12,9,-0.21652033925056458
1986,12,10,0.2787703573703766
1986,12,11,0.001310307183302939
1986,12,12,-0.3659852147102356
1986,12,13,-0.15064597129821777
1986,12,14,0.07638811320066452
1986,12,15,0.024293238297104836
1986,12,16,0.2800042927265167
1986,12,17,0.6231927275657654
1986,12,18,0.9145537614822388
1986,12,19,1.4229564666748047
1986,12,20,1.8302550315856934
1986,12,21,1.8548904657363892
1986,12,22,1.717983365058899
1986,12,23,1.3985615968704224
1986,12,24,1.2628090381622314
1986,12,25,1.2418031692504883
1986,12,26,0.9692710638046265
1986,12,27,1.1620200872421265
1986,12,28,1.813771367073059
1986,12,29,1.846682071685791
1986,12,30,1.611103892326355
1986,12,31,1.5806752443313599
1987,1,1,1.742945909500122
1987,1,2,1.5010939836502075
1987,1,3,1.3115630149841309
1987,1,4,1.363005518913269
1987,1,5,1.3434642553329468
1987,1,6,1.2649526596069336
1987,1,7,1.5143908262252808
1987,1,8,1.2446508407592773
1987,1,9,1.0627039670944214
1987,1,10,0.6645285487174988
1987,1,11,-0.23048633337020874
1987,1,12,-0.6734742522239685
1987,1,13,-0.4936799108982086
1987,1,14,-0.513857364654541
1987,1,15,-0.9956314563751221
1987,1,16,-1.4522302150726318
1987,1,17,-2.003192663192749
1987,1,18,-2.3594961166381836
1987,1,19,-2.438302516937256
1987,1,20,-2.547006607055664
1987,1,21,-2.7450919151306152
1987,1,22,-2.863477945327759
1987,1,23,-2.9598796367645264
1987,1,24,-2.450151205062866
1987,1,25,-2.2611539363861084
1987,1,26,-2.101349115371704
1987,1,27,-1.985917568206787
1987,1,28,-2.2518773078918457
1987,1,29,-2.6577582359313965
1987,1,30,-2.738755941390991
1987,1,31,-2.7735838890075684
1987,2,1,-2.9699325561523438
1987,2,2,-3.243594169616699
1987,2,3,-3.233846664428711
1987,2,4,-3.1976940631866455
1987,2,5,-2.863576650619507
1987,2,6,-2.6748855113983154
1987,2,7,-2.6433255672454834
1987,2,8,-2.3475685119628906
1987,2,9,-1.7605962753295898
1987,2,10,-1.007328987121582
1987,2,11,-0.6451165676116943
1987,2,12,-0.45497414469718933
1987,2,13,0.018293334171175957
1987,2,14,0.48115503787994385
1987,2,15,0.8262187242507935
1987,2,16,1.514147162437439
1987,2,17,1.6940966844558716
1987,2,18,1.0472235679626465
1987,2,19,0.12814587354660034
1987,2,20,-0.15783610939979553
1987,2,21,-0.0981551855802536
1987,2,22,0.22207507491111755
1987,2,23,0.18665722012519836
1987,2,24,0.5877285003662109
1987,2,25,0.5881615281105042
1987,2,26,0.31908854842185974
1987,2,27,0.26328009366989136
1987,2,28,0.24768151342868805
1987,3,1,0.6209695935249329
1987,3,2,1.106694221496582
1987,3,3,1.4014525413513184
1987,3,4,1.174263596534729
1987,3,5,1.182449221611023
1987,3,6,1.0973608493804932
1987,3,7,0.32979875802993774
1987,3,8,-0.11801296472549438
1987,3,9,-0.04611805081367493
1987,3,10,0.56074059009552
1987,3,11,1.0044140815734863
1987,3,12,0.770132839679718
1987,3,13,0.6195739507675171
1987,3,14,0.3021661937236786
1987,3,15,-0.6749090552330017
1987,3,16,-0.7478655576705933
1987,3,17,-0.09848329424858093
1987,3,18,0.5001096725463867
1987,3,19,0.2571811378002167
1987,3,20,-0.3649113178253174
1987,3,21,-0.6785505414009094
1987,3,22,-0.8027964234352112
1987,3,23,-0.860389232635498
1987,3,24,-1.3620058298110962
1987,3,25,-1.378098726272583
1987,3,26,-0.9815756678581238
1987,3,27,-0.9758314490318298
1987,3,28,-1.4236602783203125
1987,3,29,-1.560948371887207
1987,3,30,-1.510217547416687
1987,3,31,-1.3852193355560303
1987,4,1,-1.2469655275344849
1987,4,2,-1.309483528137207
1987,4,3,-1.1699507236480713
1987,4,4,-1.129457950592041
1987,4,5,-1.1606074571609497
1987,4,6,-1.0302616357803345
1987,4,7,-1.3018724918365479
1987,4,8,-1.5782840251922607
1987,4,9,-1.3219590187072754
1987,4,10,-0.5367915034294128
1987,4,11,-0.24766063690185547
1987,4,12,-0.35857152938842773
1987,4,13,0.13868069648742676
1987,4,14,0.6013227105140686
1987,4,15,0.7395457625389099
1987,4,16,0.9505774974822998
1987,4,17,0.9989556074142456
1987,4,18,0.8467293977737427
1987,4,19,0.7310745716094971
1987,4,20,0.8691411018371582
1987,4,21,0.8704138398170471
1987,4,22,0.43043389916419983
1987,4,23,0.29956650733947754
1987,4,24,0.27561983466148376
1987,4,25,-0.2513197064399719
1987,4,26,-0.7182636857032776
1987,4,27,-0.7914408445358276
1987,4,28,-0.6663168668746948
1987,4,29,-0.5346500873565674
1987,4,30,-0.7344982028007507
1987,5,1,-0.7621889710426331
1987,5,2,-0.6039634943008423
1987,5,3,-0.3307966887950897
1987,5,4,0.22108353674411774
1987,5,5,0.6486882567405701
1987,5,6,0.3868620693683624
1987,5,7,0.4576273560523987
1987,5,8,0.19966933131217957
1987,5,9,-0.10663024336099625
1987,5,10,-0.22002074122428894
1987,5,11,-0.2119860053062439
1987,5,12,-0.22660309076309204
1987,5,13,-0.8476643562316895
1987,5,14,-1.097671389579773
1987,5,15,-1.2268407344818115
1987,5,16,-1.3215415477752686
1987,5,17,-1.1383311748504639
1987,5,18,-1.123541235923767
1987,5,19,-0.7388833165168762
1987,5,20,-0.47494593262672424
1987,5,21,-0.16550268232822418
1987,5,22,0.33653271198272705
1987,5,23,0.6454348564147949
1987,5,24,0.6843461990356445
1987,5,25,0.3676108717918396
1987,5,26,0.7081751823425293
1987,5,27,1.177574872970581
1987,5,28,1.790466547012329
1987,5,29,1.7338879108428955
1987,5,30,1.415866494178772
1987,5,31,0.9008325338363647
1987,6,1,-0.16029949486255646
1987,6,2,-1.0797688961029053
1987,6,3,-1.467987298965454
1987,6,4,-2.1426422595977783
1987,6,5,-2.188361644744873
1987,6,6,-1.9563010931015015
1987,6,7,-2.2421250343322754
1987,6,8,-2.1888303756713867
1987,6,9,-1.71482515335083
1987,6,10,-0.930079996585846
1987,6,11,0.44979536533355713
1987,6,12,1.2147787809371948
1987,6,13,0.7856094837188721
1987,6,14,0.3802107274532318
1987,6,15,0.39401277899742126
1987,6,16,0.6372362971305847
1987,6,17,0.8943175077438354
1987,6,18,0.784449577331543
1987,6,19,0.7316709756851196
1987,6,20,0.7362677454948425
1987,6,21,0.04416940361261368
1987,6,22,-0.7027601003646851
1987,6,23,-1.116904377937317
1987,6,24,-1.2383283376693726
1987,6,25,-1.4485752582550049
1987,6,26,-1.3114500045776367
1987,6,27,-1.3290936946868896
1987,6,28,-1.4610568284988403
1987,6,29,-1.3267927169799805
1987,6,30,-1.4228824377059937
1987,7,1,-1.306134819984436
1987,7,2,-1.4821265935897827
1987,7,3,-2.046952486038208
1987,7,4,-2.1029865741729736
1987,7,5,-1.5044327974319458
1987,7,6,-0.8915352821350098
1987,7,7,-0.9296058416366577
1987,7,8,-1.372594952583313
1987,7,9,-1.8239697217941284
1987,7,10,-2.0731635093688965
1987,7,11,-2.4643478393554688
1987,7,12,-2.9262285232543945
1987,7,13,-3.2447078227996826
1987,7,14,-3.0847511291503906
1987,7,15,-2.313584804534912
1987,7,16,-1.7613290548324585
1987,7,17,-1.3279932737350464
1987,7,18,-0.8179958462715149
1987,7,19,-0.31390517950057983
1987,7,20,-0.03332948684692383
1987,7,21,-0.07780221849679947
1987,7,22,-0.13864874839782715
1987,7,23,-0.5378834009170532
1987,7,24,-0.5425260663032532
1987,7,25,-0.4468790888786316
1987,7,26,-1.1185261011123657
1987,7,27,-1.763432264328003
1987,7,28,-2.0676815509796143
1987,7,29,-2.2278876304626465
1987,7,30,-1.9307533502578735
1987,7,31,-1.172521710395813
1987,8,1,-0.13396695256233215
1987,8,2,0.4276482164859772
1987,8,3,1.1419440507888794
1987,8,4,1.5880287885665894
1987,8,5,1.2457928657531738
1987,8,6,1.2487642765045166
1987,8,7,1.629638910293579
1987,8,8,1.95067298412323
1987,8,9,1.7494858503341675
1987,8,10,1.1778788566589355
1987,8,11,1.0954166650772095
1987,8,12,1.2871363162994385
1987,8,13,1.2805250883102417
1987,8,14,0.9330872893333435
1987,8,15,1.1709233522415161
1987,8,16,1.121994972229004
1987,8,17,1.0541081428527832
1987,8,18,1.013514757156372
1987,8,19,1.383660912513733
1987,8,20,1.4618483781814575
1987,8,21,1.5622222423553467
1987,8,22,2.0015945434570312
1987,8,23,1.8758296966552734
1987,8,24,1.4163020849227905
1987,8,25,1.5104182958602905
1987,8,26,1.6947755813598633
1987,8,27,2.1046223640441895
1987,8,28,2.2813258171081543
1987,8,29,2.1009128093719482
1987,8,30,1.8942651748657227
1987,8,31,2.045894145965576
1987,9,1,2.2829511165618896
1987,9,2,1.892805814743042
1987,9,3,1.3384760618209839
1987,9,4,0.8798125982284546
1987,9,5,0.5524464249610901
1987,9,6,0.4454473853111267
1987,9,7,0.12267926335334778
1987,9,8,-0.41316959261894226
1987,9,9,-1.0607898235321045
1987,9,10,-1.5084854364395142
1987,9,11,-2.0324630737304688
1987,9,12,-2.370889186859131
1987,9,13,-2.6332478523254395
1987,9,14,-2.7448010444641113
1987,9,15,-2.8945460319519043
1987,9,16,-2.8878211975097656
1987,9,17,-2.564382553100586
1987,9,18,-2.080057144165039
1987,9,19,-1.4692217111587524
1987,9,20,-0.5768358111381531
1987,9,21,0.12564750015735626
1987,9,22,0.515971839427948
1987,9,23,0.16845540702342987
1987,9,24,-0.33156120777130127
1987,9,25,-0.47677329182624817
1987,9,26,-0.5608904957771301
1987,9,27,-0.6028088331222534
1987,9,28,-0.9658729434013367
1987,9,29,-1.5175594091415405
1987,9,30,-1.8154085874557495
1987,10,1,-1.8061273097991943
1987,10,2,-1.2513105869293213
1987,10,3,-0.47154170274734497
1987,10,4,-0.3711380958557129
1987,10,5,-0.20735666155815125
1987,10,6,0.028048967942595482
1987,10,7,-0.38641950488090515
1987,10,8,-0.6671331524848938
1987,10,9,-0.5741111040115356
1987,10,10,-0.5332930684089661
1987,10,11,-0.43953585624694824
1987,10,12,-0.1745627522468567
1987,10,13,0.23835261166095734
1987,10,14,0.43231767416000366
1987,10,15,0.6860553026199341
1987,10,16,0.9077810049057007
1987,10,17,0.859230101108551
1987,10,18,1.5234938859939575
1987,10,19,2.3055055141448975
1987,10,20,2.2536892890930176
1987,10,21,1.5788010358810425
1987,10,22,0.8135735392570496
1987,10,23,0.2206156700849533
1987,10,24,0.3768775761127472
1987,10,25,0.6761826872825623
1987,10,26,1.1540132761001587
1987,10,27,1.116637945175171
1987,10,28,1.023733377456665
1987,10,29,0.9524383544921875
1987,10,30,1.5089067220687866
1987,10,31,1.7635557651519775
1987,11,1,1.4520158767700195
1987,11,2,0.9147139191627502
1987,11,3,0.6140375733375549
1987,11,4,0.8738794326782227
1987,11,5,1.1797890663146973
1987,11,6,0.922636091709137
1987,11,7,0.8008991479873657
1987,11,8,0.9214474558830261
1987,11,9,0.9145710468292236
1987,11,10,1.384206771850586
1987,11,11,2.262176513671875
1987,11,12,2.4305193424224854
1987,11,13,1.7243388891220093
1987,11,14,1.6701898574829102
1987,11,15,1.7231298685073853
1987,11,16,1.7545840740203857
1987,11,17,1.67672598361969
1987,11,18,1.4373811483383179
1987,11,19,1.4683635234832764
1987,11,20,1.0829049348831177
1987,11,21,0.7703779935836792
1987,11,22,0.9158713817596436
1987,11,23,0.8750162124633789
1987,11,24,0.44215673208236694
1987,11,25,-0.10766277462244034
1987,11,26,-0.23188439011573792
1987,11,27,-0.15885302424430847
1987,11,28,-0.007558745797723532
1987,11,29,0.46928921341896057
1987,11,30,0.42242568731307983
1987,12,1,0.18146996200084686
1987,12,2,-0.0474398098886013
1987,12,3,0.03002253733575344
1987,12,4,0.0150812529027462
1987,12,5,-0.04895840957760811
1987,12,6,-0.2619147002696991
1987,12,7,-0.23113802075386047
1987,12,8,-0.14201854169368744
1987,12,9,-0.36048516631126404
1987,12,10,-0.4964194893836975
1987,12,11,-0.21366505324840546
1987,12,12,-0.09697362780570984
1987,12,13,0.06760614365339279
1987,12,14,0.04493211582303047
1987,12,15,0.22385653853416443
1987,12,16,0.11847461014986038
1987,12,17,-0.13300631940364838
1987,12,18,0.041965361684560776
1987,12,19,0.6512901186943054
1987,12,20,1.073181390762329
1987,12,21,1.252711296081543
1987,12,22,1.4196171760559082
1987,12,23,1.407476782798767
1987,12,24,0.9304214715957642
1987,12,25,0.33255982398986816
1987,12,26,0.09129075706005096
1987,12,27,0.34762221574783325
1987,12,28,0.3660373091697693
1987,12,29,0.4402085244655609
1987,12,30,0.5819733142852783
1987,12,31,0.47606462240219116
1988,1,1,0.39314180612564087
1988,1,2,0.28013038635253906
1988,1,3,0.2346784621477127
1988,1,4,0.20883741974830627
1988,1,5,0.1243688240647316
1988,1,6,-0.14111100137233734
1988,1,7,-0.45681631565093994
1988,1,8,-0.9662349224090576
1988,1,9,-1.4377022981643677
1988,1,10,-1.2751235961914062
1988,1,11,-0.6892392039299011
1988,1,12,0.005557639990001917
1988,1,13,0.5059186816215515
1988,1,14,-0.05247662961483002
1988,1,15,-0.4897191524505615
1988,1,16,-1.009233832359314
1988,1,17,-1.6012332439422607
1988,1,18,-1.8262587785720825
1988,1,19,-1.7451289892196655
1988,1,20,-1.739328384399414
1988,1,21,-1.7093933820724487
1988,1,22,-1.0941898822784424
1988,1,23,-0.20925241708755493
1988,1,24,0.0641462430357933
1988,1,25,-0.5456676483154297
1988,1,26,-0.7279940843582153
1988,1,27,-0.9192813038825989
1988,1,28,-1.0474423170089722
1988,1,29,-0.5353659987449646
1988,1,30,-0.19895002245903015
1988,1,31,0.2385258972644806
1988,2,1,0.6478560566902161
1988,2,2,0.6198596358299255
1988,2,3,0.5156682133674622
1988,2,4,0.5199130177497864
1988,2,5,0.8130438327789307
1988,2,6,1.0050464868545532
1988,2,7,0.9934346675872803
1988,2,8,0.8234114646911621
1988,2,9,1.3496733903884888
1988,2,10,1.8044592142105103
1988,2,11,1.5286779403686523
1988,2,12,1.3389205932617188
1988,2,13,1.415329098701477
1988,2,14,1.366869568824768
1988,2,15,1.0901594161987305
1988,2,16,0.9058712124824524
1988,2,17,0.6319949626922607
1988,2,18,0.2740073502063751
1988,2,19,-0.18084625899791718
1988,2,20,-0.39050400257110596
1988,2,21,-0.5496223568916321
1988,2,22,-0.8770564198493958
1988,2,23,-0.7891223430633545
1988,2,24,-0.5357757806777954
1988,2,25,-0.06021365150809288
1988,2,26,0.03816401958465576
1988,2,27,-0.04296613857150078
1988,2,28,0.22457854449748993
1988,2,29,0.8477722406387329
1988,3,1,0.9507505893707275
1988,3,2,1.199395775794983
1988,3,3,1.0549170970916748
1988,3,4,1.0077428817749023
1988,3,5,1.1109950542449951
1988,3,6,1.4508085250854492
1988,3,7,1.687458872795105
1988,3,8,1.6574804782867432
1988,3,9,1.594782829284668
1988,3,10,1.9831788539886475
1988,3,11,1.449329137802124
1988,3,12,0.5682739019393921
1988,3,13,0.49502280354499817
1988,3,14,0.5526836514472961
1988,3,15,0.05512338876724243
1988,3,16,-0.4256477355957031
1988,3,17,-0.5571072697639465
1988,3,18,-0.8561843633651733
1988,3,19,-1.095735788345337
1988,3,20,-0.7157790660858154
1988,3,21,-0.7352864146232605
1988,3,22,-1.2224485874176025
1988,3,23,-1.3509807586669922
1988,3,24,-1.4575059413909912
1988,3,25,-1.7026095390319824
1988,3,26,-1.9262367486953735
1988,3,27,-2.282660961151123
1988,3,28,-2.2814855575561523
1988,3,29,-2.2082719802856445
1988,3,30,-2.346475601196289
1988,3,31,-2.277663230895996
1988,4,1,-2.1824185848236084
1988,4,2,-1.7470759153366089
1988,4,3,-0.6903700828552246
1988,4,4,-0.10966169834136963
1988,4,5,-0.25085633993148804
1988,4,6,-0.9280678629875183
1988,4,7,-1.3653491735458374
1988,4,8,-0.877873420715332
1988,4,9,-0.5819005966186523
1988,4,10,-0.5272955298423767
1988,4,11,-0.20477892458438873
1988,4,12,0.02247130498290062
1988,4,13,0.26510393619537354
1988,4,14,0.9450130462646484
1988,4,15,1.839906930923462
1988,4,16,2.201584577560425
1988,4,17,1.8123732805252075
1988,4,18,0.8565859198570251
1988,4,19,0.0177780594676733
1988,4,20,-0.6461188793182373
1988,4,21,-1.109939694404602
1988,4,22,-1.3359997272491455
1988,4,23,-0.8870607018470764
1988,4,24,-0.40079444646835327
1988,4,25,0.25178661942481995
1988,4,26,0.4444526731967926
1988,4,27,0.38501983880996704
1988,4,28,0.7523261308670044
1988,4,29,0.9354233145713806
1988,4,30,0.8194799423217773
1988,5,1,0.8802488446235657
1988,5,2,0.8486050963401794
1988,5,3,0.8546585440635681
1988,5,4,1.0824668407440186
1988,5,5,0.7974668145179749
1988,5,6,0.3753231167793274
1988,5,7,0.19272218644618988
1988,5,8,0.06424620747566223
1988,5,9,-0.11122686415910721
1988,5,10,-0.5747084021568298
1988,5,11,-0.8262121677398682
1988,5,12,-1.1045373678207397
1988,5,13,-1.2876778841018677
1988,5,14,-1.684661865234375
1988,5,15,-1.6867598295211792
1988,5,16,-1.733786702156067
1988,5,17,-2.0889999866485596
1988,5,18,-2.3150219917297363
1988,5,19,-2.2545006275177
1988,5,20,-2.1282663345336914
1988,5,21,-1.661291241645813
1988,5,22,-1.1495674848556519
1988,5,23,-1.004398226737976
1988,5,24,-0.6745321154594421
1988,5,25,-0.252511590719223
1988,5,26,-0.5984748005867004
1988,5,27,-0.9722663760185242
1988,5,28,-1.061311960220337
1988,5,29,-1.085621953010559
1988,5,30,-0.9290668368339539
1988,5,31,-0.36261042952537537
1988,6,1,0.1151968389749527
1988,6,2,0.05193477123975754
1988,6,3,-0.23775090277194977
1988,6,4,-0.36447873711586
1988,6,5,-0.5715151429176331
1988,6,6,-1.1211520433425903
1988,6,7,-1.2132298946380615
1988,6,8,-1.330539345741272
1988,6,9,-1.5035332441329956
1988,6,10,-1.7912237644195557
1988,6,11,-1.3350193500518799
1988,6,12,-0.3347667455673218
1988,6,13,0.0770939290523529
1988,6,14,-0.13717906177043915
1988,6,15,-0.6303959488868713
1988,6,16,-0.8544750213623047
1988,6,17,-0.9313681125640869
1988,6,18,-0.8814845681190491
1988,6,19,-1.0834749937057495
1988,6,20,-1.1623460054397583
1988,6,21,-0.821757972240448
1988,6,22,-0.8613623976707458
1988,6,23,-1.1512724161148071
1988,6,24,-1.191623330116272
1988,6,25,-1.402825951576233
1988,6,26,-1.9345365762710571
1988,6,27,-2.50276780128479
1988,6,28,-2.446716547012329
1988,6,29,-1.8594567775726318
1988,6,30,-1.1752641201019287
1988,7,1,-0.6150149703025818
1988,7,2,-0.29053664207458496
1988,7,3,0.029483210295438766
1988,7,4,-0.0389971062541008
1988,7,5,-0.3712896704673767
1988,7,6,-0.3411993384361267
1988,7,7,0.20117083191871643
1988,7,8,0.4305257201194763
1988,7,9,0.30681735277175903
1988,7,10,0.8556604981422424
1988,7,11,1.2750060558319092
1988,7,12,1.0771547555923462
1988,7,13,0.529891312122345
1988,7,14,0.21891659498214722
1988,7,15,0.31162840127944946
1988,7,16,1.0893148183822632
1988,7,17,1.5613563060760498
1988,7,18,1.416974663734436
1988,7,19,1.1094176769256592
1988,7,20,0.6851866245269775
1988,7,21,0.34304600954055786
1988,7,22,0.7705217599868774
1988,7,23,1.3716219663619995
1988,7,24,1.1250723600387573
1988,7,25,0.7377607822418213
1988,7,26,0.6741171479225159
1988,7,27,0.9573781490325928
1988,7,28,0.751189112663269
1988,7,29,0.4115348160266876
1988,7,30,0.4200035035610199
1988,7,31,0.13448497653007507
1988,8,1,-0.3262780010700226
1988,8,2,-0.03136727213859558
1988,8,3,0.3093161880970001
1988,8,4,0.36952245235443115
1988,8,5,0.7610854506492615
1988,8,6,0.9179149866104126
1988,8,7,1.1053639650344849
1988,8,8,1.3720961809158325
1988,8,9,1.118366003036499
1988,8,10,1.2475794553756714
1988,8,11,1.265112280845642
1988,8,12,1.183822751045227
1988,8,13,0.050622034817934036
1988,8,14,-0.9603490829467773
1988,8,15,-1.7333087921142578
1988,8,16,-2.2635114192962646
1988,8,17,-2.251340866088867
1988,8,18,-2.4013094902038574
1988,8,19,-2.6905510425567627
1988,8,20,-2.796661615371704
1988,8,21,-3.1448237895965576
1988,8,22,-3.036397695541382
1988,8,23,-2.2876224517822266
1988,8,24,-2.324355125427246
1988,8,25,-2.5310723781585693
1988,8,26,-2.469050645828247
1988,8,27,-1.8794480562210083
1988,8,28,-0.9611896276473999
1988,8,29,-0.2470988929271698
1988,8,30,0.5464065074920654
1988,8,31,1.7465267181396484
1988,9,1,2.145721197128296
1988,9,2,2.3286871910095215
1988,9,3,2.0392706394195557
1988,9,4,0.9179544448852539
1988,9,5,0.22999310493469238
1988,9,6,-0.06091254577040672
1988,9,7,-0.3444565236568451
1988,9,8,-0.6714075207710266
1988,9,9,-0.9987701773643494
1988,9,10,-1.3379955291748047
1988,9,11,-1.6405080556869507
1988,9,12,-1.8959509134292603
1988,9,13,-1.8508789539337158
1988,9,14,-1.4456818103790283
1988,9,15,-1.1082733869552612
1988,9,16,-1.0329160690307617
1988,9,17,-1.3808693885803223
1988,9,18,-1.3466075658798218
1988,9,19,-1.0704313516616821
1988,9,20,-0.5652905702590942
1988,9,21,-0.11461704969406128
1988,9,22,-0.23517043888568878
1988,9,23,-0.4934805929660797
1988,9,24,-0.6959179043769836
1988,9,25,-0.7180121541023254
1988,9,26,-0.828152060508728
1988,9,27,-1.2281956672668457
1988,9,28,-1.7970287799835205
1988,9,29,-2.250725507736206
1988,9,30,-2.5400848388671875
1988,10,1,-2.5728278160095215
1988,10,2,-2.218529224395752
1988,10,3,-1.7047042846679688
1988,10,4,-1.5971382856369019
1988,10,5,-1.510583758354187
1988,10,6,-1.4830117225646973
1988,10,7,-1.6988798379898071
1988,10,8,-1.9786314964294434
1988,10,9,-2.0961050987243652
1988,10,10,-2.4230494499206543
1988,10,11,-2.5799098014831543
1988,10,12,-2.5034079551696777
1988,10,13,-2.467460870742798
1988,10,14,-2.5080008506774902
1988,10,15,-2.3862361907958984
1988,10,16,-2.6286227703094482
1988,10,17,-3.0272302627563477
1988,10,18,-3.2823410034179688
1988,10,19,-3.5145621299743652
1988,10,20,-3.321704387664795
1988,10,21,-3.1122124195098877
1988,10,22,-3.149402379989624
1988,10,23,-2.7932472229003906
1988,10,24,-1.9478251934051514
1988,10,25,-0.9733278155326843
1988,10,26,-0.7663646340370178
1988,10,27,-1.353651523590088
1988,10,28,-1.8702294826507568
1988,10,29,-1.8520969152450562
1988,10,30,-2.02921724319458
1988,10,31,-1.891298532485962
1988,11,1,-1.5679386854171753
1988,11,2,-1.6225966215133667
1988,11,3,-1.8087884187698364
1988,11,4,-1.6586062908172607
1988,11,5,-0.833795428276062
1988,11,6,-0.10231206566095352
1988,11,7,0.013991007581353188
1988,11,8,0.09966155886650085
1988,11,9,0.4966657757759094
1988,11,10,0.9148411154747009
1988,11,11,0.8957121968269348
1988,11,12,0.8183455467224121
1988,11,13,0.9484738111495972
1988,11,14,1.3805058002471924
1988,11,15,1.5059106349945068
1988,11,16,1.6274105310440063
1988,11,17,1.5155949592590332
1988,11,18,1.153182029724121
1988,11,19,0.8608524203300476
1988,11,20,1.0938267707824707
1988,11,21,1.013798713684082
1988,11,22,1.050628662109375
1988,11,23,0.9403817653656006
1988,11,24,0.8556838631629944
1988,11,25,0.8886261582374573
1988,11,26,0.6469305753707886
1988,11,27,0.4025406539440155
1988,11,28,-0.00026029054424725473
1988,11,29,-0.14536595344543457
1988,11,30,0.1410195231437683
1988,12,1,0.3715460002422333
1988,12,2,0.34425610303878784
1988,12,3,0.4618452191352844
1988,12,4,0.7308958172798157
1988,12,5,1.2395415306091309
1988,12,6,1.5888519287109375
1988,12,7,1.5978426933288574
1988,12,8,1.0669333934783936
1988,12,9,0.6212395429611206
1988,12,10,0.19070227444171906
1988,12,11,0.08553457260131836
1988,12,12,0.17644654214382172
1988,12,13,0.45398977398872375
1988,12,14,0.7709299325942993
1988,12,15,1.079778790473938
1988,12,16,1.0745161771774292
1988,12,17,0.7644559741020203
1988,12,18,0.47034376859664917
1988,12,19,0.8314840793609619
1988,12,20,1.3833043575286865
1988,12,21,1.4429755210876465
1988,12,22,1.117337703704834
1988,12,23,1.2760000228881836
1988,12,24,1.5535376071929932
1988,12,25,1.7164417505264282
1988,12,26,1.5989186763763428
1988,12,27,1.6551322937011719
1988,12,28,1.539568543434143
1988,12,29,1.2976890802383423
1988,12,30,1.4526747465133667
1988,12,31,2.083578586578369
1989,1,1,2.7229907512664795
1989,1,2,2.5936288833618164
1989,1,3,2.190969944000244
1989,1,4,1.417556881904602
1989,1,5,0.8497369289398193
1989,1,6,0.5454650521278381
1989,1,7,0.32386553287506104
1989,1,8,0.40676581859588623
1989,1,9,0.5278726816177368
1989,1,10,0.552410900592804
1989,1,11,0.8143623471260071
1989,1,12,1.0220564603805542
1989,1,13,1.0336365699768066
1989,1,14,0.8953853845596313
1989,1,15,0.6398097276687622
1989,1,16,0.21524477005004883
1989,1,17,-0.2841362953186035
1989,1,18,-0.5841421484947205
1989,1,19,-0.5909528136253357
1989,1,20,-0.3342493772506714
1989,1,21,-0.14052900671958923
1989,1,22,0.06883136928081512
1989,1,23,0.09086151421070099
1989,1,24,0.13416855037212372
1989,1,25,0.33041179180145264
1989,1,26,0.19629120826721191
1989,1,27,0.29213494062423706
1989,1,28,0.4971522092819214
1989,1,29,0.705521285533905
1989,1,30,0.8467492461204529
1989,1,31,0.4284166097640991
1989,2,1,-0.3825020492076874
1989,2,2,-0.39437660574913025
1989,2,3,0.5915409922599792
1989,2,4,1.2043330669403076
1989,2,5,0.46122652292251587
1989,2,6,-0.6603218913078308
1989,2,7,-1.2103939056396484
1989,2,8,-1.205863356590271
1989,2,9,-0.864504873752594
1989,2,10,0.06219664216041565
1989,2,11,0.9738466739654541
1989,2,12,1.1219300031661987
1989,2,13,0.8481618165969849
1989,2,14,0.7100489139556885
1989,2,15,0.5257418751716614
1989,2,16,0.730493426322937
1989,2,17,1.15353262424469
1989,2,18,1.2140849828720093
1989,2,19,1.3439555168151855
1989,2,20,1.5674010515213013
1989,2,21,1.2624294757843018
1989,2,22,0.9862694144248962
1989,2,23,1.1628130674362183
1989,2,24,1.5604684352874756
1989,2,25,2.205960273742676
1989,2,26,2.7666454315185547
1989,2,27,2.890428304672241
1989,2,28,2.2234346866607666
1989,3,1,1.7569698095321655
1989,3,2,2.159710168838501
1989,3,3,2.2237279415130615
1989,3,4,1.6206153631210327
1989,3,5,0.963403046131134
1989,3,6,0.4863063395023346
1989,3,7,0.4875277280807495
1989,3,8,0.888374924659729
1989,3,9,1.163717269897461
1989,3,10,0.9779244065284729
1989,3,11,0.796098530292511
1989,3,12,0.6987706422805786
1989,3,13,0.42111289501190186
1989,3,14,-0.11880356073379517
1989,3,15,-0.3245757222175598
1989,3,16,-0.10869963467121124
1989,3,17,-0.2657776176929474
1989,3,18,-0.18653203547000885
1989,3,19,0.3677766025066376
1989,3,20,0.6087242364883423
1989,3,21,0.9169513583183289
1989,3,22,1.2836692333221436
1989,3,23,1.431613802909851
1989,3,24,1.108465313911438
1989,3,25,0.6407929062843323
1989,3,26,0.03584069758653641
1989,3,27,-0.23528079688549042
1989,3,28,0.04941796883940697
1989,3,29,-0.05509733781218529
1989,3,30,-0.25504106283187866
1989,3,31,-0.7208666205406189
1989,4,1,-1.663669466972351
1989,4,2,-2.143420457839966
1989,4,3,-1.712878942489624
1989,4,4,-0.8469734787940979
1989,4,5,-0.7162551879882812
1989,4,6,-1.2819498777389526
1989,4,7,-1.6990573406219482
1989,4,8,-1.9790027141571045
1989,4,9,-1.9256789684295654
1989,4,10,-1.5375398397445679
1989,4,11,-1.0900238752365112
1989,4,12,-0.7285547256469727
1989,4,13,-0.8950350880622864
1989,4,14,-0.628860354423523
1989,4,15,-0.25081202387809753
1989,4,16,-0.17774850130081177
1989,4,17,-0.4300993084907532
1989,4,18,-0.39580976963043213
1989,4,19,-0.5162975788116455
1989,4,20,-0.6318607926368713
1989,4,21,-0.26473790407180786
1989,4,22,-0.26885613799095154
1989,4,23,-0.4078056514263153
1989,4,24,-0.11472143977880478
1989,4,25,0.30338144302368164
1989,4,26,0.5948423743247986
1989,4,27,0.8005660176277161
1989,4,28,1.4124222993850708
1989,4,29,1.3993327617645264
1989,4,30,1.1452170610427856
1989,5,1,0.951809823513031
1989,5,2,0.9723989963531494
1989,5,3,1.6134155988693237
1989,5,4,2.286330223083496
1989,5,5,2.768951892852783
1989,5,6,2.6247153282165527
1989,5,7,2.580326557159424
1989,5,8,2.6196093559265137
1989,5,9,2.120732307434082
1989,5,10,1.6791921854019165
1989,5,11,1.6362645626068115
1989,5,12,1.7346745729446411
1989,5,13,2.1706619262695312
1989,5,14,2.424168586730957
1989,5,15,2.3575077056884766
1989,5,16,2.650486707687378
1989,5,17,3.2820067405700684
1989,5,18,3.604208469390869
1989,5,19,3.8182320594787598
1989,5,20,4.457564830780029
1989,5,21,4.490233898162842
1989,5,22,3.894638776779175
1989,5,23,2.9746663570404053
1989,5,24,2.6526918411254883
1989,5,25,2.46478533744812
1989,5,26,2.4251632690429688
1989,5,27,2.4648094177246094
1989,5,28,2.642671585083008
1989,5,29,2.8196756839752197
1989,5,30,2.6489369869232178
1989,5,31,2.511695384979248
1989,6,1,1.8423527479171753
1989,6,2,1.4168119430541992
1989,6,3,1.100018858909607
1989,6,4,1.066127061843872
1989,6,5,0.9811787605285645
1989,6,6,0.40202876925468445
1989,6,7,0.8172118067741394
1989,6,8,1.6845059394836426
1989,6,9,1.9267607927322388
1989,6,10,2.0391979217529297
1989,6,11,1.688967227935791
1989,6,12,1.338805079460144
1989,6,13,1.7372534275054932
1989,6,14,1.9815034866333008
1989,6,15,2.0697295665740967
1989,6,16,2.261569023132324
1989,6,17,2.5268454551696777
1989,6,18,2.4151902198791504
1989,6,19,2.116866111755371
1989,6,20,2.054126501083374
1989,6,21,1.9650198221206665
1989,6,22,2.232923746109009
1989,6,23,2.827958106994629
1989,6,24,2.9530067443847656
1989,6,25,2.4557032585144043
1989,6,26,2.202908992767334
1989,6,27,2.1889731884002686
1989,6,28,2.3421075344085693
1989,6,29,2.530609607696533
1989,6,30,2.461029529571533
1989,7,1,2.292194366455078
1989,7,2,1.9978413581848145
1989,7,3,1.6973209381103516
1989,7,4,1.6021848917007446
1989,7,5,1.6503026485443115
1989,7,6,1.6218540668487549
1989,7,7,1.6382015943527222
1989,7,8,2.3575010299682617
1989,7,9,2.944788694381714
1989,7,10,3.257157325744629
1989,7,11,3.144038438796997
1989,7,12,2.881896495819092
1989,7,13,2.4747538566589355
1989,7,14,1.577950119972229
1989,7,15,1.0153963565826416
1989,7,16,0.9901261329650879
1989,7,17,0.43331000208854675
1989,7,18,-0.3319649398326874
1989,7,19,-0.6969823837280273
1989,7,20,-0.15683799982070923
1989,7,21,0.8440903425216675
1989,7,22,1.4044569730758667
1989,7,23,1.606947660446167
1989,7,24,1.760931372642517
1989,7,25,1.7980393171310425
1989,7,26,1.6284499168395996
1989,7,27,1.1793259382247925
1989,7,28,0.3362264931201935
1989,7,29,0.042134735733270645
1989,7,30,0.06607925146818161
1989,7,31,0.43171101808547974
1989,8,1,0.9274662137031555
1989,8,2,2.164160966873169
1989,8,3,2.8347537517547607
1989,8,4,2.3547494411468506
1989,8,5,1.7450542449951172
1989,8,6,1.3637486696243286
1989,8,7,0.7050558924674988
1989,8,8,-0.2846677005290985
1989,8,9,-0.9749249815940857
1989,8,10,-1.0108048915863037
1989,8,11,-0.6080941557884216
1989,8,12,-0.46545282006263733
1989,8,13,-0.7839068174362183
1989,8,14,-1.1377277374267578
1989,8,15,-1.5441713333129883
1989,8,16,-0.9883812665939331
1989,8,17,-0.041515134274959564
1989,8,18,0.6424016952514648
1989,8,19,1.3527475595474243
1989,8,20,1.691108226776123
1989,8,21,2.145148515701294
1989,8,22,2.3830626010894775
1989,8,23,2.036095142364502
1989,8,24,1.0211515426635742
1989,8,25,-0.015506965108215809
1989,8,26,-1.0324379205703735
1989,8,27,-2.0551695823669434
1989,8,28,-3.1459145545959473
1989,8,29,-4.050765037536621
1989,8,30,-4.506278991699219
1989,8,31,-4.739836692810059
1989,9,1,-4.132974147796631
1989,9,2,-3.3409647941589355
1989,9,3,-2.4242448806762695
1989,9,4,-1.6012521982192993
1989,9,5,-1.0641900300979614
1989,9,6,-1.0893535614013672
1989,9,7,-1.340434193611145
1989,9,8,-1.302019476890564
1989,9,9,-1.0778623819351196
1989,9,10,-0.30629509687423706
1989,9,11,1.0424741506576538
1989,9,12,1.7831263542175293
1989,9,13,2.037738561630249
1989,9,14,1.2915080785751343
1989,9,15,0.9255358576774597
1989,9,16,0.6549558043479919
1989,9,17,0.08213533461093903
1989,9,18,-0.5211948156356812
1989,9,19,-1.3289626836776733
1989,9,20,-1.679352879524231
1989,9,21,-1.6840323209762573
1989,9,22,-1.4682624340057373
1989,9,23,-0.9486779570579529
1989,9,24,0.2921622097492218
1989,9,25,1.2501729726791382
1989,9,26,2.4588918685913086
1989,9,27,3.0549516677856445
1989,9,28,2.740121603012085
1989,9,29,2.280766487121582
1989,9,30,1.8347643613815308
1989,10,1,1.777289867401123
1989,10,2,1.3397696018218994
1989,10,3,0.7028763890266418
1989,10,4,0.0038246659096330404
1989,10,5,-0.6606900095939636
1989,10,6,-0.7875385880470276
1989,10,7,-0.5183281898498535
1989,10,8,-0.1515789031982422
1989,10,9,-0.15819507837295532
1989,10,10,-0.6316846609115601
1989,10,11,-0.6725733280181885
1989,10,12,-0.8210849761962891
1989,10,13,-1.4112122058868408
1989,10,14,-1.8489437103271484
1989,10,15,-1.872275471687317
1989,10,16,-1.6105406284332275
1989,10,17,-1.007726788520813
1989,10,18,-0.5692453980445862
1989,10,19,0.002678817370906472
1989,10,20,0.4095446765422821
1989,10,21,0.6464203596115112
1989,10,22,0.6134529113769531
1989,10,23,0.5372167825698853
1989,10,24,0.5209334492683411
1989,10,25,0.38305217027664185
1989,10,26,-0.053936880081892014
1989,10,27,-0.037651341408491135
1989,10,28,1.3814414739608765
1989,10,29,2.778350830078125
1989,10,30,3.18310546875
1989,10,31,2.514390468597412
1989,11,1,2.470238208770752
1989,11,2,2.8044350147247314
1989,11,3,2.7112486362457275
1989,11,4,2.222407102584839
1989,11,5,1.8832244873046875
1989,11,6,1.634671926498413
1989,11,7,1.4226456880569458
1989,11,8,1.0832653045654297
1989,11,9,0.7157993912696838
1989,11,10,0.6063704490661621
1989,11,11,0.646626353263855
1989,11,12,0.49579864740371704
1989,11,13,0.1208525076508522
1989,11,14,-0.2888784408569336
1989,11,15,-0.30347487330436707
1989,11,16,-0.08803859353065491
1989,11,17,-0.5864023566246033
1989,11,18,-0.9698835611343384
1989,11,19,-0.476545512676239
1989,11,20,-0.029849370941519737
1989,11,21,0.4528878629207611
1989,11,22,0.6804875135421753
1989,11,23,0.6936368942260742
1989,11,24,0.3759381175041199
1989,11,25,0.3864954113960266
1989,11,26,0.26665085554122925
1989,11,27,-0.22594597935676575
1989,11,28,-0.7782464623451233
1989,11,29,-0.8500673770904541
1989,11,30,-0.6063894629478455
1989,12,1,-0.2142864465713501
1989,12,2,0.1163744404911995
1989,12,3,0.17585408687591553
1989,12,4,0.16096776723861694
1989,12,5,-0.18988022208213806
1989,12,6,-0.7755197882652283
1989,12,7,-1.1359686851501465
1989,12,8,-1.325753927230835
1989,12,9,-1.4799830913543701
1989,12,10,-1.461366891860962
1989,12,11,-1.2256004810333252
1989,12,12,-1.118820309638977
1989,12,13,-0.6654210686683655
1989,12,14,-0.13265138864517212
1989,12,15,-0.23188722133636475
1989,12,16,-0.26878002285957336
1989,12,17,-0.24507196247577667
1989,12,18,-0.05563807487487793
1989,12,19,0.514367938041687
1989,12,20,0.722390353679657
1989,12,21,0.0669308677315712
1989,12,22,-0.7119717001914978
1989,12,23,-1.0689977407455444
1989,12,24,-0.9628756642341614
1989,12,25,-0.877176821231842
1989,12,26,-0.5160965919494629
1989,12,27,-0.49414023756980896
1989,12,28,-0.23072078824043274
1989,12,29,0.06993018835783005
1989,12,30,-0.048069097101688385
1989,12,31,0.23049798607826233
1990,1,1,0.2810235321521759
1990,1,2,0.27177196741104126
1990,1,3,0.5050971508026123
1990,1,4,0.52286696434021
1990,1,5,0.2477729618549347
1990,1,6,0.07126457244157791
1990,1,7,0.20686249434947968
1990,1,8,0.7134227156639099
1990,1,9,1.040980339050293
1990,1,10,0.7997252345085144
1990,1,11,-0.24472272396087646
1990,1,12,-1.0538290739059448
1990,1,13,-1.2940664291381836
1990,1,14,-1.441216230392456
1990,1,15,-1.473610520362854
1990,1,16,-1.5690187215805054
1990,1,17,-1.7724801301956177
1990,1,18,-1.8911161422729492
1990,1,19,-1.8630403280258179
1990,1,20,-1.7569000720977783
1990,1,21,-1.5160396099090576
1990,1,22,-1.0499043464660645
1990,1,23,-0.7758514285087585
1990,1,24,-0.27288520336151123
1990,1,25,0.010858024470508099
1990,1,26,-0.14639179408550262
1990,1,27,-0.7864493131637573
1990,1,28,-0.6828879714012146
1990,1,29,0.4039340615272522
1990,1,30,1.750859260559082
1990,1,31,2.163163423538208
1990,2,1,2.2753746509552
1990,2,2,2.3080203533172607
1990,2,3,2.0007967948913574
1990,2,4,1.5967634916305542
1990,2,5,1.2927216291427612
1990,2,6,1.5077035427093506
1990,2,7,2.166062116622925
1990,2,8,2.3912792205810547
1990,2,9,2.1409974098205566
1990,2,10,2.044224262237549
1990,2,11,1.6679946184158325
1990,2,12,1.095451831817627
1990,2,13,0.4385337233543396
1990,2,14,0.2655724883079529
1990,2,15,0.4517822861671448
1990,2,16,0.3272298276424408
1990,2,17,-0.20796658098697662
1990,2,18,-0.3962482810020447
1990,2,19,0.03227085620164871
1990,2,20,0.48421284556388855
1990,2,21,0.9660580158233643
1990,2,22,1.394222378730774
1990,2,23,1.1795573234558105
1990,2,24,0.7642353773117065
1990,2,25,0.6483537554740906
1990,2,26,0.9210929870605469
1990,2,27,0.9475353956222534
1990,2,28,0.29118189215660095
1990,3,1,-0.29836350679397583
1990,3,2,-0.8821448087692261
1990,3,3,-0.9518977999687195
1990,3,4,-0.4821150302886963
1990,3,5,0.1990228146314621
1990,3,6,0.5207168459892273
1990,3,7,0.3319317102432251
1990,3,8,0.40773800015449524
1990,3,9,0.2137547731399536
1990,3,10,0.16353873908519745
1990,3,11,0.6374166011810303
1990,3,12,0.5143274068832397
1990,3,13,0.42151400446891785
1990,3,14,0.6554930806159973
1990,3,15,0.6893643736839294
1990,3,16,1.0086945295333862
1990,3,17,1.500680923461914
1990,3,18,1.4685019254684448
1990,3,19,1.049147129058838
1990,3,20,0.6799014210700989
1990,3,21,-0.09536926448345184
1990,3,22,-0.5259077548980713
1990,3,23,-0.3167826533317566
1990,3,24,-0.27350687980651855
1990,3,25,0.5703889727592468
1990,3,26,1.1440281867980957
1990,3,27,1.208439588546753
1990,3,28,1.1128923892974854
1990,3,29,0.8831419348716736
1990,3,30,0.5342459678649902
1990,3,31,0.21386651694774628
1990,4,1,0.06625153124332428
1990,4,2,-0.23858818411827087
1990,4,3,-0.4891780614852905
1990,4,4,-0.8975049257278442
1990,4,5,-1.8246997594833374
1990,4,6,-2.129164457321167
1990,4,7,-1.8158204555511475
1990,4,8,-1.4039597511291504
1990,4,9,-1.4303992986679077
1990,4,10,-1.759122371673584
1990,4,11,-1.5367960929870605
1990,4,12,-1.2513222694396973
1990,4,13,-1.4990812540054321
1990,4,14,-1.797685146331787
1990,4,15,-1.5495085716247559
1990,4,16,-1.28019380569458
1990,4,17,-1.1824451684951782
1990,4,18,-1.3105567693710327
1990,4,19,-1.140122652053833
1990,4,20,-0.12266853451728821
1990,4,21,0.2828029692173004
1990,4,22,-0.03838156908750534
1990,4,23,-0.9727354049682617
1990,4,24,-1.9491686820983887
1990,4,25,-3.0263559818267822
1990,4,26,-4.067849159240723
1990,4,27,-4.794606685638428
1990,4,28,-5.063326358795166
1990,4,29,-5.1251983642578125
1990,4,30,-5.066379547119141
1990,5,1,-5.056994915008545
1990,5,2,-4.746963977813721
1990,5,3,-4.457881927490234
1990,5,4,-4.24377965927124
1990,5,5,-3.957087755203247
1990,5,6,-4.108886241912842
1990,5,7,-4.41936731338501
1990,5,8,-4.298315048217773
1990,5,9,-4.0013604164123535
1990,5,10,-3.8415324687957764
1990,5,11,-3.591902256011963
1990,5,12,-2.93519926071167
1990,5,13,-2.6348652839660645
1990,5,14,-2.127012252807617
1990,5,15,-1.798171877861023
1990,5,16,-1.3581264019012451
1990,5,17,-0.5935764312744141
1990,5,18,0.03120255097746849
1990,5,19,0.3100775480270386
1990,5,20,-0.0998130813241005
1990,5,21,-0.28827041387557983
1990,5,22,0.5834103226661682
1990,5,23,1.291212558746338
1990,5,24,1.0649522542953491
1990,5,25,0.7436464428901672
1990,5,26,0.20081767439842224
1990,5,27,0.0036589682567864656
1990,5,28,0.17077264189720154
1990,5,29,0.32464343309402466
1990,5,30,0.12184565514326096
1990,5,31,-0.26856324076652527
1990,6,1,-0.8964228630065918
1990,6,2,-1.0749633312225342
1990,6,3,-0.23943635821342468
1990,6,4,0.4520418047904968
1990,6,5,0.0030731037259101868
1990,6,6,-0.8658595681190491
1990,6,7,-1.170867681503296
1990,6,8,-1.2771748304367065
1990,6,9,-0.6880022287368774
1990,6,10,0.2758086323738098
1990,6,11,0.7137674689292908
1990,6,12,0.8493757843971252
1990,6,13,0.7429330348968506
1990,6,14,0.49506041407585144
1990,6,15,-0.09095487743616104
1990,6,16,-0.33380287885665894
1990,6,17,-0.06382708996534348
1990,6,18,0.3546534478664398
1990,6,19,0.6604321002960205
1990,6,20,0.9163073301315308
1990,6,21,1.1044607162475586
1990,6,22,0.8747428059577942
1990,6,23,0.7773699164390564
1990,6,24,0.7105104923248291
1990,6,25,0.43744274973869324
1990,6,26,-0.14594826102256775
1990,6,27,-0.17581559717655182
1990,6,28,-0.20394112169742584
1990,6,29,0.07218633592128754
1990,6,30,0.4039625823497772
1990,7,1,0.3895795941352844
1990,7,2,-0.015500693581998348
1990,7,3,-0.6000568866729736
1990,7,4,-1.0538990497589111
1990,7,5,-0.9595575332641602
1990,7,6,-0.5695719122886658
1990,7,7,-0.38703131675720215
1990,7,8,-0.6135631203651428
1990,7,9,-1.15800142288208
1990,7,10,-1.8795422315597534
1990,7,11,-1.989851951599121
1990,7,12,-2.238091468811035
1990,7,13,-2.9186179637908936
1990,7,14,-3.2980005741119385
1990,7,15,-2.910660982131958
1990,7,16,-2.894928216934204
1990,7,17,-2.6782257556915283
1990,7,18,-2.0288400650024414
1990,7,19,-1.883847713470459
1990,7,20,-1.5941325426101685
1990,7,21,-1.5214858055114746
1990,7,22,-1.1265126466751099
1990,7,23,-0.7815696001052856
1990,7,24,-0.4524483382701874
1990,7,25,-0.32815858721733093
1990,7,26,-0.502924382686615
1990,7,27,-0.435675710439682
1990,7,28,-0.7164696455001831
1990,7,29,-0.6460736989974976
1990,7,30,0.27379876375198364
1990,7,31,1.1227830648422241
1990,8,1,1.1908107995986938
1990,8,2,1.065851092338562
1990,8,3,1.2217656373977661
1990,8,4,1.2629088163375854
1990,8,5,1.166152834892273
1990,8,6,1.2897688150405884
1990,8,7,0.7099165320396423
1990,8,8,0.35922688245773315
1990,8,9,0.9877913594245911
1990,8,10,1.7818342447280884
1990,8,11,1.8574955463409424
1990,8,12,1.3823612928390503
1990,8,13,1.086363673210144
1990,8,14,1.1036434173583984
1990,8,15,1.058700442314148
1990,8,16,0.6799378395080566
1990,8,17,0.34833356738090515
1990,8,18,0.016760924831032753
1990,8,19,0.07173550873994827
1990,8,20,0.6066966652870178
1990,8,21,0.6077215671539307
1990,8,22,0.7436029314994812
1990,8,23,0.5671250224113464
1990,8,24,-0.19813330471515656
1990,8,25,-0.44687655568122864
1990,8,26,-0.7555559873580933
1990,8,27,-0.8254393935203552
1990,8,28,-0.8241532444953918
1990,8,29,-1.1105268001556396
1990,8,30,-1.73012113571167
1990,8,31,-1.432120680809021
1990,9,1,-0.9453014135360718
1990,9,2,-0.5543991923332214
1990,9,3,0.026442628353834152
1990,9,4,0.8316364884376526
1990,9,5,1.1306216716766357
1990,9,6,1.0082314014434814
1990,9,7,1.1001704931259155
1990,9,8,1.4154441356658936
1990,9,9,1.986214280128479
1990,9,10,2.8209400177001953
1990,9,11,2.724360466003418
1990,9,12,2.3841397762298584
1990,9,13,2.005265474319458
1990,9,14,1.6475354433059692
1990,9,15,1.1891882419586182
1990,9,16,1.0102412700653076
1990,9,17,1.0468766689300537
1990,9,18,0.8849360942840576
1990,9,19,1.2352652549743652
1990,9,20,1.410455584526062
1990,9,21,1.3751453161239624
1990,9,22,1.614687204360962
1990,9,23,2.040008544921875
1990,9,24,2.0164151191711426
1990,9,25,2.081265926361084
1990,9,26,1.957567811012268
1990,9,27,1.738634705543518
1990,9,28,1.6651113033294678
1990,9,29,1.966538429260254
1990,9,30,1.9678425788879395
1990,10,1,2.0499653816223145
1990,10,2,1.672658085823059
1990,10,3,0.9841500520706177
1990,10,4,0.6159828305244446
1990,10,5,0.5782212018966675
1990,10,6,0.8170630931854248
1990,10,7,0.4529525339603424
1990,10,8,0.4243707060813904
1990,10,9,0.9673613905906677
1990,10,10,1.1973685026168823
1990,10,11,0.6396461129188538
1990,10,12,-0.44853508472442627
1990,10,13,-1.2265366315841675
1990,10,14,-1.570279598236084
1990,10,15,-1.5063494443893433
1990,10,16,-1.5271714925765991
1990,10,17,-1.5289580821990967
1990,10,18,-0.6904396414756775
1990,10,19,0.13643448054790497
1990,10,20,0.3743225336074829
1990,10,21,0.7745375037193298
1990,10,22,1.2002978324890137
1990,10,23,1.1482783555984497
1990,10,24,0.5176608562469482
1990,10,25,0.1386338323354721
1990,10,26,0.20386482775211334
1990,10,27,-0.4548720121383667
1990,10,28,-0.35659506916999817
1990,10,29,-0.06064441800117493
1990,10,30,-0.349413126707077
1990,10,31,-1.0977463722229004
1990,11,1,-1.7117265462875366
1990,11,2,-1.8266825675964355
1990,11,3,-1.3646903038024902
1990,11,4,-0.9005306959152222
1990,11,5,-0.6507521867752075
1990,11,6,-0.1763886958360672
1990,11,7,-0.038059961050748825
1990,11,8,0.32329055666923523
1990,11,9,0.02237797901034355
1990,11,10,-0.4102535843849182
1990,11,11,-0.25436368584632874
1990,11,12,0.6888813972473145
1990,11,13,1.2185492515563965
1990,11,14,0.9126521348953247
1990,11,15,0.5067480802536011
1990,11,16,0.4554464519023895
1990,11,17,-0.3623741865158081
1990,11,18,-0.7747470736503601
1990,11,19,-1.1304175853729248
1990,11,20,-1.1989651918411255
1990,11,21,-1.208277702331543
1990,11,22,-0.8402135372161865
1990,11,23,-0.33635860681533813
1990,11,24,-0.12319017946720123
1990,11,25,-0.3555864691734314
1990,11,26,-0.533206582069397
1990,11,27,-0.10688912868499756
1990,11,28,0.013981896452605724
1990,11,29,0.008074898272752762
1990,11,30,-0.3039831221103668
1990,12,1,-0.7133480906486511
1990,12,2,-0.4047536551952362
1990,12,3,0.08648782968521118
1990,12,4,0.46727386116981506
1990,12,5,1.0656315088272095
1990,12,6,1.0662202835083008
1990,12,7,0.6694216132164001
1990,12,8,0.8034140467643738
1990,12,9,1.689061164855957
1990,12,10,1.738610863685608
1990,12,11,1.0114905834197998
1990,12,12,-0.44705116748809814
1990,12,13,-0.9046335816383362
1990,12,14,-0.7341049313545227
1990,12,15,-0.6300767064094543
1990,12,16,-0.6933198571205139
1990,12,17,-0.8803210854530334
1990,12,18,-1.174673080444336
1990,12,19,-1.3289813995361328
1990,12,20,-1.4540797472000122
1990,12,21,-1.5843852758407593
1990,12,22,-1.2446240186691284
1990,12,23,-0.5440608263015747
1990,12,24,-0.431535542011261
1990,12,25,-0.49375876784324646
1990,12,26,-0.6259359121322632
1990,12,27,-0.7129401564598083
1990,12,28,-0.6671936511993408
1990,12,29,-0.7126245498657227
1990,12,30,-0.8407784104347229
1990,12,31,-0.7666495442390442
1991,1,1,-0.28819480538368225
1991,1,2,-0.054392363876104355
1991,1,3,0.5418485999107361
1991,1,4,1.1716002225875854
1991,1,5,1.2785965204238892
1991,1,6,1.2484883069992065
1991,1,7,1.0055322647094727
1991,1,8,0.6754773259162903
1991,1,9,0.4949248731136322
1991,1,10,0.5179590582847595
1991,1,11,0.8294023871421814
1991,1,12,1.3137860298156738
1991,1,13,1.625712513923645
1991,1,14,1.8757002353668213
1991,1,15,1.8119827508926392
1991,1,16,1.7022712230682373
1991,1,17,1.4197508096694946
1991,1,18,1.2031718492507935
1991,1,19,1.0612415075302124
1991,1,20,0.922962486743927
1991,1,21,0.9977927803993225
1991,1,22,1.4314576387405396
1991,1,23,1.5550358295440674
1991,1,24,0.9765409231185913
1991,1,25,0.26537930965423584
1991,1,26,-0.08740852028131485
1991,1,27,-0.09631770104169846
1991,1,28,-0.0807073563337326
1991,1,29,0.25483179092407227
1991,1,30,0.4627719521522522
1991,1,31,-0.1434706747531891
1991,2,1,-0.579282283782959
1991,2,2,-0.35288184881210327
1991,2,3,-0.2567628026008606
1991,2,4,-0.4686204791069031
1991,2,5,-0.7864919304847717
1991,2,6,-0.8714722394943237
1991,2,7,-0.8996905088424683
1991,2,8,-0.971265435218811
1991,2,9,-0.9087713956832886
1991,2,10,-0.9181187152862549
1991,2,11,-0.8908637166023254
1991,2,12,-0.8854113817214966
1991,2,13,-0.7318584322929382
1991,2,14,-0.15857692062854767
1991,2,15,-0.11090745776891708
1991,2,16,-0.5525453686714172
1991,2,17,-1.1757875680923462
1991,2,18,-1.5725557804107666
1991,2,19,-1.7547340393066406
1991,2,20,-2.2651443481445312
1991,2,21,-2.2076640129089355
1991,2,22,-1.5803014039993286
1991,2,23,-1.2441363334655762
1991,2,24,-0.6792917847633362
1991,2,25,-0.19864167273044586
1991,2,26,-0.20990538597106934
1991,2,27,-0.08065295964479446
1991,2,28,0.25046712160110474
1991,3,1,0.5264366865158081
1991,3,2,0.1759646236896515
1991,3,3,0.23999735713005066
1991,3,4,0.5165939927101135
1991,3,5,0.5589897036552429
1991,3,6,0.268237829208374
1991,3,7,0.30992865562438965
1991,3,8,1.2496073246002197
1991,3,9,1.6827539205551147
1991,3,10,1.9508329629898071
1991,3,11,2.0803146362304688
1991,3,12,1.7025489807128906
1991,3,13,1.265925407409668
1991,3,14,1.0223388671875
1991,3,15,1.1957110166549683
1991,3,16,1.1419428586959839
1991,3,17,0.9375239014625549
1991,3,18,0.5442756414413452
1991,3,19,0.060908086597919464
1991,3,20,0.4325750768184662
1991,3,21,0.5099174380302429
1991,3,22,-0.12941235303878784
1991,3,23,-0.4079630970954895
1991,3,24,0.054833486676216125
1991,3,25,0.7247463464736938
1991,3,26,0.5267738699913025
1991,3,27,-0.18826496601104736
1991,3,28,-0.7327617406845093
1991,3,29,-0.6278623938560486
1991,3,30,-0.7684127688407898
1991,3,31,-1.2894518375396729
1991,4,1,-0.8690941333770752
1991,4,2,-0.43247607350349426
1991,4,3,-0.18575391173362732
1991,4,4,-0.5180657505989075
1991,4,5,-0.846907913684845
1991,4,6,-1.2795608043670654
1991,4,7,-1.488289713859558
1991,4,8,-1.108331561088562
1991,4,9,-0.3202803432941437
1991,4,10,0.5043699741363525
1991,4,11,-0.22373375296592712
1991,4,12,-1.1738604307174683
1991,4,13,-1.549063801765442
1991,4,14,-1.2453386783599854
1991,4,15,-0.2832976281642914
1991,4,16,0.274829238653183
1991,4,17,0.15862242877483368
1991,4,18,0.03975597023963928
1991,4,19,-0.26740655303001404
1991,4,20,-0.9139586687088013
1991,4,21,-1.3725913763046265
1991,4,22,-1.2768701314926147
1991,4,23,-0.9231610894203186
1991,4,24,-0.5312291383743286
1991,4,25,0.06691794097423553
1991,4,26,0.04333377629518509
1991,4,27,-0.3221825659275055
1991,4,28,-0.7782289385795593
1991,4,29,-0.9785029292106628
1991,4,30,-0.7691824436187744
1991,5,1,-0.9236573576927185
1991,5,2,-0.928329348564148
1991,5,3,-0.7574319243431091
1991,5,4,-0.4361651539802551
1991,5,5,0.32797425985336304
1991,5,6,0.7997128367424011
1991,5,7,0.8288813829421997
1991,5,8,0.5326225757598877
1991,5,9,-0.06469758599996567
1991,5,10,-0.3384089171886444
1991,5,11,-0.4667302072048187
1991,5,12,0.31381621956825256
1991,5,13,1.0364723205566406
1991,5,14,0.9269586801528931
1991,5,15,0.8382689356803894
1991,5,16,0.6408462524414062
1991,5,17,0.6614747643470764
1991,5,18,0.632746160030365
1991,5,19,0.37073269486427307
1991,5,20,-0.1343768686056137
1991,5,21,-0.8908426761627197
1991,5,22,-1.860300064086914
1991,5,23,-2.4610865116119385
1991,5,24,-3.1141586303710938
1991,5,25,-3.1421761512756348
1991,5,26,-2.7737321853637695
1991,5,27,-1.9401826858520508
1991,5,28,-1.2123230695724487
1991,5,29,-0.6205577850341797
1991,5,30,-0.8190010190010071
1991,5,31,-1.2006515264511108
1991,6,1,-0.7788889408111572
1991,6,2,-0.4325544834136963
1991,6,3,-0.65681391954422
1991,6,4,-1.2784273624420166
1991,6,5,-1.4484671354293823
1991,6,6,-0.6024539470672607
1991,6,7,-0.43196168541908264
1991,6,8,-0.34608757495880127
1991,6,9,-0.5654684901237488
1991,6,10,-0.9964615106582642
1991,6,11,-1.1952780485153198
1991,6,12,-1.7046680450439453
1991,6,13,-1.9751574993133545
1991,6,14,-2.348667860031128
1991,6,15,-2.643083333969116
1991,6,16,-2.3690617084503174
1991,6,17,-1.7281242609024048
1991,6,18,-1.0928095579147339
1991,6,19,-0.8176946043968201
1991,6,20,-0.8361876606941223
1991,6,21,-0.6890074610710144
1991,6,22,-1.0085639953613281
1991,6,23,-2.0220284461975098
1991,6,24,-2.5233685970306396
1991,6,25,-1.9948909282684326
1991,6,26,-0.7750676870346069
1991,6,27,-0.09744592010974884
1991,6,28,-0.16429980099201202
1991,6,29,-0.11125431954860687
1991,6,30,0.16261909902095795
1991,7,1,0.7801225185394287
1991,7,2,1.2588927745819092
1991,7,3,1.2502259016036987
1991,7,4,0.9582053422927856
1991,7,5,0.6337530016899109
1991,7,6,0.3678959608078003
1991,7,7,0.11523712426424026
1991,7,8,-0.5516858100891113
1991,7,9,-1.1744229793548584
1991,7,10,-1.2819839715957642
1991,7,11,-1.1904377937316895
1991,7,12,-0.991549551486969
1991,7,13,-0.9929524660110474
1991,7,14,-0.6736258864402771
1991,7,15,-0.4070238471031189
1991,7,16,-0.2554793655872345
1991,7,17,-0.19446247816085815
1991,7,18,-0.5173935294151306
1991,7,19,-0.8508243560791016
1991,7,20,-1.3576998710632324
1991,7,21,-2.1575045585632324
1991,7,22,-2.8088886737823486
1991,7,23,-3.075775623321533
1991,7,24,-3.426525831222534
1991,7,25,-3.2291831970214844
1991,7,26,-2.9116644859313965
1991,7,27,-2.67557954788208
1991,7,28,-2.6348164081573486
1991,7,29,-3.081441640853882
1991,7,30,-2.9549717903137207
1991,7,31,-2.51684308052063
1991,8,1,-1.708574891090393
1991,8,2,-1.1252398490905762
1991,8,3,-1.0877315998077393
1991,8,4,-1.0963177680969238
1991,8,5,-0.6959080696105957
1991,8,6,-0.5684911608695984
1991,8,7,-0.35398587584495544
1991,8,8,0.29148226976394653
1991,8,9,0.589081883430481
1991,8,10,1.0149575471878052
1991,8,11,1.4099862575531006
1991,8,12,0.8896074295043945
1991,8,13,-0.12697984278202057
1991,8,14,-1.2070428133010864
1991,8,15,-1.1769144535064697
1991,8,16,-0.11707433313131332
1991,8,17,0.4141360819339752
1991,8,18,-0.09850599616765976
1991,8,19,-0.14819282293319702
1991,8,20,0.004179744981229305
1991,8,21,-0.023272739723324776
1991,8,22,0.30452650785446167
1991,8,23,0.8606763482093811
1991,8,24,0.7345121502876282
1991,8,25,0.28645050525665283
1991,8,26,0.37367895245552063
1991,8,27,0.396221399307251
1991,8,28,0.2125214785337448
1991,8,29,0.15127545595169067
1991,8,30,0.927212119102478
1991,8,31,1.6580991744995117
1991,9,1,1.802941918373108
1991,9,2,1.37873375415802
1991,9,3,0.2072964608669281
1991,9,4,-0.8057159185409546
1991,9,5,-0.568115234375
1991,9,6,-0.2845136523246765
1991,9,7,-0.30832719802856445
1991,9,8,0.06862211227416992
1991,9,9,0.9017497301101685
1991,9,10,1.3350743055343628
1991,9,11,1.7816828489303589
1991,9,12,2.4319207668304443
1991,9,13,2.668975353240967
1991,9,14,2.136624574661255
1991,9,15,1.0230964422225952
1991,9,16,0.07934865355491638
1991,9,17,-0.5805380344390869
1991,9,18,-1.278638482093811
1991,9,19,-1.504976749420166
1991,9,20,-1.6876503229141235
1991,9,21,-2.0471580028533936
1991,9,22,-1.963901162147522
1991,9,23,-1.8937184810638428
1991,9,24,-2.0805788040161133
1991,9,25,-2.325195789337158
1991,9,26,-2.394284963607788
1991,9,27,-2.2508997917175293
1991,9,28,-2.6163949966430664
1991,9,29,-2.86146879196167
1991,9,30,-3.2777538299560547
1991,10,1,-2.895150899887085
1991,10,2,-2.5492613315582275
1991,10,3,-2.5470447540283203
1991,10,4,-3.141512632369995
1991,10,5,-3.157820224761963
1991,10,6,-3.120675802230835
1991,10,7,-3.2807304859161377
1991,10,8,-3.0384109020233154
1991,10,9,-2.952500104904175
1991,10,10,-2.42533016204834
1991,10,11,-1.5164562463760376
1991,10,12,-1.0333093404769897
1991,10,13,-1.2196718454360962
1991,10,14,-1.2694462537765503
1991,10,15,-1.1319822072982788
1991,10,16,-0.6359909176826477
1991,10,17,-0.06577405333518982
1991,10,18,0.5232282876968384
1991,10,19,0.7937542796134949
1991,10,20,0.7985471487045288
1991,10,21,0.9926785826683044
1991,10,22,0.8907577991485596
1991,10,23,0.7864700555801392
1991,10,24,0.8627573847770691
1991,10,25,1.0357396602630615
1991,10,26,1.0575209856033325
1991,10,27,1.245863437652588
1991,10,28,1.6402904987335205
1991,10,29,1.9762064218521118
1991,10,30,2.272944211959839
1991,10,31,2.399832010269165
1991,11,1,2.235252857208252
1991,11,2,1.8918869495391846
1991,11,3,1.675791621208191
1991,11,4,1.6857415437698364
1991,11,5,1.217300534248352
1991,11,6,0.36689192056655884
1991,11,7,-0.30043116211891174
1991,11,8,-0.8199295401573181
1991,11,9,-1.0655543804168701
1991,11,10,-1.2700095176696777
1991,11,11,-1.4036146402359009
1991,11,12,-1.569057583808899
1991,11,13,-1.812585711479187
1991,11,14,-1.872413158416748
1991,11,15,-2.1908199787139893
1991,11,16,-2.235469102859497
1991,11,17,-1.7809460163116455
1991,11,18,-1.3848518133163452
1991,11,19,-1.4462801218032837
1991,11,20,-1.70711088180542
1991,11,21,-1.3584507703781128
1991,11,22,-0.9498099684715271
1991,11,23,-1.164268970489502
1991,11,24,-1.4561469554901123
1991,11,25,-1.119964361190796
1991,11,26,-0.6227392554283142
1991,11,27,-0.6212586760520935
1991,11,28,-1.159949779510498
1991,11,29,-1.5417324304580688
1991,11,30,-1.5551352500915527
1991,12,1,-1.7024027109146118
1991,12,2,-1.8886827230453491
1991,12,3,-2.098717212677002
1991,12,4,-2.3574793338775635
1991,12,5,-2.464033603668213
1991,12,6,-2.3375802040100098
1991,12,7,-2.2191567420959473
1991,12,8,-2.0763254165649414
1991,12,9,-1.8326611518859863
1991,12,10,-1.3397654294967651
1991,12,11,-0.8385576009750366
1991,12,12,-1.0097142457962036
1991,12,13,-1.3530616760253906
1991,12,14,-1.7746975421905518
1991,12,15,-2.3189778327941895
1991,12,16,-2.512920379638672
1991,12,17,-2.7165889739990234
1991,12,18,-2.7067031860351562
1991,12,19,-2.2393784523010254
1991,12,20,-1.8054461479187012
1991,12,21,-1.7689735889434814
1991,12,22,-2.1733031272888184
1991,12,23,-2.6716012954711914
1991,12,24,-3.0835776329040527
1991,12,25,-2.836430311203003
1991,12,26,-2.406299114227295
1991,12,27,-2.123476505279541
1991,12,28,-1.9072537422180176
1991,12,29,-1.4545927047729492
1991,12,30,-1.0101046562194824
1991,12,31,-0.8443620800971985
1992,1,1,-1.1491085290908813
1992,1,2,-1.2090730667114258
1992,1,3,-1.2153297662734985
1992,1,4,-1.3135870695114136
1992,1,5,-1.143926739692688
1992,1,6,-0.7397183179855347
1992,1,7,0.011517700739204884
1992,1,8,0.814380943775177
1992,1,9,1.225420594215393
1992,1,10,1.26360285282135
1992,1,11,1.1034433841705322
1992,1,12,1.1763252019882202
1992,1,13,0.910635232925415
1992,1,14,0.35150644183158875
1992,1,15,0.1577826589345932
1992,1,16,-0.25179022550582886
1992,1,17,-0.5362367630004883
1992,1,18,-0.5786103010177612
1992,1,19,-0.29165399074554443
1992,1,20,-0.5469107627868652
1992,1,21,-0.4921075701713562
1992,1,22,-0.027530038729310036
1992,1,23,0.24770858883857727
1992,1,24,0.4753226637840271
1992,1,25,0.9136926531791687
1992,1,26,0.9751313924789429
1992,1,27,0.7398362755775452
1992,1,28,0.7379948496818542
1992,1,29,0.5538380742073059
1992,1,30,0.06916482001543045
1992,1,31,-0.1382988840341568
1992,2,1,-0.32756513357162476
1992,2,2,-0.8790478110313416
1992,2,3,-1.1232210397720337
1992,2,4,-0.956024169921875
1992,2,5,-0.7020869255065918
1992,2,6,-0.880975067615509
1992,2,7,-0.9863726496696472
1992,2,8,-0.6212896108627319
1992,2,9,-0.6243735551834106
1992,2,10,-0.60493004322052
1992,2,11,-0.6443020701408386
1992,2,12,-1.3024824857711792
1992,2,13,-2.373368501663208
1992,2,14,-3.339744806289673
1992,2,15,-3.628277063369751
1992,2,16,-3.2827112674713135
1992,2,17,-2.9993526935577393
1992,2,18,-2.660661220550537
1992,2,19,-2.0774643421173096
1992,2,20,-1.6625651121139526
1992,2,21,-1.6248588562011719
1992,2,22,-1.6357067823410034
1992,2,23,-1.901177167892456
1992,2,24,-2.0071122646331787
1992,2,25,-1.810594916343689
1992,2,26,-1.5328567028045654
1992,2,27,-1.503431797027588
1992,2,28,-1.197494387626648
1992,2,29,-0.6701913475990295
1992,3,1,-0.1654292792081833
1992,3,2,-0.046542391180992126
1992,3,3,-0.45238855481147766
1992,3,4,-0.8967254757881165
1992,3,5,-1.2886781692504883
1992,3,6,-1.1972155570983887
1992,3,7,-0.7762621641159058
1992,3,8,-0.304971307516098
1992,3,9,-0.45178136229515076
1992,3,10,-0.9023720026016235
1992,3,11,-1.1764116287231445
1992,3,12,-0.6877802610397339
1992,3,13,-0.14329999685287476
1992,3,14,-0.38529786467552185
1992,3,15,-1.2068876028060913
1992,3,16,-1.8088593482971191
1992,3,17,-1.891369104385376
1992,3,18,-2.2546606063842773
1992,3,19,-2.6707358360290527
1992,3,20,-2.7996039390563965
1992,3,21,-2.171963691711426
1992,3,22,-1.041359305381775
1992,3,23,-0.19820375740528107
1992,3,24,-0.23885191977024078
1992,3,25,-0.6180866360664368
1992,3,26,-0.7927737832069397
1992,3,27,-0.8825762867927551
1992,3,28,-0.6719933152198792
1992,3,29,-0.7352394461631775
1992,3,30,-0.7753365635871887
1992,3,31,-0.6415020823478699
1992,4,1,-1.1330457925796509
1992,4,2,-1.4103385210037231
1992,4,3,-1.0087255239486694
1992,4,4,-0.6458725333213806
1992,4,5,-0.660818874835968
1992,4,6,-0.7011021971702576
1992,4,7,-0.6185682415962219
1992,4,8,-0.5513663291931152
1992,4,9,-0.3862406313419342
1992,4,10,0.30780884623527527
1992,4,11,1.4776586294174194
1992,4,12,1.6517103910446167
1992,4,13,1.5167737007141113
1992,4,14,0.8951555490493774
1992,4,15,0.37548238039016724
1992,4,16,0.15150444209575653
1992,4,17,-0.013447652570903301
1992,4,18,-0.4840727150440216
1992,4,19,-0.6917566657066345
1992,4,20,-0.7749922871589661
1992,4,21,-0.467352956533432
1992,4,22,-0.5732355117797852
1992,4,23,-1.1901085376739502
1992,4,24,-0.9059037566184998
1992,4,25,-0.06301315128803253
1992,4,26,0.20380273461341858
1992,4,27,-0.571019172668457
1992,4,28,-1.4935383796691895
1992,4,29,-2.1973628997802734
1992,4,30,-2.8206851482391357
1992,5,1,-3.213818073272705
1992,5,2,-3.0293145179748535
1992,5,3,-3.2337193489074707
1992,5,4,-3.2836267948150635
1992,5,5,-3.0382485389709473
1992,5,6,-2.9326727390289307
1992,5,7,-2.7551236152648926
1992,5,8,-1.823727011680603
1992,5,9,-0.6525419354438782
1992,5,10,-0.3321499228477478
1992,5,11,-1.0443023443222046
1992,5,12,-1.4569298028945923
1992,5,13,-1.457406759262085
1992,5,14,-1.399348258972168
1992,5,15,-1.5787394046783447
1992,5,16,-1.0663939714431763
1992,5,17,-0.32847458124160767
1992,5,18,-1.3432095050811768
1992,5,19,-2.277298927307129
1992,5,20,-2.465179204940796
1992,5,21,-2.7044308185577393
1992,5,22,-2.332667827606201
1992,5,23,-2.10213041305542
1992,5,24,-2.16402268409729
1992,5,25,-2.122424364089966
1992,5,26,-2.67983341217041
1992,5,27,-2.8762011528015137
1992,5,28,-2.3269238471984863
1992,5,29,-1.4256633520126343
1992,5,30,-0.9665094017982483
1992,5,31,-0.40061354637145996
1992,6,1,0.07004441320896149
1992,6,2,0.33559364080429077
1992,6,3,-0.040011513978242874
1992,6,4,-0.5528416037559509
1992,6,5,-0.39496520161628723
1992,6,6,0.5080162286758423
1992,6,7,1.157749056816101
1992,6,8,0.8305032849311829
1992,6,9,0.27303317189216614
1992,6,10,-0.30909672379493713
1992,6,11,-0.3883058726787567
1992,6,12,-0.6517232060432434
1992,6,13,-1.681461215019226
1992,6,14,-2.4473021030426025
1992,6,15,-3.109722137451172
1992,6,16,-3.626713275909424
1992,6,17,-4.167515754699707
1992,6,18,-4.289253234863281
1992,6,19,-4.371786594390869
1992,6,20,-4.586837291717529
1992,6,21,-4.173762321472168
1992,6,22,-3.618659257888794
1992,6,23,-3.1174445152282715
1992,6,24,-2.504969835281372
1992,6,25,-2.4785053730010986
1992,6,26,-3.255472421646118
1992,6,27,-4.201725959777832
1992,6,28,-4.621292591094971
1992,6,29,-4.155083179473877
1992,6,30,-3.945955514907837
1992,7,1,-3.9615566730499268
1992,7,2,-3.247816562652588
1992,7,3,-2.8960354328155518
1992,7,4,-2.9649248123168945
1992,7,5,-2.8384757041931152
1992,7,6,-2.609473705291748
1992,7,7,-2.5322322845458984
1992,7,8,-2.463521718978882
1992,7,9,-2.3156492710113525
1992,7,10,-2.0558929443359375
1992,7,11,-1.9064706563949585
1992,7,12,-1.8126482963562012
1992,7,13,-0.9507714509963989
1992,7,14,0.19676175713539124
1992,7,15,0.8558470606803894
1992,7,16,1.6392031908035278
1992,7,17,1.9772073030471802
1992,7,18,1.617950677871704
1992,7,19,1.3463701009750366
1992,7,20,1.2829207181930542
1992,7,21,1.5016032457351685
1992,7,22,1.5155304670333862
1992,7,23,1.2004762887954712
1992,7,24,1.08346426486969
1992,7,25,0.9229121208190918
1992,7,26,0.6466455459594727
1992,7,27,0.15889933705329895
1992,7,28,-0.4301319122314453
1992,7,29,-0.43204665184020996
1992,7,30,-0.1255871057510376
1992,7,31,0.5978077054023743
1992,8,1,1.3292962312698364
1992,8,2,0.8254489898681641
1992,8,3,-0.24374982714653015
1992,8,4,-0.9726071953773499
1992,8,5,-1.2943251132965088
1992,8,6,-1.5737617015838623
1992,8,7,-1.2895419597625732
1992,8,8,-1.0976346731185913
1992,8,9,-1.1348042488098145
1992,8,10,-0.44700896739959717
1992,8,11,0.16853158175945282
1992,8,12,0.4221310317516327
1992,8,13,0.040255483239889145
1992,8,14,-0.35481008887290955
1992,8,15,-0.1653585135936737
1992,8,16,0.3381282389163971
1992,8,17,0.581195592880249
1992,8,18,0.6352155208587646
1992,8,19,0.1746499091386795
1992,8,20,-0.3961780369281769
1992,8,21,-0.7602193355560303
1992,8,22,-0.8887748718261719
1992,8,23,-1.3548437356948853
1992,8,24,-1.9240796566009521
1992,8,25,-1.8903518915176392
1992,8,26,-1.5104385614395142
1992,8,27,-0.8241093158721924
1992,8,28,0.014609327539801598
1992,8,29,0.8219547271728516
1992,8,30,1.0733333826065063
1992,8,31,1.173641324043274
1992,9,1,2.006235122680664
1992,9,2,1.4618204832077026
1992,9,3,0.4002295434474945
1992,9,4,-0.15909433364868164
1992,9,5,-0.1613292247056961
1992,9,6,-0.28982916474342346
1992,9,7,-0.8122931718826294
1992,9,8,-1.2609800100326538
1992,9,9,-1.098623275756836
1992,9,10,-0.5844367146492004
1992,9,11,0.010003985837101936
1992,9,12,0.6235028505325317
1992,9,13,0.9824844598770142
1992,9,14,1.684661626815796
1992,9,15,2.042306661605835
1992,9,16,2.309316396713257
1992,9,17,2.7188456058502197
1992,9,18,2.681981086730957
1992,9,19,1.6795663833618164
1992,9,20,0.3002905249595642
1992,9,21,-0.44159165024757385
1992,9,22,-0.6648797392845154
1992,9,23,-0.6133468747138977
1992,9,24,-0.33473894000053406
1992,9,25,-0.33099111914634705
1992,9,26,-0.2779648005962372
1992,9,27,0.23327095806598663
1992,9,28,0.3568294942378998
1992,9,29,0.20919916033744812
1992,9,30,-0.16339045763015747
1992,10,1,-0.5634123086929321
1992,10,2,-0.7924360036849976
1992,10,3,-0.6527387499809265
1992,10,4,-0.1722792088985443
1992,10,5,0.5574492812156677
1992,10,6,1.4257004261016846
1992,10,7,1.9613957405090332
1992,10,8,1.912517786026001
1992,10,9,1.655844807624817
1992,10,10,0.7877928614616394
1992,10,11,0.10964629054069519
1992,10,12,-0.06627749651670456
1992,10,13,-0.2774603068828583
1992,10,14,-0.3638192117214203
1992,10,15,-0.4914184510707855
1992,10,16,-0.49195966124534607
1992,10,17,-0.3872605264186859
1992,10,18,-0.39844295382499695
1992,10,19,-0.6794730424880981
1992,10,20,-0.685871422290802
1992,10,21,-0.28661736845970154
1992,10,22,-0.18263377249240875
1992,10,23,-0.6195018291473389
1992,10,24,-1.1868613958358765
1992,10,25,-1.3325127363204956
1992,10,26,-1.8262903690338135
1992,10,27,-1.6281919479370117
1992,10,28,-1.2164407968521118
1992,10,29,-1.020276665687561
1992,10,30,-1.0914303064346313
1992,10,31,-1.6209006309509277
1992,11,1,-1.681204915046692
1992,11,2,-1.1383566856384277
1992,11,3,-1.0491085052490234
1992,11,4,-0.8678795099258423
1992,11,5,-0.632656991481781
1992,11,6,-0.6026224493980408
1992,11,7,-0.6358106136322021
1992,11,8,-0.11795392632484436
1992,11,9,0.8010821342468262
1992,11,10,0.9835392832756042
1992,11,11,1.150144338607788
1992,11,12,1.5644747018814087
1992,11,13,1.5236952304840088
1992,11,14,1.413291096687317
1992,11,15,0.9376951456069946
1992,11,16,0.2688526213169098
1992,11,17,0.006644200533628464
1992,11,18,0.3879375755786896
1992,11,19,0.8455272316932678
1992,11,20,0.9769895076751709
1992,11,21,0.6867066621780396
1992,11,22,0.2787536382675171
1992,11,23,-0.30789387226104736
1992,11,24,-0.4369657635688782
1992,11,25,-0.21233628690242767
1992,11,26,0.2365211695432663
1992,11,27,0.01446145586669445
1992,11,28,-0.5155935883522034
1992,11,29,-0.47108960151672363
1992,11,30,0.0428893007338047
1992,12,1,0.20787081122398376
1992,12,2,0.08521634340286255
1992,12,3,0.09111551940441132
1992,12,4,0.19536535441875458
1992,12,5,0.3657369613647461
1992,12,6,0.6310335993766785
1992,12,7,0.6300707459449768
1992,12,8,0.6793481111526489
1992,12,9,0.5937168598175049
1992,12,10,0.8020020127296448
1992,12,11,0.951617956161499
1992,12,12,0.9272228479385376
1992,12,13,1.0818742513656616
1992,12,14,1.4214085340499878
1992,12,15,1.519596815109253
1992,12,16,0.941433310508728
1992,12,17,0.311985045671463
1992,12,18,-0.5335376262664795
1992,12,19,-0.8908371329307556
1992,12,20,-0.278861939907074
1992,12,21,0.5510480403900146
1992,12,22,0.2533699572086334
1992,12,23,-0.3569333255290985
1992,12,24,-0.5536493062973022
1992,12,25,-0.21357136964797974
1992,12,26,-0.06441019475460052
1992,12,27,0.10442963987588882
1992,12,28,0.3115617334842682
1992,12,29,-0.3665887117385864
1992,12,30,-0.9652358889579773
1992,12,31,-1.228930115699768
1993,1,1,-1.381874442100525
1993,1,2,-1.5522147417068481
1993,1,3,-1.6752007007598877
1993,1,4,-1.5333195924758911
1993,1,5,-1.527434229850769
1993,1,6,-1.6397780179977417
1993,1,7,-1.7656680345535278
1993,1,8,-1.7340068817138672
1993,1,9,-1.5387338399887085
1993,1,10,-1.3938575983047485
1993,1,11,-1.52107834815979
1993,1,12,-1.7137099504470825
1993,1,13,-1.9234486818313599
1993,1,14,-2.139432668685913
1993,1,15,-2.4742069244384766
1993,1,16,-2.802985429763794
1993,1,17,-3.1328017711639404
1993,1,18,-3.1801609992980957
1993,1,19,-2.875906467437744
1993,1,20,-2.7679436206817627
1993,1,21,-2.829411745071411
1993,1,22,-2.7852978706359863
1993,1,23,-2.4772887229919434
1993,1,24,-1.7542688846588135
1993,1,25,-1.4318355321884155
1993,1,26,-1.7597825527191162
1993,1,27,-1.6958072185516357
1993,1,28,-0.9633181691169739
1993,1,29,-0.8322889804840088
1993,1,30,-1.4270672798156738
1993,1,31,-2.240638256072998
1993,2,1,-2.649564743041992
1993,2,2,-1.9845460653305054
1993,2,3,-1.3578214645385742
1993,2,4,-1.2474477291107178
1993,2,5,-0.8884474635124207
1993,2,6,-0.16779962182044983
1993,2,7,0.9398630261421204
1993,2,8,1.538360595703125
1993,2,9,1.7103413343429565
1993,2,10,1.390997290611267
1993,2,11,1.146891474723816
1993,2,12,0.9171101450920105
1993,2,13,0.7159494161605835
1993,2,14,0.7547431588172913
1993,2,15,0.6892820000648499
1993,2,16,0.454654335975647
1993,2,17,0.5963189601898193
1993,2,18,1.1686221361160278
1993,2,19,1.5516443252563477
1993,2,20,1.8340072631835938
1993,2,21,2.0193848609924316
1993,2,22,1.4086052179336548
1993,2,23,0.43916887044906616
1993,2,24,0.03336602449417114
1993,2,25,0.1064976379275322
1993,2,26,0.19623436033725739
1993,2,27,0.1892767697572708
1993,2,28,0.22373563051223755
1993,3,1,-0.04470140486955643
1993,3,2,0.057631250470876694
1993,3,3,0.4062272012233734
1993,3,4,1.029129147529602
1993,3,5,1.108838677406311
1993,3,6,0.8462599515914917
1993,3,7,0.2711235582828522
1993,3,8,-0.26708248257637024
1993,3,9,0.06953510642051697
1993,3,10,0.27929049730300903
1993,3,11,0.6713526248931885
1993,3,12,0.9493499994277954
1993,3,13,0.9973422288894653
1993,3,14,0.8436579704284668
1993,3,15,0.6962618827819824
1993,3,16,0.6060106158256531
1993,3,17,0.6230178475379944
1993,3,18,0.46928688883781433
1993,3,19,-0.15645378828048706
1993,3,20,-0.75853431224823
1993,3,21,-1.3446366786956787
1993,3,22,-1.4879579544067383
1993,3,23,-1.048508644104004
1993,3,24,-0.955390989780426
1993,3,25,-1.0808476209640503
1993,3,26,-1.8426767587661743
1993,3,27,-2.2848596572875977
1993,3,28,-2.29966402053833
1993,3,29,-2.376786231994629
1993,3,30,-2.7778892517089844
1993,3,31,-2.561594009399414
1993,4,1,-1.262166142463684
1993,4,2,0.15222077071666718
1993,4,3,0.8130443096160889
1993,4,4,0.9388360977172852
1993,4,5,0.738941490650177
1993,4,6,0.23975254595279694
1993,4,7,-0.3060106337070465
1993,4,8,-0.3297399878501892
1993,4,9,-0.12602046132087708
1993,4,10,0.040936049073934555
1993,4,11,-0.005977798253297806
1993,4,12,-0.7290477752685547
1993,4,13,-1.2624156475067139
1993,4,14,-1.1828420162200928
1993,4,15,-0.34529873728752136
1993,4,16,0.26795604825019836
1993,4,17,0.12407224625349045
1993,4,18,0.29390233755111694
1993,4,19,0.2964211404323578
1993,4,20,0.2963336706161499
1993,4,21,-0.04351258650422096
1993,4,22,-0.15797118842601776
1993,4,23,0.01656041294336319
1993,4,24,0.37128204107284546
1993,4,25,0.5167295932769775
1993,4,26,0.2570858895778656
1993,4,27,0.40126901865005493
1993,4,28,0.5659434795379639
1993,4,29,0.5750977396965027
1993,4,30,1.2928045988082886
1993,5,1,1.7195624113082886
1993,5,2,1.6053980588912964
1993,5,3,1.4383327960968018
1993,5,4,1.3234009742736816
1993,5,5,1.1482735872268677
1993,5,6,0.97769695520401
1993,5,7,0.850885808467865
1993,5,8,0.6772153377532959
1993,5,9,1.1002599000930786
1993,5,10,1.3391112089157104
1993,5,11,1.203395128250122
1993,5,12,0.8309317231178284
1993,5,13,0.33283188939094543
1993,5,14,0.406279057264328
1993,5,15,1.1260610818862915
1993,5,16,1.593207597732544
1993,5,17,2.0821354389190674
1993,5,18,2.5633668899536133
1993,5,19,2.219653844833374
1993,5,20,1.8896876573562622
1993,5,21,1.601157307624817
1993,5,22,1.4943902492523193
1993,5,23,1.583010196685791
1993,5,24,1.6506130695343018
1993,5,25,1.7495523691177368
1993,5,26,1.5122156143188477
1993,5,27,1.0895249843597412
1993,5,28,0.7221405506134033
1993,5,29,0.3198515474796295
1993,5,30,-0.18906943500041962
1993,5,31,-0.37923023104667664
1993,6,1,-0.43169957399368286
1993,6,2,-0.3147647976875305
1993,6,3,-0.1349862962961197
1993,6,4,0.6500803828239441
1993,6,5,1.3073285818099976
1993,6,6,1.188463807106018
1993,6,7,0.4136933386325836
1993,6,8,-0.6127746105194092
1993,6,9,-1.0115162134170532
1993,6,10,-1.07309091091156
1993,6,11,-0.8461588621139526
1993,6,12,0.136342853307724
1993,6,13,1.5655134916305542
1993,6,14,2.274456262588501
1993,6,15,2.0197770595550537
1993,6,16,1.8742969036102295
1993,6,17,2.2069907188415527
1993,6,18,2.631652355194092
1993,6,19,2.6760382652282715
1993,6,20,2.24247145652771
1993,6,21,2.015829086303711
1993,6,22,1.9220823049545288
1993,6,23,2.0705320835113525
1993,6,24,2.050751209259033
1993,6,25,1.68766450881958
1993,6,26,1.9306743144989014
1993,6,27,2.1941075325012207
1993,6,28,1.8073158264160156
1993,6,29,1.6632881164550781
1993,6,30,1.0491281747817993
1993,7,1,0.6524085402488708
1993,7,2,0.7675830721855164
1993,7,3,0.879909873008728
1993,7,4,1.0142310857772827
1993,7,5,1.6549482345581055
1993,7,6,2.097032070159912
1993,7,7,1.5874332189559937
1993,7,8,1.5941054821014404
1993,7,9,1.287690281867981
1993,7,10,1.0579209327697754
1993,7,11,1.2804771661758423
1993,7,12,1.6372449398040771
1993,7,13,2.3343138694763184
1993,7,14,2.7593960762023926
1993,7,15,3.0927481651306152
1993,7,16,3.300168037414551
1993,7,17,3.686690330505371
1993,7,18,4.009429454803467
1993,7,19,3.755849838256836
1993,7,20,3.6045777797698975
1993,7,21,3.644036054611206
1993,7,22,3.017465114593506
1993,7,23,2.2384891510009766
1993,7,24,1.734580159187317
1993,7,25,0.8295118808746338
1993,7,26,0.3260439336299896
1993,7,27,-0.07336494326591492
1993,7,28,0.40571561455726624
1993,7,29,1.2861698865890503
1993,7,30,1.604186773300171
1993,7,31,1.3531564474105835
1993,8,1,1.540932059288025
1993,8,2,1.9798285961151123
1993,8,3,1.5480190515518188
1993,8,4,1.063201665878296
1993,8,5,0.7700682282447815
1993,8,6,0.3863120973110199
1993,8,7,0.24725769460201263
1993,8,8,0.008616160601377487
1993,8,9,-0.22437112033367157
1993,8,10,0.3532859981060028
1993,8,11,0.8692172765731812
1993,8,12,1.141349196434021
1993,8,13,1.4208834171295166
1993,8,14,1.4397006034851074
1993,8,15,1.2025680541992188
1993,8,16,0.7760034203529358
1993,8,17,0.49653658270835876
1993,8,18,0.29736223816871643
1993,8,19,0.4693949520587921
1993,8,20,0.6406607627868652
1993,8,21,0.8691122531890869
1993,8,22,1.1509944200515747
1993,8,23,1.3349448442459106
1993,8,24,1.1078011989593506
1993,8,25,1.2029908895492554
1993,8,26,1.3498865365982056
1993,8,27,2.015061616897583
1993,8,28,2.13165283203125
1993,8,29,1.6944725513458252
1993,8,30,1.4955952167510986
1993,8,31,1.5102022886276245
1993,9,1,1.4718618392944336
1993,9,2,1.3102526664733887
1993,9,3,1.3315120935440063
1993,9,4,1.7824538946151733
1993,9,5,2.1620471477508545
1993,9,6,2.442833662033081
1993,9,7,2.3090734481811523
1993,9,8,2.091205358505249
1993,9,9,2.251689910888672
1993,9,10,2.210728406906128
1993,9,11,1.9889984130859375
1993,9,12,1.6598975658416748
1993,9,13,0.9467481374740601
1993,9,14,0.032251808792352676
1993,9,15,-0.9484777450561523
1993,9,16,-1.6599165201187134
1993,9,17,-1.5629347562789917
1993,9,18,-0.732608437538147
1993,9,19,0.1387045830488205
1993,9,20,0.6945809721946716
1993,9,21,1.0206871032714844
1993,9,22,1.217449426651001
1993,9,23,2.2656381130218506
1993,9,24,2.613866090774536
1993,9,25,1.9530510902404785
1993,9,26,0.840589702129364
1993,9,27,0.23216736316680908
1993,9,28,0.18894951045513153
1993,9,29,0.18413177132606506
1993,9,30,0.17801791429519653
1993,10,1,0.7010461688041687
1993,10,2,0.9867340326309204
1993,10,3,1.1203566789627075
1993,10,4,1.5705361366271973
1993,10,5,1.9106131792068481
1993,10,6,1.893094539642334
1993,10,7,1.3158265352249146
1993,10,8,1.2859325408935547
1993,10,9,1.409684419631958
1993,10,10,1.251623272895813
1993,10,11,1.0347234010696411
1993,10,12,0.9008404612541199
1993,10,13,0.8105573654174805
1993,10,14,0.4477706253528595
1993,10,15,0.012730074115097523
1993,10,16,-0.09378035366535187
1993,10,17,0.5026397109031677
1993,10,18,0.6421477198600769
1993,10,19,0.4604496657848358
1993,10,20,0.49010175466537476
1993,10,21,0.7697405219078064
1993,10,22,0.8698006868362427
1993,10,23,0.027671540156006813
1993,10,24,-0.3154236972332001
1993,10,25,0.07688508927822113
1993,10,26,0.7287604808807373
1993,10,27,0.9611958265304565
1993,10,28,0.8595048189163208
1993,10,29,0.5243529081344604
1993,10,30,-0.17154273390769958
1993,10,31,-0.6995490789413452
1993,11,1,-0.5302377343177795
1993,11,2,0.12294057756662369
1993,11,3,0.2471049427986145
1993,11,4,0.3211824595928192
1993,11,5,0.06600426137447357
1993,11,6,-0.00672123534604907
1993,11,7,0.10693943500518799
1993,11,8,0.14609657227993011
1993,11,9,0.18479180335998535
1993,11,10,0.4938103258609772
1993,11,11,0.5731222629547119
1993,11,12,0.6697909832000732
1993,11,13,0.34463444352149963
1993,11,14,0.31276294589042664
1993,11,15,0.13668999075889587
1993,11,16,-0.1642712950706482
1993,11,17,-0.41516223549842834
1993,11,18,-0.3924627900123596
1993,11,19,-0.27464115619659424
1993,11,20,-0.3154999613761902
1993,11,21,-0.3711109757423401
1993,11,22,-0.3017338812351227
1993,11,23,0.3835228681564331
1993,11,24,1.1035693883895874
1993,11,25,1.1513739824295044
1993,11,26,1.5127931833267212
1993,11,27,1.664186716079712
1993,11,28,1.3986601829528809
1993,11,29,0.8152681589126587
1993,11,30,0.30420759320259094
1993,12,1,0.021735798567533493
1993,12,2,0.3569144010543823
1993,12,3,0.47649940848350525
1993,12,4,0.4640103578567505
1993,12,5,0.7434046864509583
1993,12,6,0.9144851565361023
1993,12,7,0.8927133679389954
1993,12,8,0.777866780757904
1993,12,9,0.7237669825553894
1993,12,10,0.9861343502998352
1993,12,11,1.178229808807373
1993,12,12,1.204606056213379
1993,12,13,1.36700439453125
1993,12,14,1.714751124382019
1993,12,15,1.7980064153671265
1993,12,16,1.5472526550292969
1993,12,17,1.1687082052230835
1993,12,18,0.8208068013191223
1993,12,19,0.5180730223655701
1993,12,20,0.434277206659317
1993,12,21,0.5053384304046631
1993,12,22,0.5753129720687866
1993,12,23,0.6312859058380127
1993,12,24,0.8619529008865356
1993,12,25,1.2571662664413452
1993,12,26,1.7746706008911133
1993,12,27,2.1349027156829834
1993,12,28,1.8866379261016846
1993,12,29,1.3353224992752075
1993,12,30,1.0227700471878052
1993,12,31,0.5583922266960144
1994,1,1,0.4868641197681427
1994,1,2,0.1316123902797699
1994,1,3,-0.29834306240081787
1994,1,4,-0.391176700592041
1994,1,5,-0.15921291708946228
1994,1,6,0.07485511153936386
1994,1,7,-0.08755131810903549
1994,1,8,-0.0756203830242157
1994,1,9,0.2730972170829773
1994,1,10,0.6513205766677856
1994,1,11,0.8541805148124695
1994,1,12,0.94216388463974
1994,1,13,1.0554695129394531
1994,1,14,0.7349581718444824
1994,1,15,0.3849915564060211
1994,1,16,0.2810382544994354
1994,1,17,0.3637439012527466
1994,1,18,0.8136982917785645
1994,1,19,1.0722521543502808
1994,1,20,1.0459468364715576
1994,1,21,1.1010596752166748
1994,1,22,1.3778445720672607
1994,1,23,1.6841858625411987
1994,1,24,1.686892032623291
1994,1,25,1.1647251844406128
1994,1,26,0.9384279847145081
1994,1,27,1.3065474033355713
1994,1,28,1.492160677909851
1994,1,29,0.9247286915779114
1994,1,30,0.774709939956665
1994,1,31,0.9175618886947632
1994,2,1,0.7028993964195251
1994,2,2,0.3155437111854553
1994,2,3,0.29054877161979675
1994,2,4,0.5112959742546082
1994,2,5,0.7864341139793396
1994,2,6,1.0743604898452759
1994,2,7,1.5047028064727783
1994,2,8,1.4326611757278442
1994,2,9,1.4780948162078857
1994,2,10,1.6275578737258911
1994,2,11,1.8846471309661865
1994,2,12,2.090399742126465
1994,2,13,1.922159194946289
1994,2,14,1.4740196466445923
1994,2,15,0.7744624614715576
1994,2,16,0.43104130029678345
1994,2,17,0.7430354952812195
1994,2,18,1.447548270225525
1994,2,19,2.146308183670044
1994,2,20,2.2211947441101074
1994,2,21,1.4735695123672485
1994,2,22,0.6352834701538086
1994,2,23,0.30182626843452454
1994,2,24,0.3134826123714447
1994,2,25,0.4053155481815338
1994,2,26,0.7805771231651306
1994,2,27,1.1556646823883057
1994,2,28,1.240996241569519
1994,3,1,0.8704598546028137
1994,3,2,0.35646533966064453
1994,3,3,0.24811676144599915
1994,3,4,0.4478258788585663
1994,3,5,0.28716403245925903
1994,3,6,0.29924461245536804
1994,3,7,0.5555976629257202
1994,3,8,0.4906114935874939
1994,3,9,0.25566673278808594
1994,3,10,0.5381321310997009
1994,3,11,0.6433010697364807
1994,3,12,0.7802156209945679
1994,3,13,0.806034505367279
1994,3,14,0.9396098256111145
1994,3,15,0.8253495097160339
1994,3,16,0.08183258771896362
1994,3,17,-0.03444722294807434
1994,3,18,0.541094958782196
1994,3,19,0.950563907623291
1994,3,20,1.036849021911621
1994,3,21,1.120681643486023
1994,3,22,1.1604527235031128
1994,3,23,1.3296371698379517
1994,3,24,0.7869390845298767
1994,3,25,0.5931501388549805
1994,3,26,1.3562029600143433
1994,3,27,1.962078332901001
1994,3,28,1.1752979755401611
1994,3,29,0.36541134119033813
1994,3,30,-0.16640186309814453
1994,3,31,0.04378405585885048
1994,4,1,0.4120907187461853
1994,4,2,0.6102718114852905
1994,4,3,0.35683298110961914
1994,4,4,0.18302303552627563
1994,4,5,0.29501357674598694
1994,4,6,-0.12834428250789642
1994,4,7,-0.7430341839790344
1994,4,8,-0.7073927521705627
1994,4,9,-0.142178013920784
1994,4,10,0.7879537343978882
1994,4,11,1.9736937284469604
1994,4,12,1.841802716255188
1994,4,13,0.7530710697174072
1994,4,14,0.017583614215254784
1994,4,15,-0.3907293379306793
1994,4,16,-0.8821011185646057
1994,4,17,-1.366212248802185
1994,4,18,-2.364110231399536
1994,4,19,-3.0140466690063477
1994,4,20,-2.7697391510009766
1994,4,21,-2.367833137512207
1994,4,22,-1.762771487236023
1994,4,23,-0.6805573105812073
1994,4,24,0.22507056593894958
1994,4,25,0.34800589084625244
1994,4,26,0.45732173323631287
1994,4,27,1.2459423542022705
1994,4,28,1.7677594423294067
1994,4,29,1.9380499124526978
1994,4,30,2.513791799545288
1994,5,1,2.50101900100708
1994,5,2,2.437422513961792
1994,5,3,2.2992424964904785
1994,5,4,2.2161178588867188
1994,5,5,2.1396331787109375
1994,5,6,1.852720856666565
1994,5,7,1.8888989686965942
1994,5,8,1.8288562297821045
1994,5,9,2.048892021179199
1994,5,10,2.065732955932617
1994,5,11,1.7247532606124878
1994,5,12,1.3532929420471191
1994,5,13,0.5057679414749146
1994,5,14,0.04306858777999878
1994,5,15,-0.5509631037712097
1994,5,16,-1.1059962511062622
1994,5,17,-1.1352320909500122
1994,5,18,-1.1938869953155518
1994,5,19,-1.257597804069519
1994,5,20,-1.745567798614502
1994,5,21,-1.6901092529296875
1994,5,22,-1.4292631149291992
1994,5,23,-1.4222849607467651
1994,5,24,-1.7814494371414185
1994,5,25,-1.9426528215408325
1994,5,26,-2.3583858013153076
1994,5,27,-2.2996644973754883
1994,5,28,-2.066148042678833
1994,5,29,-2.327660322189331
1994,5,30,-2.6804590225219727
1994,5,31,-2.559678077697754
1994,6,1,-1.9959274530410767
1994,6,2,-0.9151589274406433
1994,6,3,-0.37004849314689636
1994,6,4,0.07673249393701553
1994,6,5,0.43608585000038147
1994,6,6,0.38249102234840393
1994,6,7,-0.04653021693229675
1994,6,8,0.30743110179901123
1994,6,9,0.7031965255737305
1994,6,10,0.2156529575586319
1994,6,11,-0.31370553374290466
1994,6,12,-0.9541662335395813
1994,6,13,-1.5354399681091309
1994,6,14,-1.9525032043457031
1994,6,15,-2.3706274032592773
1994,6,16,-2.7793984413146973
1994,6,17,-3.0742757320404053
1994,6,18,-2.87101149559021
1994,6,19,-2.2609946727752686
1994,6,20,-2.20158314704895
1994,6,21,-2.4523940086364746
1994,6,22,-2.7312490940093994
1994,6,23,-3.0728938579559326
1994,6,24,-3.1495840549468994
1994,6,25,-2.835554599761963
1994,6,26,-2.5543699264526367
1994,6,27,-2.883880376815796
1994,6,28,-2.8088014125823975
1994,6,29,-2.4309120178222656
1994,6,30,-2.2843074798583984
1994,7,1,-2.3256382942199707
1994,7,2,-1.9186055660247803
1994,7,3,-0.8821678161621094
1994,7,4,-0.14426468312740326
1994,7,5,-0.20455844700336456
1994,7,6,-0.2145370990037918
1994,7,7,0.12745481729507446
1994,7,8,0.2839749753475189
1994,7,9,0.2481135129928589
1994,7,10,-0.15284791588783264
1994,7,11,-0.6191643476486206
1994,7,12,-1.1842515468597412
1994,7,13,-1.3979612588882446
1994,7,14,-1.6849018335342407
1994,7,15,-1.9051953554153442
1994,7,16,-1.5964778661727905
1994,7,17,-1.050127387046814
1994,7,18,-1.062624216079712
1994,7,19,-1.1575943231582642
1994,7,20,-1.253480315208435
1994,7,21,-0.9318554401397705
1994,7,22,-0.3071104884147644
1994,7,23,0.2017778605222702
1994,7,24,0.6051586270332336
1994,7,25,0.5700638294219971
1994,7,26,0.06458210945129395
1994,7,27,-0.33814749121665955
1994,7,28,-0.09015645831823349
1994,7,29,0.6266352534294128
1994,7,30,1.3915444612503052
1994,7,31,1.5128118991851807
1994,8,1,0.7282588481903076
1994,8,2,1.2809979915618896
1994,8,3,1.9695407152175903
1994,8,4,2.1828598976135254
1994,8,5,2.2539591789245605
1994,8,6,2.039346694946289
1994,8,7,1.730049967765808
1994,8,8,1.6789737939834595
1994,8,9,2.030177116394043
1994,8,10,2.1195456981658936
1994,8,11,2.960512161254883
1994,8,12,3.3455872535705566
1994,8,13,2.6643104553222656
1994,8,14,2.668599843978882
1994,8,15,2.4263947010040283
1994,8,16,2.6597096920013428
1994,8,17,2.9597995281219482
1994,8,18,2.9122233390808105
1994,8,19,2.5707032680511475
1994,8,20,2.0988476276397705
1994,8,21,1.9081997871398926
1994,8,22,1.9149900674819946
1994,8,23,1.579214334487915
1994,8,24,1.020658016204834
1994,8,25,0.8962628245353699
1994,8,26,0.8505693078041077
1994,8,27,1.1425635814666748
1994,8,28,0.9058628082275391
1994,8,29,0.5982449650764465
1994,8,30,0.48061367869377136
1994,8,31,0.4312148690223694
1994,9,1,0.04814823716878891
1994,9,2,-0.19361567497253418
1994,9,3,0.2208986133337021
1994,9,4,0.4324318468570709
1994,9,5,0.1916755884885788
1994,9,6,0.24225106835365295
1994,9,7,0.9945619702339172
1994,9,8,1.8275833129882812
1994,9,9,1.6513862609863281
1994,9,10,0.7330699563026428
1994,9,11,0.18500719964504242
1994,9,12,0.08560480177402496
1994,9,13,0.05867515131831169
1994,9,14,-0.21747013926506042
1994,9,15,-0.33478423953056335
1994,9,16,-0.6227259039878845
1994,9,17,-1.2805448770523071
1994,9,18,-1.6668425798416138
1994,9,19,-1.6900845766067505
1994,9,20,-1.8724637031555176
1994,9,21,-1.8081443309783936
1994,9,22,-2.1468753814697266
1994,9,23,-2.6471681594848633
1994,9,24,-3.083822727203369
1994,9,25,-3.1111557483673096
1994,9,26,-2.9192936420440674
1994,9,27,-2.580524444580078
1994,9,28,-2.573298692703247
1994,9,29,-2.718749761581421
1994,9,30,-2.672043800354004
1994,10,1,-2.4442527294158936
1994,10,2,-2.2054927349090576
1994,10,3,-1.8675822019577026
1994,10,4,-1.4589024782180786
1994,10,5,-0.7522781491279602
1994,10,6,-0.3699731230735779
1994,10,7,-0.2477329522371292
1994,10,8,-0.21454836428165436
1994,10,9,-0.22022567689418793
1994,10,10,-0.23906466364860535
1994,10,11,0.047067172825336456
1994,10,12,-0.257689893245697
1994,10,13,-0.02259073220193386
1994,10,14,1.1869736909866333
1994,10,15,1.2794731855392456
1994,10,16,-0.08183643966913223
1994,10,17,-1.3036131858825684
1994,10,18,-1.597602367401123
1994,10,19,-1.3773999214172363
1994,10,20,-1.1649069786071777
1994,10,21,-0.6194384694099426
1994,10,22,0.1956855207681656
1994,10,23,0.5494610071182251
1994,10,24,0.3601515591144562
1994,10,25,0.08445543795824051
1994,10,26,-0.4848422706127167
1994,10,27,-0.9867358207702637
1994,10,28,-0.8736658096313477
1994,10,29,-0.7035684585571289
1994,10,30,-0.7990415692329407
1994,10,31,-0.7567648887634277
1994,11,1,-0.37588438391685486
1994,11,2,-0.486047625541687
1994,11,3,-0.8620644807815552
1994,11,4,-0.562473714351654
1994,11,5,-0.32581403851509094
1994,11,6,-1.047637701034546
1994,11,7,-1.6719681024551392
1994,11,8,-1.5767637491226196
1994,11,9,-1.26895010471344
1994,11,10,-1.0083814859390259
1994,11,11,-0.8968862295150757
1994,11,12,-0.682111918926239
1994,11,13,-0.5643746256828308
1994,11,14,-0.8020835518836975
1994,11,15,-0.8674761056900024
1994,11,16,-1.455712914466858
1994,11,17,-1.9066942930221558
1994,11,18,-2.1494195461273193
1994,11,19,-1.8296000957489014
1994,11,20,-1.4731242656707764
1994,11,21,-1.177725076675415
1994,11,22,-0.563092052936554
1994,11,23,-0.28733351826667786
1994,11,24,-0.27600914239883423
1994,11,25,-0.526303768157959
1994,11,26,-0.26967355608940125
1994,11,27,0.3614726960659027
1994,11,28,0.8889763355255127
1994,11,29,0.7734220623970032
1994,11,30,-0.1103571355342865
1994,12,1,-0.38638678193092346
1994,12,2,-0.2769564390182495
1994,12,3,-0.6108964085578918
1994,12,4,-0.9946675300598145
1994,12,5,-0.5376322269439697
1994,12,6,0.07082817703485489
1994,12,7,0.4044787585735321
1994,12,8,1.0658622980117798
1994,12,9,2.063514232635498
1994,12,10,2.118821859359741
1994,12,11,1.8340518474578857
1994,12,12,1.5403757095336914
1994,12,13,1.6476856470108032
1994,12,14,1.7606220245361328
1994,12,15,1.6168428659439087
1994,12,16,1.5759273767471313
1994,12,17,1.5496695041656494
1994,12,18,1.552040696144104
1994,12,19,1.4279946088790894
1994,12,20,1.19881010055542
1994,12,21,0.8372116088867188
1994,12,22,0.36674514412879944
1994,12,23,0.37203624844551086
1994,12,24,0.7719702124595642
1994,12,25,0.9166741371154785
1994,12,26,1.191514015197754
1994,12,27,1.3524811267852783
1994,12,28,1.0164271593093872
1994,12,29,0.8597460985183716
1994,12,30,0.8369974493980408
1994,12,31,0.6595064401626587
1995,1,1,0.6306517720222473
1995,1,2,0.8698558211326599
1995,1,3,1.3282500505447388
1995,1,4,1.6345176696777344
1995,1,5,1.5582126379013062
1995,1,6,1.1007193326950073
1995,1,7,0.7534724473953247
1995,1,8,0.9136705994606018
1995,1,9,1.4108097553253174
1995,1,10,1.781296730041504
1995,1,11,2.1671526432037354
1995,1,12,2.337233304977417
1995,1,13,2.3594632148742676
1995,1,14,2.123162031173706
1995,1,15,1.8741005659103394
1995,1,16,1.8729662895202637
1995,1,17,1.9251006841659546
1995,1,18,2.1018621921539307
1995,1,19,2.1191813945770264
1995,1,20,2.040254831314087
1995,1,21,1.6216624975204468
1995,1,22,2.022385597229004
1995,1,23,2.438765048980713
1995,1,24,2.187180995941162
1995,1,25,1.659177303314209
1995,1,26,1.4252477884292603
1995,1,27,1.1199151277542114
1995,1,28,0.47252535820007324
1995,1,29,-0.5258578658103943
1995,1,30,-1.1622753143310547
1995,1,31,-0.943645179271698
1995,2,1,-0.2709410488605499
1995,2,2,0.23221930861473083
1995,2,3,0.48204874992370605
1995,2,4,0.589712917804718
1995,2,5,0.7733532786369324
1995,2,6,0.7353033423423767
1995,2,7,1.023687481880188
1995,2,8,1.042414665222168
1995,2,9,0.9872443079948425
1995,2,10,1.1083166599273682
1995,2,11,1.3174666166305542
1995,2,12,1.2390905618667603
1995,2,13,1.3275808095932007
1995,2,14,1.1684767007827759
1995,2,15,0.571897566318512
1995,2,16,0.2521877586841583
1995,2,17,0.009894285351037979
1995,2,18,-0.42096978425979614
1995,2,19,-0.8574615716934204
1995,2,20,-0.987555980682373
1995,2,21,-0.679082989692688
1995,2,22,-0.08283703029155731
1995,2,23,0.7930742502212524
1995,2,24,1.0231002569198608
1995,2,25,0.9430116415023804
1995,2,26,0.781244695186615
1995,2,27,0.6013026833534241
1995,2,28,0.6135305166244507
1995,3,1,0.9403817057609558
1995,3,2,0.836087167263031
1995,3,3,0.22522535920143127
1995,3,4,0.18227346241474152
1995,3,5,0.640861451625824
1995,3,6,0.9455583691596985
1995,3,7,0.7524389624595642
1995,3,8,0.655394434928894
1995,3,9,0.7204108834266663
1995,3,10,0.9884185194969177
1995,3,11,0.7071335315704346
1995,3,12,0.1344752162694931
1995,3,13,-0.1289687156677246
1995,3,14,-0.10188739746809006
1995,3,15,-0.4306674301624298
1995,3,16,-0.41219452023506165
1995,3,17,-0.7292883992195129
1995,3,18,-0.939433217048645
1995,3,19,-0.777036726474762
1995,3,20,-0.9143171906471252
1995,3,21,-0.9381662607192993
1995,3,22,-0.8365459442138672
1995,3,23,-0.23464860022068024
1995,3,24,0.3167581260204315
1995,3,25,-0.287784218788147
1995,3,26,-0.798529326915741
1995,3,27,-0.8525999784469604
1995,3,28,-0.7985220551490784
1995,3,29,-1.3632228374481201
1995,3,30,-1.2473727464675903
1995,3,31,-0.945921003818512
1995,4,1,-1.0255458354949951
1995,4,2,-1.0350719690322876
1995,4,3,-1.2660075426101685
1995,4,4,-1.5699039697647095
1995,4,5,-1.1931977272033691
1995,4,6,-0.6433297991752625
1995,4,7,-0.17320643365383148
1995,4,8,-0.04823243245482445
1995,4,9,0.3820410966873169
1995,4,10,0.8202759623527527
1995,4,11,1.4611732959747314
1995,4,12,1.176831841468811
1995,4,13,0.6390699744224548
1995,4,14,1.0660072565078735
1995,4,15,1.7067610025405884
1995,4,16,1.7137497663497925
1995,4,17,1.6675714254379272
1995,4,18,1.645250916481018
1995,4,19,2.215139389038086
1995,4,20,2.4367148876190186
1995,4,21,2.0815069675445557
1995,4,22,1.595897912979126
1995,4,23,1.447622299194336
1995,4,24,1.3710721731185913
1995,4,25,1.3695552349090576
1995,4,26,0.9453534483909607
1995,4,27,0.4248203635215759
1995,4,28,0.13044723868370056
1995,4,29,-0.12075619399547577
1995,4,30,-0.5291957855224609
1995,5,1,-0.44868963956832886
1995,5,2,0.1970415860414505
1995,5,3,1.0127110481262207
1995,5,4,1.3982700109481812
1995,5,5,1.3521517515182495
1995,5,6,1.1306060552597046
1995,5,7,0.9956021904945374
1995,5,8,0.6392743587493896
1995,5,9,0.3579767644405365
1995,5,10,0.4536173343658447
1995,5,11,0.7096907496452332
1995,5,12,0.5611484050750732
1995,5,13,0.8084204196929932
1995,5,14,1.0709336996078491
1995,5,15,1.1846766471862793
1995,5,16,0.9939098954200745
1995,5,17,0.9692268967628479
1995,5,18,1.065098762512207
1995,5,19,1.4171687364578247
1995,5,20,2.1148509979248047
1995,5,21,2.248706817626953
1995,5,22,1.8175420761108398
1995,5,23,2.1769356727600098
1995,5,24,2.5784707069396973
1995,5,25,2.3573999404907227
1995,5,26,2.2048726081848145
1995,5,27,2.2008140087127686
1995,5,28,2.3429014682769775
1995,5,29,2.0350778102874756
1995,5,30,1.8957695960998535
1995,5,31,1.826449990272522
1995,6,1,1.96559476852417
1995,6,2,2.0060369968414307
1995,6,3,1.9627331495285034
1995,6,4,1.537170648574829
1995,6,5,0.3781144618988037
1995,6,6,-1.2798912525177002
1995,6,7,-2.2443721294403076
1995,6,8,-2.524627447128296
1995,6,9,-2.4499268531799316
1995,6,10,-2.174974203109741
1995,6,11,-1.7989774942398071
1995,6,12,-0.9287140369415283
1995,6,13,-0.5210521221160889
1995,6,14,-0.6112056374549866
1995,6,15,-0.7028135657310486
1995,6,16,-0.7968562245368958
1995,6,17,-0.6240224838256836
1995,6,18,-0.2823936343193054
1995,6,19,-0.37810075283050537
1995,6,20,-0.6107362508773804
1995,6,21,-0.5122895240783691
1995,6,22,-0.5024396777153015
1995,6,23,-1.5524249076843262
1995,6,24,-1.873075246810913
1995,6,25,-1.5547702312469482
1995,6,26,-1.157651424407959
1995,6,27,-1.144095778465271
1995,6,28,-1.6899843215942383
1995,6,29,-1.8063510656356812
1995,6,30,-1.3998994827270508
1995,7,1,-1.33481764793396
1995,7,2,-1.1080451011657715
1995,7,3,-1.378022313117981
1995,7,4,-2.086369037628174
1995,7,5,-2.6805872917175293
1995,7,6,-2.8259143829345703
1995,7,7,-3.1456539630889893
1995,7,8,-3.2162883281707764
1995,7,9,-3.01558518409729
1995,7,10,-2.722902536392212
1995,7,11,-2.2849857807159424
1995,7,12,-1.9196999073028564
1995,7,13,-2.398329496383667
1995,7,14,-2.798441171646118
1995,7,15,-3.047550916671753
1995,7,16,-3.6451714038848877
1995,7,17,-3.7117502689361572
1995,7,18,-3.7591629028320312
1995,7,19,-3.9324519634246826
1995,7,20,-3.4960694313049316
1995,7,21,-2.887967109680176
1995,7,22,-2.7508676052093506
1995,7,23,-3.153653144836426
1995,7,24,-3.7413148880004883
1995,7,25,-4.095156192779541
1995,7,26,-4.128439903259277
1995,7,27,-3.4928488731384277
1995,7,28,-2.8054072856903076
1995,7,29,-2.646345615386963
1995,7,30,-2.7022814750671387
1995,7,31,-3.124858856201172
1995,8,1,-3.535144329071045
1995,8,2,-3.4871132373809814
1995,8,3,-3.0430240631103516
1995,8,4,-2.6399905681610107
1995,8,5,-2.21718430519104
1995,8,6,-1.904829740524292
1995,8,7,-1.8412690162658691
1995,8,8,-1.8999583721160889
1995,8,9,-2.0489344596862793
1995,8,10,-1.7584998607635498
1995,8,11,-1.79942786693573
1995,8,12,-1.7758797407150269
1995,8,13,-1.207720398902893
1995,8,14,0.19866149127483368
1995,8,15,1.9055641889572144
1995,8,16,2.1265904903411865
1995,8,17,1.4908756017684937
1995,8,18,0.8608089685440063
1995,8,19,0.17898200452327728
1995,8,20,-0.33750641345977783
1995,8,21,-0.5815904140472412
1995,8,22,-0.3202458918094635
1995,8,23,-0.36189600825309753
1995,8,24,-0.6049174666404724
1995,8,25,-0.300738126039505
1995,8,26,0.3753945827484131
1995,8,27,0.5400804877281189
1995,8,28,1.0726872682571411
1995,8,29,0.9785386323928833
1995,8,30,0.5739864706993103
1995,8,31,0.4693450927734375
1995,9,1,0.06217386573553085
1995,9,2,-0.44144320487976074
1995,9,3,-0.42398297786712646
1995,9,4,-0.3536692261695862
1995,9,5,-0.37684500217437744
1995,9,6,-0.7395631670951843
1995,9,7,-1.1506893634796143
1995,9,8,-1.142767310142517
1995,9,9,-1.1526767015457153
1995,9,10,-0.3902045786380768
1995,9,11,0.4756584167480469
1995,9,12,1.0425968170166016
1995,9,13,1.461307406425476
1995,9,14,2.056027889251709
1995,9,15,2.8151581287384033
1995,9,16,2.5557968616485596
1995,9,17,1.8575925827026367
1995,9,18,1.8275814056396484
1995,9,19,1.8943909406661987
1995,9,20,2.10368275642395
1995,9,21,2.725776433944702
1995,9,22,2.5746302604675293
1995,9,23,2.0850377082824707
1995,9,24,1.9331523180007935
1995,9,25,1.8378281593322754
1995,9,26,1.9055627584457397
1995,9,27,2.06673264503479
1995,9,28,2.4402289390563965
1995,9,29,2.4285025596618652
1995,9,30,1.887694239616394
1995,10,1,1.5930227041244507
1995,10,2,1.5208101272583008
1995,10,3,1.4473854303359985
1995,10,4,1.1144285202026367
1995,10,5,0.36322176456451416
1995,10,6,-0.47149205207824707
1995,10,7,-1.1309878826141357
1995,10,8,-1.4165626764297485
1995,10,9,-0.9843271970748901
1995,10,10,-0.5081366896629333
1995,10,11,-0.7925109267234802
1995,10,12,-0.9385952353477478
1995,10,13,-0.000997395720332861
1995,10,14,1.1667547225952148
1995,10,15,0.9345130324363708
1995,10,16,0.6773843765258789
1995,10,17,0.9940686225891113
1995,10,18,0.8874396085739136
1995,10,19,0.5446407794952393
1995,10,20,0.08892716467380524
1995,10,21,-0.40943092107772827
1995,10,22,-0.6651319861412048
1995,10,23,-0.5488131046295166
1995,10,24,-0.774605393409729
1995,10,25,-0.9897854328155518
1995,10,26,-1.2853314876556396
1995,10,27,-1.3893887996673584
1995,10,28,-1.2271250486373901
1995,10,29,-0.18217526376247406
1995,10,30,0.2646792232990265
1995,10,31,0.33654797077178955
1995,11,1,0.7502862215042114
1995,11,2,0.5814079642295837
1995,11,3,0.5375752449035645
1995,11,4,0.3807101845741272
1995,11,5,0.2132980078458786
1995,11,6,-0.16664278507232666
1995,11,7,-0.5140604972839355
1995,11,8,-0.15504911541938782
1995,11,9,-0.34824201464653015
1995,11,10,-0.44489380717277527
1995,11,11,0.12207970023155212
1995,11,12,0.6996243596076965
1995,11,13,0.8978388905525208
1995,11,14,1.0607326030731201
1995,11,15,0.9799914956092834
1995,11,16,0.23665058612823486
1995,11,17,-0.087870292365551
1995,11,18,-0.29004448652267456
1995,11,19,-0.14457674324512482
1995,11,20,0.408464640378952
1995,11,21,0.6998617649078369
1995,11,22,0.6960563063621521
1995,11,23,0.28779539465904236
1995,11,24,-0.022376567125320435
1995,11,25,-0.5033694505691528
1995,11,26,-0.6095447540283203
1995,11,27,-0.5741615295410156
1995,11,28,-0.497387170791626
1995,11,29,-0.10926494002342224
1995,11,30,-0.026555361226201057
1995,12,1,0.07496115565299988
1995,12,2,0.1769866794347763
1995,12,3,0.8156921863555908
1995,12,4,1.6051232814788818
1995,12,5,2.019667625427246
1995,12,6,1.7966512441635132
1995,12,7,1.3650782108306885
1995,12,8,1.2362867593765259
1995,12,9,1.2061259746551514
1995,12,10,1.3117711544036865
1995,12,11,2.0589187145233154
1995,12,12,2.9168412685394287
1995,12,13,2.712648868560791
1995,12,14,2.0085113048553467
1995,12,15,1.3303446769714355
1995,12,16,1.0458838939666748
1995,12,17,1.2355743646621704
1995,12,18,1.2356901168823242
1995,12,19,1.2317785024642944
1995,12,20,0.9780683517456055
1995,12,21,1.1373401880264282
1995,12,22,1.8941514492034912
1995,12,23,1.6314713954925537
1995,12,24,1.0479470491409302
1995,12,25,0.8468819856643677
1995,12,26,1.0306451320648193
1995,12,27,1.402500033378601
1995,12,28,1.7434515953063965
1995,12,29,1.7423150539398193
1995,12,30,1.5102624893188477
1995,12,31,1.5032811164855957
1996,1,1,1.6258188486099243
1996,1,2,1.7642439603805542
1996,1,3,1.5681893825531006
1996,1,4,1.3951886892318726
1996,1,5,1.1932628154754639
1996,1,6,0.8412363529205322
1996,1,7,0.7963740825653076
1996,1,8,0.5832201242446899
1996,1,9,-0.11287117749452591
1996,1,10,-0.38580742478370667
1996,1,11,-0.2523653209209442
1996,1,12,0.34276577830314636
1996,1,13,0.9704068899154663
1996,1,14,1.3361936807632446
1996,1,15,1.3778029680252075
1996,1,16,1.5707159042358398
1996,1,17,1.2443711757659912
1996,1,18,1.2946799993515015
1996,1,19,1.9459021091461182
1996,1,20,1.7463821172714233
1996,1,21,1.390446424484253
1996,1,22,1.0203136205673218
1996,1,23,0.6464163661003113
1996,1,24,0.5747879147529602
1996,1,25,-0.11828207224607468
1996,1,26,-0.8761538863182068
1996,1,27,-1.850602388381958
1996,1,28,-2.6535024642944336
1996,1,29,-2.96355938911438
1996,1,30,-3.1534206867218018
1996,1,31,-3.0136547088623047
1996,2,1,-2.8256912231445312
1996,2,2,-2.636711835861206
1996,2,3,-2.8166165351867676
1996,2,4,-2.6387672424316406
1996,2,5,-2.362179756164551
1996,2,6,-2.046438455581665
1996,2,7,-1.739554524421692
1996,2,8,-1.9486922025680542
1996,2,9,-2.0569872856140137
1996,2,10,-1.385490894317627
1996,2,11,-1.0407770872116089
1996,2,12,-0.7242472767829895
1996,2,13,-0.2188728153705597
1996,2,14,0.683972954750061
1996,2,15,1.7906315326690674
1996,2,16,1.520537257194519
1996,2,17,0.5350503325462341
1996,2,18,0.23834319412708282
1996,2,19,0.1338927000761032
1996,2,20,-0.0792016088962555
1996,2,21,-0.25786447525024414
1996,2,22,-0.03311849385499954
1996,2,23,0.4015951156616211
1996,2,24,0.8395417928695679
1996,2,25,0.8901937007904053
1996,2,26,0.7804786562919617
1996,2,27,0.6932886838912964
1996,2,28,0.6812947988510132
1996,2,29,0.8719775676727295
1996,3,1,0.8839187026023865
1996,3,2,0.9172530770301819
1996,3,3,0.9770084023475647
1996,3,4,1.2322807312011719
1996,3,5,1.5332136154174805
1996,3,6,1.2790035009384155
1996,3,7,0.7358676195144653
1996,3,8,0.452608585357666
1996,3,9,0.3102020025253296
1996,3,10,-0.1536661833524704
1996,3,11,-0.2919287383556366
1996,3,12,0.0076632085256278515
1996,3,13,0.4622657895088196
1996,3,14,0.39980795979499817
1996,3,15,0.4173527657985687
1996,3,16,0.42956486344337463
1996,3,17,0.6351580023765564
1996,3,18,0.5746409296989441
1996,3,19,0.3848714530467987
1996,3,20,0.7431568503379822
1996,3,21,1.145462989807129
1996,3,22,0.8682088255882263
1996,3,23,0.4283573627471924
1996,3,24,-0.11273062974214554
1996,3,25,-0.41995981335639954
1996,3,26,0.05490756779909134
1996,3,27,0.2580214738845825
1996,3,28,0.6548002362251282
1996,3,29,0.7365802526473999
1996,3,30,0.6037737131118774
1996,3,31,0.01930968649685383
1996,4,1,-0.8149116635322571
1996,4,2,-0.8325550556182861
1996,4,3,-0.28896135091781616
1996,4,4,0.39499449729919434
1996,4,5,-0.10378754884004593
1996,4,6,-0.6034064888954163
1996,4,7,-0.40441909432411194
1996,4,8,0.030529377982020378
1996,4,9,0.8782493472099304
1996,4,10,1.6042804718017578
1996,4,11,1.5708082914352417
1996,4,12,1.0526262521743774
1996,4,13,0.25220590829849243
1996,4,14,-0.06257100403308868
1996,4,15,-0.2231052964925766
1996,4,16,0.014595934189856052
1996,4,17,0.5420888066291809
1996,4,18,0.2800289988517761
1996,4,19,-0.5780900120735168
1996,4,20,-0.9548338055610657
1996,4,21,-0.30072811245918274
1996,4,22,0.5077029466629028
1996,4,23,0.3614742159843445
1996,4,24,-0.23899921774864197
1996,4,25,-0.8131753206253052
1996,4,26,-0.7124165296554565
1996,4,27,-0.2911244034767151
1996,4,28,0.5086487531661987
1996,4,29,1.240209698677063
1996,4,30,1.2365473508834839
1996,5,1,0.802700400352478
1996,5,2,0.6418412923812866
1996,5,3,0.6423856616020203
1996,5,4,0.45639243721961975
1996,5,5,0.7567192912101746
1996,5,6,1.7541799545288086
1996,5,7,1.9400579929351807
1996,5,8,1.1552056074142456
1996,5,9,0.7679286599159241
1996,5,10,1.2793980836868286
1996,5,11,1.1374176740646362
1996,5,12,0.7456094622612
1996,5,13,0.9787420034408569
1996,5,14,1.0829241275787354
1996,5,15,1.3742661476135254
1996,5,16,1.9710675477981567
1996,5,17,2.131411552429199
1996,5,18,1.4749842882156372
1996,5,19,0.8513963222503662
1996,5,20,0.5340712070465088
1996,5,21,0.6183953881263733
1996,5,22,0.977160632610321
1996,5,23,0.8136229515075684
1996,5,24,0.25345882773399353
1996,5,25,-0.2663586437702179
1996,5,26,-0.6020028591156006
1996,5,27,0.16414053738117218
1996,5,28,1.2230170965194702
1996,5,29,1.5774345397949219
1996,5,30,1.3583650588989258
1996,5,31,0.7139137387275696
1996,6,1,0.36102908849716187
1996,6,2,1.1969236135482788
1996,6,3,1.965692162513733
1996,6,4,2.0847396850585938
1996,6,5,1.5219264030456543
1996,6,6,0.7240158319473267
1996,6,7,0.03720102831721306
1996,6,8,-0.22319532930850983
1996,6,9,-0.6272314786911011
1996,6,10,-0.6947335004806519
1996,6,11,-0.7522686719894409
1996,6,12,-0.6240298748016357
1996,6,13,-0.6269310116767883
1996,6,14,-0.9058634042739868
1996,6,15,-0.9887584447860718
1996,6,16,-0.6779710054397583
1996,6,17,-0.1717710644006729
1996,6,18,0.5395660996437073
1996,6,19,1.1430832147598267
1996,6,20,1.7619190216064453
1996,6,21,1.2039482593536377
1996,6,22,0.17820300161838531
1996,6,23,-0.9801896214485168
1996,6,24,-1.6080045700073242
1996,6,25,-1.8338528871536255
1996,6,26,-1.8431549072265625
1996,6,27,-1.9835906028747559
1996,6,28,-2.252734899520874
1996,6,29,-1.9152404069900513
1996,6,30,-1.3729766607284546
1996,7,1,-0.7027190327644348
1996,7,2,-0.09070858359336853
1996,7,3,0.35493969917297363
1996,7,4,0.565788984298706
1996,7,5,1.1207090616226196
1996,7,6,1.5290672779083252
1996,7,7,1.8431447744369507
1996,7,8,2.393059015274048
1996,7,9,2.3014581203460693
1996,7,10,1.5964566469192505
1996,7,11,0.4874897599220276
1996,7,12,0.2743227481842041
1996,7,13,0.4338865876197815
1996,7,14,0.16402556002140045
1996,7,15,-0.4677188992500305
1996,7,16,-0.4053792357444763
1996,7,17,-0.0847131758928299
1996,7,18,-0.26651978492736816
1996,7,19,-0.858944296836853
1996,7,20,-0.8703522682189941
1996,7,21,-0.5209718942642212
1996,7,22,-0.632269024848938
1996,7,23,-0.6223859190940857
1996,7,24,-0.48847052454948425
1996,7,25,-0.7716736197471619
1996,7,26,-0.9830917716026306
1996,7,27,-1.3098000288009644
1996,7,28,-1.3572816848754883
1996,7,29,-1.0722752809524536
1996,7,30,-0.6263548731803894
1996,7,31,-0.3851827085018158
1996,8,1,-0.7054944038391113
1996,8,2,-1.4064476490020752
1996,8,3,-1.7230051755905151
1996,8,4,-1.3642390966415405
1996,8,5,-1.1657317876815796
1996,8,6,-0.6659702062606812
1996,8,7,0.0766877830028534
1996,8,8,0.6303255558013916
1996,8,9,0.9675779342651367
1996,8,10,0.23107536137104034
1996,8,11,-0.5599271059036255
1996,8,12,-0.9451674818992615
1996,8,13,-1.4578264951705933
1996,8,14,-1.905442714691162
1996,8,15,-1.9586988687515259
1996,8,16,-1.4717803001403809
1996,8,17,-0.8969724774360657
1996,8,18,-0.2930293381214142
1996,8,19,0.7708197236061096
1996,8,20,0.4037216305732727
1996,8,21,-0.4618864357471466
1996,8,22,-1.1013236045837402
1996,8,23,-2.222769021987915
1996,8,24,-3.1128318309783936
1996,8,25,-3.573392391204834
1996,8,26,-4.046632289886475
1996,8,27,-3.927931785583496
1996,8,28,-3.571157455444336
1996,8,29,-3.139399528503418
1996,8,30,-3.1212663650512695
1996,8,31,-3.250065803527832
1996,9,1,-3.48972749710083
1996,9,2,-3.30869197845459
1996,9,3,-3.3246865272521973
1996,9,4,-3.31740665435791
1996,9,5,-3.6176908016204834
1996,9,6,-3.809748411178589
1996,9,7,-3.621223211288452
1996,9,8,-2.995244026184082
1996,9,9,-3.0050177574157715
1996,9,10,-2.8790690898895264
1996,9,11,-2.1388163566589355
1996,9,12,-2.0315024852752686
1996,9,13,-2.9150705337524414
1996,9,14,-3.0762665271759033
1996,9,15,-2.2056055068969727
1996,9,16,-1.179706335067749
1996,9,17,-0.5820336937904358
1996,9,18,-0.4680173993110657
1996,9,19,-0.2245781421661377
1996,9,20,0.007657304406166077
1996,9,21,-0.16186556220054626
1996,9,22,0.019942251965403557
1996,9,23,0.5047229528427124
1996,9,24,1.5829856395721436
1996,9,25,2.003103733062744
1996,9,26,1.7772446870803833
1996,9,27,1.6065367460250854
1996,9,28,1.5859568119049072
1996,9,29,1.0638772249221802
1996,9,30,0.10488645732402802
1996,10,1,-0.21662963926792145
1996,10,2,0.2504657506942749
1996,10,3,0.4736212193965912
1996,10,4,0.16638576984405518
1996,10,5,-0.075081966817379
1996,10,6,-0.1956980973482132
1996,10,7,-0.14503563940525055
1996,10,8,0.4589562714099884
1996,10,9,1.2085314989089966
1996,10,10,1.3883429765701294
1996,10,11,0.7245355844497681
1996,10,12,0.12457543611526489
1996,10,13,-0.1833581179380417
1996,10,14,-0.22578859329223633
1996,10,15,-0.21728913486003876
1996,10,16,0.3535579741001129
1996,10,17,0.9044356346130371
1996,10,18,1.1293554306030273
1996,10,19,1.6027573347091675
1996,10,20,2.071688413619995
1996,10,21,2.374504327774048
1996,10,22,2.9587838649749756
1996,10,23,3.6577155590057373
1996,10,24,3.729448080062866
1996,10,25,3.3874120712280273
1996,10,26,2.9079067707061768
1996,10,27,2.2633466720581055
1996,10,28,0.8853490352630615
1996,10,29,-0.4465915858745575
1996,10,30,-1.1465574502944946
1996,10,31,-1.3807109594345093
1996,11,1,-1.0453335046768188
1996,11,2,-0.8396087884902954
1996,11,3,-0.8668316006660461
1996,11,4,-0.5074613690376282
1996,11,5,-0.005416412837803364
1996,11,6,-0.06148504838347435
1996,11,7,-0.7300305366516113
1996,11,8,-1.4509724378585815
1996,11,9,-1.9009623527526855
1996,11,10,-1.730996012687683
1996,11,11,-1.926475167274475
1996,11,12,-2.252000331878662
1996,11,13,-2.7050976753234863
1996,11,14,-2.975105047225952
1996,11,15,-2.8774619102478027
1996,11,16,-3.0419018268585205
1996,11,17,-3.1085221767425537
1996,11,18,-2.776442766189575
1996,11,19,-2.3982362747192383
1996,11,20,-2.1882035732269287
1996,11,21,-1.8783289194107056
1996,11,22,-1.4957348108291626
1996,11,23,-1.3866034746170044
1996,11,24,-1.608400821685791
1996,11,25,-1.5406559705734253
1996,11,26,-1.0970523357391357
1996,11,27,-0.7805038094520569
1996,11,28,-0.7899274826049805
1996,11,29,-1.0572245121002197
1996,11,30,-1.2688517570495605
1996,12,1,-1.2057762145996094
1996,12,2,-1.149899959564209
1996,12,3,-1.219385027885437
1996,12,4,-0.8176549673080444
1996,12,5,-0.4570991098880768
1996,12,6,-0.32396864891052246
1996,12,7,-0.0024073056410998106
1996,12,8,0.1362719088792801
1996,12,9,-0.10859130322933197
1996,12,10,-0.8034509420394897
1996,12,11,-0.8665002584457397
1996,12,12,-0.7384456396102905
1996,12,13,-1.0349788665771484
1996,12,14,-0.9289773106575012
1996,12,15,-0.6407221555709839
1996,12,16,-0.08328452706336975
1996,12,17,0.48541057109832764
1996,12,18,0.535192608833313
1996,12,19,0.4922561049461365
1996,12,20,0.5060955286026001
1996,12,21,0.4456125497817993
1996,12,22,-0.14642424881458282
1996,12,23,-0.3915519714355469
1996,12,24,0.24214506149291992
1996,12,25,0.6950167417526245
1996,12,26,0.7542405128479004
1996,12,27,1.1307133436203003
1996,12,28,1.5730271339416504
1996,12,29,1.402056336402893
1996,12,30,0.9632101058959961
1996,12,31,0.7904732823371887
1997,1,1,0.7253888845443726
1997,1,2,0.836387038230896
1997,1,3,1.1379441022872925
1997,1,4,1.4737869501113892
1997,1,5,1.5579276084899902
1997,1,6,1.4420193433761597
1997,1,7,1.5304834842681885
1997,1,8,1.2426903247833252
1997,1,9,0.876219630241394
1997,1,10,0.3938741683959961
1997,1,11,0.4311056137084961
1997,1,12,0.539336621761322
1997,1,13,0.7391294240951538
1997,1,14,1.111562967300415
1997,1,15,1.1886508464813232
1997,1,16,0.9668477773666382
1997,1,17,0.43466201424598694
1997,1,18,-0.5114563703536987
1997,1,19,-0.56834876537323
1997,1,20,-0.5404136776924133
1997,1,21,-0.23618724942207336
1997,1,22,-0.20502257347106934
1997,1,23,-0.3866455554962158
1997,1,24,-0.03512796014547348
1997,1,25,0.33356228470802307
1997,1,26,0.1506548672914505
1997,1,27,-0.3606513440608978
1997,1,28,-0.2571389973163605
1997,1,29,-0.4388611912727356
1997,1,30,-1.0665820837020874
1997,1,31,-1.5559204816818237
1997,2,1,-2.1282806396484375
1997,2,2,-2.3184685707092285
1997,2,3,-1.9285962581634521
1997,2,4,-1.5617930889129639
1997,2,5,-1.0132883787155151
1997,2,6,-0.23768377304077148
1997,2,7,0.038903530687093735
1997,2,8,0.06469801813364029
1997,2,9,0.21633106470108032
1997,2,10,-0.11338376998901367
1997,2,11,-0.2708587348461151
1997,2,12,0.2249329537153244
1997,2,13,0.8566765785217285
1997,2,14,0.5404385328292847
1997,2,15,-0.113829106092453
1997,2,16,-0.39288854598999023
1997,2,17,-0.4782223403453827
1997,2,18,-0.017276424914598465
1997,2,19,0.5480148196220398
1997,2,20,0.17763328552246094
1997,2,21,-0.020962871611118317
1997,2,22,-0.21810755133628845
1997,2,23,0.07929504662752151
1997,2,24,0.37573790550231934
1997,2,25,-0.0014966726303100586
1997,2,26,-0.04981069266796112
1997,2,27,0.35628044605255127
1997,2,28,0.722659170627594
1997,3,1,1.0197134017944336
1997,3,2,0.6400781273841858
1997,3,3,0.6953707933425903
1997,3,4,0.6793389320373535
1997,3,5,0.44366297125816345
1997,3,6,0.6231903433799744
1997,3,7,0.9305694699287415
1997,3,8,0.7268221974372864
1997,3,9,0.5007987022399902
1997,3,10,0.9030675888061523
1997,3,11,1.6774210929870605
1997,3,12,2.228516101837158
1997,3,13,1.9297970533370972
1997,3,14,1.0705889463424683
1997,3,15,0.32776087522506714
1997,3,16,0.2381191849708557
1997,3,17,0.45156049728393555
1997,3,18,0.5482316017150879
1997,3,19,0.46516919136047363
1997,3,20,0.5468563437461853
1997,3,21,0.5497782826423645
1997,3,22,0.35055917501449585
1997,3,23,0.06641892343759537
1997,3,24,-0.2231777310371399
1997,3,25,-0.5671275854110718
1997,3,26,-0.3189452886581421
1997,3,27,0.37241846323013306
1997,3,28,1.1808490753173828
1997,3,29,1.257511854171753
1997,3,30,0.9093867540359497
1997,3,31,0.6529232859611511
1997,4,1,0.7568917274475098
1997,4,2,0.26577797532081604
1997,4,3,-0.42292505502700806
1997,4,4,-1.0233463048934937
1997,4,5,-1.314816951751709
1997,4,6,-0.954680860042572
1997,4,7,0.195562481880188
1997,4,8,0.9092706441879272
1997,4,9,0.5073789954185486
1997,4,10,0.1526813805103302
1997,4,11,0.5185472369194031
1997,4,12,0.9287107586860657
1997,4,13,0.8914889693260193
1997,4,14,0.7342249155044556
1997,4,15,-0.07688216120004654
1997,4,16,-1.0361233949661255
1997,4,17,-1.7637505531311035
1997,4,18,-2.101961374282837
1997,4,19,-2.0670828819274902
1997,4,20,-1.6445351839065552
1997,4,21,-1.2600007057189941
1997,4,22,-0.8216591477394104
1997,4,23,-0.5047650337219238
1997,4,24,-0.6103425621986389
1997,4,25,-0.6192959547042847
1997,4,26,-0.7846469283103943
1997,4,27,-0.9807482957839966
1997,4,28,-0.9038258790969849
1997,4,29,-0.3299587368965149
1997,4,30,0.05073549970984459
1997,5,1,0.24860095977783203
1997,5,2,0.6190648078918457
1997,5,3,0.7165127396583557
1997,5,4,0.8324607610702515
1997,5,5,1.0554322004318237
1997,5,6,1.398424506187439
1997,5,7,1.3095263242721558
1997,5,8,1.6999167203903198
1997,5,9,2.74196720123291
1997,5,10,2.7688956260681152
1997,5,11,2.4291141033172607
1997,5,12,2.11673641204834
1997,5,13,0.9241276383399963
1997,5,14,-0.31973937153816223
1997,5,15,-0.5447432398796082
1997,5,16,-0.2558204233646393
1997,5,17,0.13476133346557617
1997,5,18,0.6153798699378967
1997,5,19,0.7832455039024353
1997,5,20,0.3336248993873596
1997,5,21,0.564581036567688
1997,5,22,0.8790576457977295
1997,5,23,0.7030638456344604
1997,5,24,0.7704594135284424
1997,5,25,0.8419744372367859
1997,5,26,0.2786092460155487
1997,5,27,-0.0023477079812437296
1997,5,28,1.0223854780197144
1997,5,29,1.947527527809143
1997,5,30,2.1103320121765137
1997,5,31,1.9296339750289917
1997,6,1,1.2296148538589478
1997,6,2,0.44502151012420654
1997,6,3,-0.40751931071281433
1997,6,4,-0.9064834713935852
1997,6,5,-0.8694356083869934
1997,6,6,-0.5116368532180786
1997,6,7,0.2004152089357376
1997,6,8,0.5910030603408813
1997,6,9,1.2368590831756592
1997,6,10,1.3146896362304688
1997,6,11,0.8580290079116821
1997,6,12,0.9698920845985413
1997,6,13,1.302850604057312
1997,6,14,1.0676735639572144
1997,6,15,0.465721070766449
1997,6,16,-0.05659959092736244
1997,6,17,-0.7155123949050903
1997,6,18,-0.9428647756576538
1997,6,19,-1.2510442733764648
1997,6,20,-2.0549590587615967
1997,6,21,-2.3133270740509033
1997,6,22,-2.6677098274230957
1997,6,23,-2.328615188598633
1997,6,24,-2.2854039669036865
1997,6,25,-1.8468717336654663
1997,6,26,-1.31861412525177
1997,6,27,-1.2282389402389526
1997,6,28,-1.1051485538482666
1997,6,29,-0.4535521864891052
1997,6,30,0.2720714509487152
1997,7,1,0.6583606600761414
1997,7,2,0.6496722102165222
1997,7,3,0.4602569341659546
1997,7,4,0.15213580429553986
1997,7,5,0.022601665928959846
1997,7,6,0.19975778460502625
1997,7,7,0.36002737283706665
1997,7,8,0.7578717470169067
1997,7,9,1.2414655685424805
1997,7,10,2.1708972454071045
1997,7,11,2.2265071868896484
1997,7,12,1.3297642469406128
1997,7,13,1.0527499914169312
1997,7,14,1.1557238101959229
1997,7,15,0.3371438682079315
1997,7,16,0.006081908009946346
1997,7,17,0.44529566168785095
1997,7,18,1.0526082515716553
1997,7,19,1.2623193264007568
1997,7,20,1.476621389389038
1997,7,21,1.4794747829437256
1997,7,22,1.0965512990951538
1997,7,23,0.4794355630874634
1997,7,24,0.012830273248255253
1997,7,25,0.023163221776485443
1997,7,26,0.09624229371547699
1997,7,27,0.08576223999261856
1997,7,28,0.17815621197223663
1997,7,29,0.713431715965271
1997,7,30,1.14778733253479
1997,7,31,0.8959364295005798
1997,8,1,0.23660650849342346
1997,8,2,0.1785392314195633
1997,8,3,0.7278424501419067
1997,8,4,1.2258678674697876
1997,8,5,1.4965744018554688
1997,8,6,1.947239637374878
1997,8,7,2.279940128326416
1997,8,8,2.688164472579956
1997,8,9,2.930380344390869
1997,8,10,1.8363432884216309
1997,8,11,0.564945638179779
1997,8,12,-0.3162522315979004
1997,8,13,-0.7241150736808777
1997,8,14,-1.1221957206726074
1997,8,15,-0.8608604073524475
1997,8,16,-0.2616322338581085
1997,8,17,-0.271935373544693
1997,8,18,-0.15084943175315857
1997,8,19,0.15952418744564056
1997,8,20,0.45072346925735474
1997,8,21,0.029164446517825127
1997,8,22,-0.11723781377077103
1997,8,23,0.3589232861995697
1997,8,24,0.9061381220817566
1997,8,25,1.2260565757751465
1997,8,26,1.5393116474151611
1997,8,27,1.7506868839263916
1997,8,28,1.5880438089370728
1997,8,29,1.1616839170455933
1997,8,30,0.8534246683120728
1997,8,31,0.5778034925460815
1997,9,1,0.2817161977291107
1997,9,2,0.01036936603486538
1997,9,3,-0.36293306946754456
1997,9,4,-0.5059666633605957
1997,9,5,-0.37061694264411926
1997,9,6,-0.11837919801473618
1997,9,7,0.1331867128610611
1997,9,8,0.40053078532218933
1997,9,9,1.0798945426940918
1997,9,10,1.2462273836135864
1997,9,11,0.47675517201423645
1997,9,12,0.21533003449440002
1997,9,13,0.7066440582275391
1997,9,14,0.9400727152824402
1997,9,15,0.8632081747055054
1997,9,16,0.7612008452415466
1997,9,17,0.7613701820373535
1997,9,18,0.7095106244087219
1997,9,19,0.36611151695251465
1997,9,20,0.10591857135295868
1997,9,21,-0.21712815761566162
1997,9,22,-0.34862029552459717
1997,9,23,-0.18026073276996613
1997,9,24,-0.18763692677021027
1997,9,25,-0.39023104310035706
1997,9,26,-0.6952466368675232
1997,9,27,-0.7363696098327637
1997,9,28,-0.477297306060791
1997,9,29,-0.4228125512599945
1997,9,30,-0.5850062966346741
1997,10,1,-1.1781730651855469
1997,10,2,-0.9440615177154541
1997,10,3,-0.7158339619636536
1997,10,4,-0.6729071736335754
1997,10,5,-0.6733059883117676
1997,10,6,-1.3528130054473877
1997,10,7,-2.2278003692626953
1997,10,8,-2.1887662410736084
1997,10,9,-2.182075262069702
1997,10,10,-2.32306170463562
1997,10,11,-2.1797170639038086
1997,10,12,-1.425849437713623
1997,10,13,-1.0410692691802979
1997,10,14,-0.8832458257675171
1997,10,15,-0.7228824496269226
1997,10,16,-0.15653462707996368
1997,10,17,0.20171687006950378
1997,10,18,-0.0331680104136467
1997,10,19,0.10417146980762482
1997,10,20,0.5729202628135681
1997,10,21,0.8635430932044983
1997,10,22,0.2564025819301605
1997,10,23,-0.45141148567199707
1997,10,24,-0.8172076344490051
1997,10,25,-0.710328221321106
1997,10,26,-0.41168472170829773
1997,10,27,-0.09088974446058273
1997,10,28,0.17838141322135925
1997,10,29,0.7479388117790222
1997,10,30,1.4000619649887085
1997,10,31,1.204370141029358
1997,11,1,0.7777355909347534
1997,11,2,0.8766399621963501
1997,11,3,0.8969758749008179
1997,11,4,0.7320647835731506
1997,11,5,0.44144219160079956
1997,11,6,-0.1415802240371704
1997,11,7,-1.146955132484436
1997,11,8,-1.699157953262329
1997,11,9,-2.585817575454712
1997,11,10,-2.877509355545044
1997,11,11,-2.655056953430176
1997,11,12,-2.4629034996032715
1997,11,13,-2.1686346530914307
1997,11,14,-2.065300941467285
1997,11,15,-1.853554606437683
1997,11,16,-0.8598248362541199
1997,11,17,-0.24023450911045074
1997,11,18,-1.117771863937378
1997,11,19,-2.3664119243621826
1997,11,20,-3.2680485248565674
1997,11,21,-4.135878562927246
1997,11,22,-4.803305625915527
1997,11,23,-4.85540246963501
1997,11,24,-4.4402289390563965
1997,11,25,-3.7692811489105225
1997,11,26,-2.8836417198181152
1997,11,27,-2.120814085006714
1997,11,28,-1.524539828300476
1997,11,29,-1.290850281715393
1997,11,30,-1.5594221353530884
1997,12,1,-1.6780699491500854
1997,12,2,-1.7020928859710693
1997,12,3,-2.0250465869903564
1997,12,4,-2.0599019527435303
1997,12,5,-1.570069432258606
1997,12,6,-1.092195749282837
1997,12,7,-1.0506335496902466
1997,12,8,-1.068027377128601
1997,12,9,-0.7673346996307373
1997,12,10,-0.30918604135513306
1997,12,11,-0.12377560138702393
1997,12,12,0.016926318407058716
1997,12,13,0.30906152725219727
1997,12,14,0.11814265698194504
1997,12,15,-0.3784446716308594
1997,12,16,-0.7266706228256226
1997,12,17,-0.5115099549293518
1997,12,18,0.016465215012431145
1997,12,19,0.11673694103956223
1997,12,20,-0.31270068883895874
1997,12,21,-0.6127315163612366
1997,12,22,-0.9011271595954895
1997,12,23,-1.4219251871109009
1997,12,24,-1.5768609046936035
1997,12,25,-1.5707060098648071
1997,12,26,-1.3339738845825195
1997,12,27,-0.9976004362106323
1997,12,28,-0.8798721432685852
1997,12,29,-0.46646037697792053
1997,12,30,-0.3215582072734833
1997,12,31,-0.16864584386348724
1998,1,1,0.06909981369972229
1998,1,2,0.5129554271697998
1998,1,3,0.8563243746757507
1998,1,4,0.620201826095581
1998,1,5,0.16901925206184387
1998,1,6,0.09976111352443695
1998,1,7,-0.1644594818353653
1998,1,8,-0.4057248532772064
1998,1,9,-0.01391419768333435
1998,1,10,0.6389996409416199
1998,1,11,0.5680443048477173
1998,1,12,0.31801411509513855
1998,1,13,0.13162922859191895
1998,1,14,-0.2559853494167328
1998,1,15,0.16476109623908997
1998,1,16,0.5871171355247498
1998,1,17,0.32586485147476196
1998,1,18,0.1382080763578415
1998,1,19,-0.04983976110816002
1998,1,20,-0.0412098728120327
1998,1,21,0.36136728525161743
1998,1,22,0.6687901616096497
1998,1,23,0.8401070237159729
1998,1,24,1.0782814025878906
1998,1,25,1.091246485710144
1998,1,26,1.1068452596664429
1998,1,27,1.1843070983886719
1998,1,28,0.864326536655426
1998,1,29,0.6504731774330139
1998,1,30,0.3786941468715668
1998,1,31,-0.23978912830352783
1998,2,1,-0.3893168270587921
1998,2,2,-0.29658710956573486
1998,2,3,0.08947350084781647
1998,2,4,0.6217613220214844
1998,2,5,1.057211995124817
1998,2,6,1.2968435287475586
1998,2,7,1.1168509721755981
1998,2,8,0.8135441541671753
1998,2,9,1.1312052011489868
1998,2,10,1.5934494733810425
1998,2,11,1.6334383487701416
1998,2,12,1.7173857688903809
1998,2,13,1.642917275428772
1998,2,14,1.370823621749878
1998,2,15,0.8665095567703247
1998,2,16,0.28298428654670715
1998,2,17,-0.005786996800452471
1998,2,18,-0.11495453119277954
1998,2,19,-0.1862315684556961
1998,2,20,-0.47821617126464844
1998,2,21,-0.6324222683906555
1998,2,22,-0.5092501640319824
1998,2,23,-0.19456981122493744
1998,2,24,-0.2302408367395401
1998,2,25,-0.3667951226234436
1998,2,26,-0.41922369599342346
1998,2,27,-0.4032161831855774
1998,2,28,-0.5602278113365173
1998,3,1,-0.9277570247650146
1998,3,2,-0.9874966740608215
1998,3,3,-0.7739558815956116
1998,3,4,-0.4601631164550781
1998,3,5,-0.1857464462518692
1998,3,6,0.45873093605041504
1998,3,7,1.2085553407669067
1998,3,8,1.5073869228363037
1998,3,9,1.4488532543182373
1998,3,10,1.3495488166809082
1998,3,11,1.0610615015029907
1998,3,12,0.6053346395492554
1998,3,13,0.4163779020309448
1998,3,14,0.6229032278060913
1998,3,15,0.5229864120483398
1998,3,16,0.41949668526649475
1998,3,17,1.0240638256072998
1998,3,18,1.5138849020004272
1998,3,19,1.3894824981689453
1998,3,20,1.1823537349700928
1998,3,21,1.1331677436828613
1998,3,22,1.6462056636810303
1998,3,23,1.9015430212020874
1998,3,24,1.9208298921585083
1998,3,25,1.6434701681137085
1998,3,26,1.3808164596557617
1998,3,27,1.2171550989151
1998,3,28,0.7610370516777039
1998,3,29,-0.14867641031742096
1998,3,30,-0.5958279967308044
1998,3,31,-0.33611300587654114
1998,4,1,0.4000226855278015
1998,4,2,0.9742415547370911
1998,4,3,1.1420327425003052
1998,4,4,1.2937599420547485
1998,4,5,0.691239058971405
1998,4,6,0.3537534177303314
1998,4,7,0.8182119131088257
1998,4,8,1.3605537414550781
1998,4,9,1.2889736890792847
1998,4,10,1.8489545583724976
1998,4,11,2.1755619049072266
1998,4,12,2.0659427642822266
1998,4,13,1.8964017629623413
1998,4,14,1.6352744102478027
1998,4,15,1.1830596923828125
1998,4,16,1.633528709411621
1998,4,17,2.3507795333862305
1998,4,18,2.848590612411499
1998,4,19,3.2017202377319336
1998,4,20,3.082390069961548
1998,4,21,3.072094678878784
1998,4,22,2.9478890895843506
1998,4,23,2.5408031940460205
1998,4,24,2.4462451934814453
1998,4,25,2.7171432971954346
1998,4,26,2.439603567123413
1998,4,27,2.3659117221832275
1998,4,28,2.2939820289611816
1998,4,29,1.6920490264892578
1998,4,30,0.9115844368934631
1998,5,1,0.330832302570343
1998,5,2,-0.16043616831302643
1998,5,3,-0.7600371241569519
1998,5,4,-0.976805567741394
1998,5,5,-1.1373296976089478
1998,5,6,-1.124983549118042
1998,5,7,-0.956702470779419
1998,5,8,-0.8422634601593018
1998,5,9,-0.48307085037231445
1998,5,10,-0.7906911969184875
1998,5,11,-0.8757407665252686
1998,5,12,-0.6736200451850891
1998,5,13,-0.1931469887495041
1998,5,14,0.017694702371954918
1998,5,15,0.509793758392334
1998,5,16,1.252630591392517
1998,5,17,1.3100123405456543
1998,5,18,0.7385218143463135
1998,5,19,0.379533052444458
1998,5,20,-0.10143916308879852
1998,5,21,-0.38085272908210754
1998,5,22,-0.23177872598171234
1998,5,23,-0.3209315240383148
1998,5,24,0.12942305207252502
1998,5,25,0.17564913630485535
1998,5,26,0.2694905996322632
1998,5,27,0.6062440276145935
1998,5,28,0.6691156625747681
1998,5,29,0.7656301259994507
1998,5,30,0.6638697385787964
1998,5,31,0.9761757850646973
1998,6,1,0.7544021606445312
1998,6,2,0.1134154200553894
1998,6,3,-0.2281871736049652
1998,6,4,-0.19158078730106354
1998,6,5,0.0006770682521164417
1998,6,6,0.14613081514835358
1998,6,7,0.12331229448318481
1998,6,8,0.06393802165985107
1998,6,9,0.4877599775791168
1998,6,10,1.3367958068847656
1998,6,11,1.8253360986709595
1998,6,12,1.947298526763916
1998,6,13,1.3999948501586914
1998,6,14,1.1357601881027222
1998,6,15,1.7011560201644897
1998,6,16,1.8432862758636475
1998,6,17,1.913837194442749
1998,6,18,1.6513354778289795
1998,6,19,1.1986199617385864
1998,6,20,0.8753381967544556
1998,6,21,0.9042788147926331
1998,6,22,1.1044095754623413
1998,6,23,1.4114043712615967
1998,6,24,1.7702621221542358
1998,6,25,1.645027756690979
1998,6,26,1.0413858890533447
1998,6,27,0.5741783380508423
1998,6,28,0.7335368990898132
1998,6,29,0.9520729184150696
1998,6,30,1.5118942260742188
1998,7,1,2.046358823776245
1998,7,2,1.8035519123077393
1998,7,3,1.741723656654358
1998,7,4,1.6149057149887085
1998,7,5,1.535753607749939
1998,7,6,1.3634134531021118
1998,7,7,1.181665062904358
1998,7,8,1.561943531036377
1998,7,9,2.5487334728240967
1998,7,10,3.5696003437042236
1998,7,11,3.6730592250823975
1998,7,12,2.9518980979919434
1998,7,13,2.232811450958252
1998,7,14,1.6414915323257446
1998,7,15,1.3934601545333862
1998,7,16,0.93752121925354
1998,7,17,0.5529550313949585
1998,7,18,0.543401837348938
1998,7,19,0.8993161916732788
1998,7,20,1.6314390897750854
1998,7,21,2.0915281772613525
1998,7,22,1.9893962144851685
1998,7,23,1.7518541812896729
1998,7,24,1.2202469110488892
1998,7,25,0.3689267337322235
1998,7,26,-0.07789379358291626
1998,7,27,-0.4430634379386902
1998,7,28,-0.7270364165306091
1998,7,29,-0.5697927474975586
1998,7,30,0.6372418999671936
1998,7,31,1.595479965209961
1998,8,1,1.4969791173934937
1998,8,2,1.0304641723632812
1998,8,3,0.926711916923523
1998,8,4,1.2804313898086548
1998,8,5,1.3926037549972534
1998,8,6,0.9191432595252991
1998,8,7,0.9115976691246033
1998,8,8,1.5105026960372925
1998,8,9,1.7324655055999756
1998,8,10,1.8575326204299927
1998,8,11,1.624006986618042
1998,8,12,1.7394328117370605
1998,8,13,1.4347995519638062
1998,8,14,0.7300716638565063
1998,8,15,0.16586019098758698
1998,8,16,-0.6357674598693848
1998,8,17,-1.2651492357254028
1998,8,18,-1.2004956007003784
1998,8,19,-0.5143892168998718
1998,8,20,-0.3580063581466675
1998,8,21,-1.101245403289795
1998,8,22,-0.889228105545044
1998,8,23,0.026254942640662193
1998,8,24,0.8716742992401123
1998,8,25,1.4289768934249878
1998,8,26,1.690606713294983
1998,8,27,1.8334792852401733
1998,8,28,1.9658492803573608
1998,8,29,1.927747368812561
1998,8,30,2.1297922134399414
1998,8,31,2.283416986465454
1998,9,1,2.163609743118286
1998,9,2,1.8375715017318726
1998,9,3,1.4657214879989624
1998,9,4,1.1524392366409302
1998,9,5,0.6007165312767029
1998,9,6,-0.11336837708950043
1998,9,7,-0.6935816407203674
1998,9,8,-0.8946583867073059
1998,9,9,-1.2896779775619507
1998,9,10,-1.7617285251617432
1998,9,11,-1.7290186882019043
1998,9,12,-1.2331502437591553
1998,9,13,-1.1151469945907593
1998,9,14,-1.6748197078704834
1998,9,15,-1.675818681716919
1998,9,16,-1.353041172027588
1998,9,17,-0.41843941807746887
1998,9,18,0.21134573221206665
1998,9,19,0.5007424354553223
1998,9,20,0.16217835247516632
1998,9,21,-0.43849363923072815
1998,9,22,-0.3856675624847412
1998,9,23,0.06836707890033722
1998,9,24,0.4446490406990051
1998,9,25,0.6238150000572205
1998,9,26,0.2669925093650818
1998,9,27,0.24260152876377106
1998,9,28,0.47741034626960754
1998,9,29,0.5630037784576416
1998,9,30,0.3803088665008545
1998,10,1,0.31714943051338196
1998,10,2,0.20780177414417267
1998,10,3,0.3702276051044464
1998,10,4,0.2202477604150772
1998,10,5,0.03109947219491005
1998,10,6,-0.01190824992954731
1998,10,7,0.49171051383018494
1998,10,8,1.4020280838012695
1998,10,9,2.0636327266693115
1998,10,10,2.064300537109375
1998,10,11,1.3229551315307617
1998,10,12,0.17700113356113434
1998,10,13,-0.7855872511863708
1998,10,14,-0.9383440017700195
1998,10,15,-0.8262361884117126
1998,10,16,-0.9625147581100464
1998,10,17,-0.7069754004478455
1998,10,18,-0.426541805267334
1998,10,19,-0.04931361600756645
1998,10,20,0.14366492629051208
1998,10,21,-0.04257764294743538
1998,10,22,-0.05692203342914581
1998,10,23,0.02808229997754097
1998,10,24,0.30001065135002136
1998,10,25,0.9299511909484863
1998,10,26,1.186599850654602
1998,10,27,0.9422303438186646
1998,10,28,0.8411329984664917
1998,10,29,1.0605427026748657
1998,10,30,1.145210862159729
1998,10,31,1.4260884523391724
1998,11,1,1.8984708786010742
1998,11,2,1.677115797996521
1998,11,3,0.6170074939727783
1998,11,4,0.04922930896282196
1998,11,5,0.1450483351945877
1998,11,6,0.45342034101486206
1998,11,7,0.8865033984184265
1998,11,8,1.3345400094985962
1998,11,9,1.5467967987060547
1998,11,10,1.14096200466156
1998,11,11,1.0352362394332886
1998,11,12,1.343762993812561
1998,11,13,1.802905797958374
1998,11,14,1.614749789237976
1998,11,15,1.4580881595611572
1998,11,16,1.507369875907898
1998,11,17,1.5370112657546997
1998,11,18,1.6549220085144043
1998,11,19,0.9645790457725525
1998,11,20,0.20187793672084808
1998,11,21,-0.2737469971179962
1998,11,22,-0.6427152156829834
1998,11,23,-0.6862493753433228
1998,11,24,-0.4996221363544464
1998,11,25,-0.013796756975352764
1998,11,26,0.34575939178466797
1998,11,27,0.5787954926490784
1998,11,28,0.511891782283783
1998,11,29,0.7049117088317871
1998,11,30,0.6679381132125854
1998,12,1,0.4063684344291687
1998,12,2,0.9712746739387512
1998,12,3,1.8251398801803589
1998,12,4,1.5532373189926147
1998,12,5,1.3013012409210205
1998,12,6,1.6125307083129883
1998,12,7,1.7109590768814087
1998,12,8,2.0443429946899414
1998,12,9,2.4311599731445312
1998,12,10,2.518648862838745
1998,12,11,2.369408130645752
1998,12,12,2.0090341567993164
1998,12,13,1.7140915393829346
1998,12,14,1.961143970489502
1998,12,15,2.1198863983154297
1998,12,16,1.9719527959823608
1998,12,17,1.809570074081421
1998,12,18,1.6888192892074585
1998,12,19,1.6586049795150757
1998,12,20,1.5300856828689575
1998,12,21,1.2697747945785522
1998,12,22,1.060591697692871
1998,12,23,1.0036355257034302
1998,12,24,1.0638357400894165
1998,12,25,1.0666439533233643
1998,12,26,0.8502912521362305
1998,12,27,0.6617195010185242
1998,12,28,0.3086801767349243
1998,12,29,0.026451783254742622
1998,12,30,0.05543136224150658
1998,12,31,0.24484510719776154
1999,1,1,0.3513478934764862
1999,1,2,0.8856205344200134
1999,1,3,1.3236380815505981
1999,1,4,1.3265440464019775
1999,1,5,1.2698712348937988
1999,1,6,1.246446967124939
1999,1,7,0.8598265647888184
1999,1,8,0.9556816220283508
1999,1,9,1.6052093505859375
1999,1,10,1.787260890007019
1999,1,11,1.6604400873184204
1999,1,12,1.7696903944015503
1999,1,13,1.6808619499206543
1999,1,14,1.3390580415725708
1999,1,15,1.0454729795455933
1999,1,16,0.9206039905548096
1999,1,17,0.6806055307388306
1999,1,18,0.46513739228248596
1999,1,19,0.281711220741272
1999,1,20,-0.020294176414608955
1999,1,21,0.32154712080955505
1999,1,22,0.8584117293357849
1999,1,23,1.1729950904846191
1999,1,24,1.272477626800537
1999,1,25,1.1643086671829224
1999,1,26,0.9679027795791626
1999,1,27,0.664036214351654
1999,1,28,0.5994174480438232
1999,1,29,0.5503653883934021
1999,1,30,0.4222649931907654
1999,1,31,0.3577502369880676
1999,2,1,0.6978234052658081
1999,2,2,0.7312041521072388
1999,2,3,1.1172391176223755
1999,2,4,1.1024278402328491
1999,2,5,0.7038406729698181
1999,2,6,0.8230097889900208
1999,2,7,1.0076525211334229
1999,2,8,1.1476532220840454
1999,2,9,0.9007808566093445
1999,2,10,0.6365037560462952
1999,2,11,0.7764548659324646
1999,2,12,0.6183033585548401
1999,2,13,0.7878251075744629
1999,2,14,1.012803316116333
1999,2,15,0.9866864085197449
1999,2,16,0.6544445157051086
1999,2,17,0.5408605933189392
1999,2,18,0.4291275143623352
1999,2,19,0.017196690663695335
1999,2,20,-0.3499198257923126
1999,2,21,-0.3759685158729553
1999,2,22,-0.02157413959503174
1999,2,23,-0.28255602717399597
1999,2,24,-0.10769838839769363
1999,2,25,0.18844404816627502
1999,2,26,-0.34127485752105713
1999,2,27,-0.6319945454597473
1999,2,28,-0.53147292137146
1999,3,1,-1.0286293029785156
1999,3,2,-1.589178442955017
1999,3,3,-1.5842958688735962
1999,3,4,-1.3540799617767334
1999,3,5,-0.2597903311252594
1999,3,6,0.8594021797180176
1999,3,7,1.317671298980713
1999,3,8,1.4031754732131958
1999,3,9,1.2851344347000122
1999,3,10,1.2156833410263062
1999,3,11,1.361668348312378
1999,3,12,1.2049658298492432
1999,3,13,1.1817493438720703
1999,3,14,1.1177328824996948
1999,3,15,0.7386761903762817
1999,3,16,0.4494219124317169
1999,3,17,0.2187596559524536
1999,3,18,-0.012070663273334503
1999,3,19,-0.3962308466434479
1999,3,20,-0.6885116100311279
1999,3,21,-0.7523535490036011
1999,3,22,-0.3891550302505493
1999,3,23,-0.344621479511261
1999,3,24,-0.06036197021603584
1999,3,25,-0.07212243229150772
1999,3,26,0.1733110100030899
1999,3,27,0.4121364951133728
1999,3,28,0.36370041966438293
1999,3,29,0.09396248310804367
1999,3,30,-0.08341368287801743
1999,3,31,0.5341901183128357
1999,4,1,0.7968181371688843
1999,4,2,1.200285792350769
1999,4,3,1.3324023485183716
1999,4,4,1.0300040245056152
1999,4,5,0.8612286448478699
1999,4,6,0.8287876844406128
1999,4,7,0.7791404724121094
1999,4,8,0.8013986945152283
1999,4,9,1.3053512573242188
1999,4,10,1.6154245138168335
1999,4,11,1.86520516872406
1999,4,12,1.5268698930740356
1999,4,13,0.9012659788131714
1999,4,14,0.3049662411212921
1999,4,15,-0.13995039463043213
1999,4,16,-0.44974255561828613
1999,4,17,-0.45225003361701965
1999,4,18,-0.09024233371019363
1999,4,19,-0.3706681728363037
1999,4,20,-0.667773962020874
1999,4,21,0.32027775049209595
1999,4,22,1.170760154724121
1999,4,23,1.4285229444503784
1999,4,24,1.5813257694244385
1999,4,25,1.3588342666625977
1999,4,26,1.2984051704406738
1999,4,27,1.5902982950210571
1999,4,28,2.203819990158081
1999,4,29,1.971748948097229
1999,4,30,1.4862135648727417
1999,5,1,0.8336116075515747
1999,5,2,0.26778391003608704
1999,5,3,0.4394776523113251
1999,5,4,0.633985161781311
1999,5,5,1.0815355777740479
1999,5,6,1.8633099794387817
1999,5,7,2.325057029724121
1999,5,8,1.9387199878692627
1999,5,9,1.746550440788269
1999,5,10,1.50584077835083
1999,5,11,1.4369258880615234
1999,5,12,1.4201949834823608
1999,5,13,1.4096684455871582
1999,5,14,1.5936822891235352
1999,5,15,1.621116042137146
1999,5,16,2.1899662017822266
1999,5,17,2.978874683380127
1999,5,18,3.2515597343444824
1999,5,19,2.7403159141540527
1999,5,20,2.107616424560547
1999,5,21,1.6372785568237305
1999,5,22,1.8811044692993164
1999,5,23,2.3050038814544678
1999,5,24,2.3064348697662354
1999,5,25,1.8997540473937988
1999,5,26,1.277972936630249
1999,5,27,0.9469470977783203
1999,5,28,0.9511309862136841
1999,5,29,0.9026710987091064
1999,5,30,0.8033667206764221
1999,5,31,0.6152899861335754
1999,6,1,0.4565912187099457
1999,6,2,0.731635570526123
1999,6,3,0.894716739654541
1999,6,4,0.7742428183555603
1999,6,5,0.16984179615974426
1999,6,6,-0.47183912992477417
1999,6,7,-0.15732799470424652
1999,6,8,-0.00833499152213335
1999,6,9,-0.3158324062824249
1999,6,10,-0.5734996199607849
1999,6,11,-0.9373165965080261
1999,6,12,-1.1485583782196045
1999,6,13,-1.2632924318313599
1999,6,14,-1.6177124977111816
1999,6,15,-2.5699055194854736
1999,6,16,-3.640681028366089
1999,6,17,-4.151452541351318
1999,6,18,-3.9048011302948
1999,6,19,-3.575446605682373
1999,6,20,-2.9671335220336914
1999,6,21,-2.1929736137390137
1999,6,22,-1.7359257936477661
1999,6,23,-1.3186620473861694
1999,6,24,-1.5292277336120605
1999,6,25,-1.7216570377349854
1999,6,26,-1.1827962398529053
1999,6,27,-0.8630865216255188
1999,6,28,-1.152864694595337
1999,6,29,-1.289468765258789
1999,6,30,-1.135489821434021
1999,7,1,-0.5584579110145569
1999,7,2,0.4288283586502075
1999,7,3,1.7615967988967896
1999,7,4,2.455185651779175
1999,7,5,2.3814194202423096
1999,7,6,1.9856092929840088
1999,7,7,1.9285671710968018
1999,7,8,1.7342509031295776
1999,7,9,1.368847131729126
1999,7,10,1.5104399919509888
1999,7,11,1.8459784984588623
1999,7,12,2.0764522552490234
1999,7,13,1.428282380104065
1999,7,14,1.0527440309524536
1999,7,15,0.47255441546440125
1999,7,16,-0.6459410190582275
1999,7,17,-0.9567868709564209
1999,7,18,-0.7302936315536499
1999,7,19,-0.7601874470710754
1999,7,20,-1.0138254165649414
1999,7,21,-1.3638859987258911
1999,7,22,-1.7584844827651978
1999,7,23,-1.4616901874542236
1999,7,24,-1.4483782052993774
1999,7,25,-1.3199725151062012
1999,7,26,-0.6398227214813232
1999,7,27,-0.11561212688684464
1999,7,28,-0.32472771406173706
1999,7,29,-0.3232824504375458
1999,7,30,0.05053318291902542
1999,7,31,0.2973284125328064
1999,8,1,0.5725526809692383
1999,8,2,0.16747881472110748
1999,8,3,-0.31221622228622437
1999,8,4,-0.25226864218711853
1999,8,5,-0.14970950782299042
1999,8,6,-0.0517822802066803
1999,8,7,0.36394041776657104
1999,8,8,0.056578416377305984
1999,8,9,-0.4061925411224365
1999,8,10,-0.6403506994247437
1999,8,11,-0.5855806469917297
1999,8,12,-0.20116503536701202
1999,8,13,0.39531949162483215
1999,8,14,0.9825652241706848
1999,8,15,1.2620041370391846
1999,8,16,0.7934538722038269
1999,8,17,0.10738670080900192
1999,8,18,0.26814961433410645
1999,8,19,0.8367382884025574
1999,8,20,1.158409833908081
1999,8,21,0.9576705098152161
1999,8,22,0.8424026370048523
1999,8,23,0.259307324886322
1999,8,24,-0.8368343710899353
1999,8,25,-1.5196667909622192
1999,8,26,-1.2886892557144165
1999,8,27,-0.5927177667617798
1999,8,28,-0.19562865793704987
1999,8,29,-0.16565604507923126
1999,8,30,-0.35746967792510986
1999,8,31,-0.293415904045105
1999,9,1,-0.08623626828193665
1999,9,2,0.1698247194290161
1999,9,3,0.5850626826286316
1999,9,4,0.6154292225837708
1999,9,5,0.6649531126022339
1999,9,6,0.24534596502780914
1999,9,7,0.10317537933588028
1999,9,8,-0.0954730287194252
1999,9,9,-0.048758573830127716
1999,9,10,0.2288045883178711
1999,9,11,0.4623047113418579
1999,9,12,0.35968318581581116
1999,9,13,-0.0502273328602314
1999,9,14,-0.24968600273132324
1999,9,15,-0.42524948716163635
1999,9,16,-0.5055680871009827
1999,9,17,-0.894370973110199
1999,9,18,-1.3134269714355469
1999,9,19,-1.2717485427856445
1999,9,20,-0.8941091895103455
1999,9,21,-0.4719763398170471
1999,9,22,0.20554520189762115
1999,9,23,0.7916437983512878
1999,9,24,0.9983855485916138
1999,9,25,0.8051018714904785
1999,9,26,0.39576393365859985
1999,9,27,0.15138593316078186
1999,9,28,-0.27095460891723633
1999,9,29,-0.36573752760887146
1999,9,30,-0.2630807161331177
1999,10,1,0.23161403834819794
1999,10,2,1.263685703277588
1999,10,3,1.9891878366470337
1999,10,4,2.14225697517395
1999,10,5,2.027151107788086
1999,10,6,2.672670841217041
1999,10,7,2.615133762359619
1999,10,8,2.2359695434570312
1999,10,9,1.8877105712890625
1999,10,10,1.8751293420791626
1999,10,11,1.6692044734954834
1999,10,12,1.439910888671875
1999,10,13,1.125349760055542
1999,10,14,0.5367081761360168
1999,10,15,0.33800458908081055
1999,10,16,0.2590666115283966
1999,10,17,0.5974105000495911
1999,10,18,1.4431703090667725
1999,10,19,2.0033557415008545
1999,10,20,1.9262453317642212
1999,10,21,1.7181994915008545
1999,10,22,1.5556186437606812
1999,10,23,1.6492421627044678
1999,10,24,1.6896100044250488
1999,10,25,1.553514838218689
1999,10,26,1.424715280532837
1999,10,27,1.3748133182525635
1999,10,28,1.4283995628356934
1999,10,29,2.057527542114258
1999,10,30,2.5479700565338135
1999,10,31,2.0661938190460205
1999,11,1,2.000800132751465
1999,11,2,2.474271774291992
1999,11,3,2.6199870109558105
1999,11,4,1.8190562725067139
1999,11,5,0.6805274486541748
1999,11,6,-0.42993247509002686
1999,11,7,-1.4105932712554932
1999,11,8,-1.4438364505767822
1999,11,9,-0.6899427175521851
1999,11,10,-0.1200745552778244
1999,11,11,-0.14516115188598633
1999,11,12,-0.29745370149612427
1999,11,13,-0.030335955321788788
1999,11,14,0.3913933336734772
1999,11,15,1.272403597831726
1999,11,16,1.5474976301193237
1999,11,17,1.5817043781280518
1999,11,18,1.312863826751709
1999,11,19,1.1623789072036743
1999,11,20,1.3525702953338623
1999,11,21,1.5165526866912842
1999,11,22,1.3332732915878296
1999,11,23,0.921691358089447
1999,11,24,0.7205389738082886
1999,11,25,0.7317052483558655
1999,11,26,0.8500914573669434
1999,11,27,1.5142440795898438
1999,11,28,1.5366729497909546
1999,11,29,1.5693320035934448
1999,11,30,1.6338008642196655
1999,12,1,1.681850552558899
1999,12,2,1.447355031967163
1999,12,3,1.568481683731079
1999,12,4,2.076174736022949
1999,12,5,2.1552059650421143
1999,12,6,2.18947696685791
1999,12,7,2.4246811866760254
1999,12,8,2.8182671070098877
1999,12,9,3.1203887462615967
1999,12,10,2.8837263584136963
1999,12,11,2.6872920989990234
1999,12,12,2.323683500289917
1999,12,13,2.169208288192749
1999,12,14,1.7626267671585083
1999,12,15,1.0100455284118652
1999,12,16,0.5311476588249207
1999,12,17,0.20140652358531952
1999,12,18,0.3704976439476013
1999,12,19,0.7381322383880615
1999,12,20,0.8351184129714966
1999,12,21,0.8657798767089844
1999,12,22,1.2851735353469849
1999,12,23,1.7547982931137085
1999,12,24,1.9591913223266602
1999,12,25,1.7442092895507812
1999,12,26,1.3449441194534302
1999,12,27,1.541683316230774
1999,12,28,1.8864797353744507
1999,12,29,1.8531004190444946
1999,12,30,2.055342197418213
1999,12,31,1.954096794128418
2000,1,1,1.6866137981414795
2000,1,2,2.27925705909729
2000,1,3,2.5053420066833496
2000,1,4,2.008319854736328
2000,1,5,1.6306793689727783
2000,1,6,1.4445717334747314
2000,1,7,1.287222981452942
2000,1,8,0.967425525188446
2000,1,9,0.492691308259964
2000,1,10,0.5083444118499756
2000,1,11,1.090698480606079
2000,1,12,1.1801611185073853
2000,1,13,1.2567569017410278
2000,1,14,1.6778318881988525
2000,1,15,1.8127686977386475
2000,1,16,1.6363074779510498
2000,1,17,1.7799687385559082
2000,1,18,1.6637717485427856
2000,1,19,1.0562114715576172
2000,1,20,0.9284601211547852
2000,1,21,0.864919126033783
2000,1,22,0.958014726638794
2000,1,23,1.1517318487167358
2000,1,24,1.1910784244537354
2000,1,25,1.5188124179840088
2000,1,26,1.6537156105041504
2000,1,27,1.4803887605667114
2000,1,28,1.03383207321167
2000,1,29,0.5399448871612549
2000,1,30,-0.10662916302680969
2000,1,31,-1.194580078125
2000,2,1,-1.6916751861572266
2000,2,2,-1.4202935695648193
2000,2,3,-1.1776493787765503
2000,2,4,-1.1241904497146606
2000,2,5,-0.530036449432373
2000,2,6,0.49718761444091797
2000,2,7,0.8531392216682434
2000,2,8,0.8184329867362976
2000,2,9,0.4865759313106537
2000,2,10,0.05240336060523987
2000,2,11,0.17474299669265747
2000,2,12,0.9330943822860718
2000,2,13,1.4014612436294556
2000,2,14,1.489708662033081
2000,2,15,1.4050581455230713
2000,2,16,1.2298190593719482
2000,2,17,1.6932423114776611
2000,2,18,2.3320348262786865
2000,2,19,2.3071916103363037
2000,2,20,1.6558127403259277
2000,2,21,1.0409998893737793
2000,2,22,0.0823783278465271
2000,2,23,-0.03621261566877365
2000,2,24,0.3351553976535797
2000,2,25,0.6545733213424683
2000,2,26,0.7374411821365356
2000,2,27,0.6173533201217651
2000,2,28,0.911707878112793
2000,2,29,1.5271775722503662
2000,3,1,1.509669303894043
2000,3,2,1.4610151052474976
2000,3,3,1.3525363206863403
2000,3,4,0.8785157799720764
2000,3,5,0.32076460123062134
2000,3,6,0.19623138010501862
2000,3,7,0.47128912806510925
2000,3,8,0.51108318567276
2000,3,9,0.47988826036453247
2000,3,10,0.5467037558555603
2000,3,11,0.32289060950279236
2000,3,12,-0.07166179269552231
2000,3,13,-0.030760508030653
2000,3,14,-0.4274381101131439
2000,3,15,-0.7815161347389221
2000,3,16,-0.533767819404602
2000,3,17,-0.6802868247032166
2000,3,18,-0.6795067191123962
2000,3,19,-0.9371048212051392
2000,3,20,-0.9647884964942932
2000,3,21,-0.606565535068512
2000,3,22,-0.26272326707839966
2000,3,23,-0.16103459894657135
2000,3,24,0.16399088501930237
2000,3,25,0.5937243103981018
2000,3,26,0.8768829107284546
2000,3,27,0.8683944940567017
2000,3,28,0.7049747109413147
2000,3,29,-0.0714602917432785
2000,3,30,-0.6969996690750122
2000,3,31,-0.4529303014278412
2000,4,1,-0.1345965713262558
2000,4,2,-0.1114894449710846
2000,4,3,0.29728204011917114
2000,4,4,0.5735601782798767
2000,4,5,1.6089800596237183
2000,4,6,2.0098767280578613
2000,4,7,1.700198769569397
2000,4,8,2.0544371604919434
2000,4,9,2.408876657485962
2000,4,10,2.043262243270874
2000,4,11,1.2643061876296997
2000,4,12,0.5721030831336975
2000,4,13,-0.02036270499229431
2000,4,14,-0.251402348279953
2000,4,15,-0.005663055460900068
2000,4,16,-0.174101784825325
2000,4,17,-0.35589566826820374
2000,4,18,-0.5717194676399231
2000,4,19,-0.7531856298446655
2000,4,20,-1.1587586402893066
2000,4,21,-1.2117080688476562
2000,4,22,-1.2198517322540283
2000,4,23,-1.300977110862732
2000,4,24,-1.2245444059371948
2000,4,25,-1.393588900566101
2000,4,26,-0.9968593120574951
2000,4,27,-0.8184203505516052
2000,4,28,0.3873004913330078
2000,4,29,1.5649534463882446
2000,4,30,1.8738148212432861
2000,5,1,1.6686089038848877
2000,5,2,1.7092293500900269
2000,5,3,1.4530712366104126
2000,5,4,1.4187136888504028
2000,5,5,1.0629522800445557
2000,5,6,1.105699896812439
2000,5,7,1.6092627048492432
2000,5,8,2.0249643325805664
2000,5,9,2.2069122791290283
2000,5,10,2.802642345428467
2000,5,11,2.9391958713531494
2000,5,12,2.8819997310638428
2000,5,13,3.006235361099243
2000,5,14,2.7953758239746094
2000,5,15,2.2943546772003174
2000,5,16,2.1136391162872314
2000,5,17,2.2456531524658203
2000,5,18,2.184016466140747
2000,5,19,1.5352575778961182
2000,5,20,1.082700252532959
2000,5,21,0.9867370128631592
2000,5,22,1.1516584157943726
2000,5,23,0.9537882804870605
2000,5,24,0.8246697187423706
2000,5,25,0.731296718120575
2000,5,26,-0.07564243674278259
2000,5,27,-1.2557144165039062
2000,5,28,-2.596808671951294
2000,5,29,-2.974877119064331
2000,5,30,-2.39801287651062
2000,5,31,-1.8761812448501587
2000,6,1,-1.2847023010253906
2000,6,2,-0.9097124338150024
2000,6,3,-0.2767049968242645
2000,6,4,0.08182413130998611
2000,6,5,0.02060174196958542
2000,6,6,0.28363263607025146
2000,6,7,0.21286100149154663
2000,6,8,-0.17248255014419556
2000,6,9,-0.9710421562194824
2000,6,10,-1.607560634613037
2000,6,11,-1.3181828260421753
2000,6,12,-0.15410883724689484
2000,6,13,0.6568758487701416
2000,6,14,0.9340853691101074
2000,6,15,1.184146523475647
2000,6,16,1.4843806028366089
2000,6,17,1.9963709115982056
2000,6,18,2.177699565887451
2000,6,19,1.4235244989395142
2000,6,20,-0.044070687144994736
2000,6,21,-0.6054924130439758
2000,6,22,-0.6904512047767639
2000,6,23,-0.8114422559738159
2000,6,24,-0.6930428743362427
2000,6,25,-0.36131876707077026
2000,6,26,0.024122826755046844
2000,6,27,0.32365623116493225
2000,6,28,0.7477064728736877
2000,6,29,0.7497389912605286
2000,6,30,0.9155750274658203
2000,7,1,1.1986331939697266
2000,7,2,1.575953483581543
2000,7,3,1.787428617477417
2000,7,4,1.5075165033340454
2000,7,5,1.0340458154678345
2000,7,6,0.4147800803184509
2000,7,7,0.4099145829677582
2000,7,8,0.49734851717948914
2000,7,9,0.30975788831710815
2000,7,10,0.6711573004722595
2000,7,11,1.160048246383667
2000,7,12,1.4880397319793701
2000,7,13,0.9688653945922852
2000,7,14,0.02538139931857586
2000,7,15,-0.34940218925476074
2000,7,16,-0.20594286918640137
2000,7,17,0.3791126012802124
2000,7,18,0.14550594985485077
2000,7,19,-0.8625403046607971
2000,7,20,-1.4466984272003174
2000,7,21,-1.2663322687149048
2000,7,22,-0.6445874571800232
2000,7,23,-1.0550388097763062
2000,7,24,-1.3910496234893799
2000,7,25,-0.7174021601676941
2000,7,26,-0.1756247878074646
2000,7,27,-0.04061756283044815
2000,7,28,-0.43848636746406555
2000,7,29,-0.935604989528656
2000,7,30,-1.2117568254470825
2000,7,31,-1.1580795049667358
2000,8,1,-1.2528022527694702
2000,8,2,-1.587661623954773
2000,8,3,-1.2995551824569702
2000,8,4,-1.0672816038131714
2000,8,5,-1.1313034296035767
2000,8,6,-0.9511919021606445
2000,8,7,-0.7001966238021851
2000,8,8,-0.33348554372787476
2000,8,9,0.26506751775741577
2000,8,10,1.0307279825210571
2000,8,11,1.3049012422561646
2000,8,12,0.9019058346748352
2000,8,13,0.4635842442512512
2000,8,14,0.44827893376350403
2000,8,15,-0.028257450088858604
2000,8,16,-0.4429018199443817
2000,8,17,-0.7998613715171814
2000,8,18,-0.8772926926612854
2000,8,19,-0.9367777705192566
2000,8,20,-1.1977777481079102
2000,8,21,-1.704139232635498
2000,8,22,-1.2982853651046753
2000,8,23,-0.6197766661643982
2000,8,24,-0.776352047920227
2000,8,25,-1.4118561744689941
2000,8,26,-0.8951826691627502
2000,8,27,0.024795114994049072
2000,8,28,-0.09381010383367538
2000,8,29,-0.8634832501411438
2000,8,30,-1.7556781768798828
2000,8,31,-2.623406171798706
2000,9,1,-3.6545960903167725
2000,9,2,-4.223587512969971
2000,9,3,-4.327411651611328
2000,9,4,-4.345094680786133
2000,9,5,-4.548335075378418
2000,9,6,-4.382970809936523
2000,9,7,-4.460861682891846
2000,9,8,-4.483945369720459
2000,9,9,-3.9371752738952637
2000,9,10,-4.049072265625
2000,9,11,-3.7074623107910156
2000,9,12,-3.20685076713562
2000,9,13,-2.059579610824585
2000,9,14,-0.8778919577598572
2000,9,15,-0.2939954698085785
2000,9,16,-0.2433299422264099
2000,9,17,-0.21503448486328125
2000,9,18,-0.0013501289067789912
2000,9,19,0.36227500438690186
2000,9,20,0.2223699390888214
2000,9,21,0.13757628202438354
2000,9,22,-0.3087288737297058
2000,9,23,-0.8831702470779419
2000,9,24,-0.8429685831069946
2000,9,25,-0.6313670873641968
2000,9,26,-0.37028124928474426
2000,9,27,0.11790570616722107
2000,9,28,0.3698093891143799
2000,9,29,0.47324562072753906
2000,9,30,0.7019725441932678
2000,10,1,0.8018981218338013
2000,10,2,0.8654665350914001
2000,10,3,1.0922209024429321
2000,10,4,1.2108131647109985
2000,10,5,0.652033805847168
2000,10,6,0.32502102851867676
2000,10,7,0.6009798645973206
2000,10,8,0.6983607411384583
2000,10,9,0.32690781354904175
2000,10,10,-0.5892744660377502
2000,10,11,-0.9092406034469604
2000,10,12,-0.21632394194602966
2000,10,13,0.19725725054740906
2000,10,14,0.11170883476734161
2000,10,15,-0.2342115044593811
2000,10,16,-0.750939667224884
2000,10,17,-1.0449168682098389
2000,10,18,-0.43427547812461853
2000,10,19,0.07509422302246094
2000,10,20,0.455912321805954
2000,10,21,0.8032954931259155
2000,10,22,0.7109034061431885
2000,10,23,0.5916290879249573
2000,10,24,0.7344485521316528
2000,10,25,0.6282375454902649
2000,10,26,0.35260191559791565
2000,10,27,0.08331582695245743
2000,10,28,0.303648442029953
2000,10,29,0.4033658504486084
2000,10,30,1.1050294637680054
2000,10,31,1.3444486856460571
2000,11,1,0.6813961863517761
2000,11,2,-0.7718971371650696
2000,11,3,-1.3732706308364868
2000,11,4,-1.206751823425293
2000,11,5,-1.542563796043396
2000,11,6,-1.609201192855835
2000,11,7,-1.6710548400878906
2000,11,8,-1.870844841003418
2000,11,9,-1.4725600481033325
2000,11,10,-0.8480655550956726
2000,11,11,-0.5846037268638611
2000,11,12,-0.6198498010635376
2000,11,13,-1.0374220609664917
2000,11,14,-0.939100444316864
2000,11,15,-1.1993361711502075
2000,11,16,-1.9991649389266968
2000,11,17,-2.8093795776367188
2000,11,18,-2.266913652420044
2000,11,19,-1.7369771003723145
2000,11,20,-1.6918941736221313
2000,11,21,-1.6630525588989258
2000,11,22,-1.514614224433899
2000,11,23,-1.5169651508331299
2000,11,24,-1.5923562049865723
2000,11,25,-1.6184130907058716
2000,11,26,-1.7262451648712158
2000,11,27,-2.167480230331421
2000,11,28,-2.3128669261932373
2000,11,29,-2.060213088989258
2000,11,30,-1.7945607900619507
2000,12,1,-1.5311261415481567
2000,12,2,-1.1496888399124146
2000,12,3,-0.8867790102958679
2000,12,4,-0.6145109534263611
2000,12,5,-0.4350208640098572
2000,12,6,-0.5844010710716248
2000,12,7,-0.7850666046142578
2000,12,8,-0.9152339100837708
2000,12,9,-0.8920189738273621
2000,12,10,-1.0938471555709839
2000,12,11,-1.5826225280761719
2000,12,12,-1.9365894794464111
2000,12,13,-1.9563242197036743
2000,12,14,-1.5692683458328247
2000,12,15,-0.7622824907302856
2000,12,16,-0.5106445550918579
2000,12,17,-0.6719760298728943
2000,12,18,-0.9376747012138367
2000,12,19,-0.8622144460678101
2000,12,20,-0.42231592535972595
2000,12,21,-0.10175742954015732
2000,12,22,-0.264782190322876
2000,12,23,-0.8919146060943604
2000,12,24,-1.7012962102890015
2000,12,25,-2.3776285648345947
2000,12,26,-2.5263595581054688
2000,12,27,-2.4776759147644043
2000,12,28,-2.786268949508667
2000,12,29,-2.4587485790252686
2000,12,30,-1.698613166809082
2000,12,31,-1.2598844766616821
2001,1,1,-1.9565192461013794
2001,1,2,-2.0213239192962646
2001,1,3,-2.004031181335449
2001,1,4,-1.5948611497879028
2001,1,5,-1.3808547258377075
2001,1,6,-1.3062255382537842
2001,1,7,-1.141533613204956
2001,1,8,-0.5772022604942322
2001,1,9,-0.5857895016670227
2001,1,10,-0.6765141487121582
2001,1,11,-1.0808855295181274
2001,1,12,-1.0874918699264526
2001,1,13,-0.5408885478973389
2001,1,14,-0.15139195322990417
2001,1,15,-0.05386564880609512
2001,1,16,0.18415872752666473
2001,1,17,0.17565174400806427
2001,1,18,0.1449974775314331
2001,1,19,0.7436819076538086
2001,1,20,0.6442931294441223
2001,1,21,0.25162041187286377
2001,1,22,0.21476145088672638
2001,1,23,-0.021928735077381134
2001,1,24,0.1961108297109604
2001,1,25,0.37716177105903625
2001,1,26,0.5513556003570557
2001,1,27,0.5772538781166077
2001,1,28,0.19885151088237762
2001,1,29,-0.23055195808410645
2001,1,30,-0.7341999411582947
2001,1,31,-1.2670774459838867
2001,2,1,-0.8176913261413574
2001,2,2,-0.5901735424995422
2001,2,3,-0.5436446666717529
2001,2,4,-0.595644474029541
2001,2,5,-0.6540648341178894
2001,2,6,-0.7349027395248413
2001,2,7,-0.4550324082374573
2001,2,8,-0.015082309953868389
2001,2,9,0.5005622506141663
2001,2,10,0.5657944083213806
2001,2,11,0.7562609314918518
2001,2,12,1.0140732526779175
2001,2,13,1.1169064044952393
2001,2,14,1.1825181245803833
2001,2,15,1.277154564857483
2001,2,16,1.1602418422698975
2001,2,17,0.8516099452972412
2001,2,18,0.28943103551864624
2001,2,19,0.26067811250686646
2001,2,20,0.22419379651546478
2001,2,21,-0.6091693043708801
2001,2,22,-1.7695417404174805
2001,2,23,-2.3420586585998535
2001,2,24,-2.294325351715088
2001,2,25,-2.2773935794830322
2001,2,26,-1.5289360284805298
2001,2,27,-0.9793267250061035
2001,2,28,-0.21307821571826935
2001,3,1,-0.39187362790107727
2001,3,2,-0.6765148043632507
2001,3,3,-1.2852121591567993
2001,3,4,-1.7851266860961914
2001,3,5,-1.85530424118042
2001,3,6,-1.7945469617843628
2001,3,7,-1.5460423231124878
2001,3,8,-1.1146320104599
2001,3,9,-0.5778242945671082
2001,3,10,0.43922385573387146
2001,3,11,1.5041488409042358
2001,3,12,1.8805577754974365
2001,3,13,1.4819819927215576
2001,3,14,0.6971963047981262
2001,3,15,0.198486790060997
2001,3,16,0.12558992207050323
2001,3,17,-0.12367858737707138
2001,3,18,-0.41679877042770386
2001,3,19,-0.4335319697856903
2001,3,20,-0.5620667338371277
2001,3,21,-0.9941250681877136
2001,3,22,-1.7440876960754395
2001,3,23,-2.329524278640747
2001,3,24,-2.6623945236206055
2001,3,25,-2.5206105709075928
2001,3,26,-1.5173999071121216
2001,3,27,-0.4179140627384186
2001,3,28,0.18889079988002777
2001,3,29,0.33708155155181885
2001,3,30,0.45474478602409363
2001,3,31,0.782541036605835
2001,4,1,0.10910990834236145
2001,4,2,-0.5167427659034729
2001,4,3,-0.6465251445770264
2001,4,4,-0.791035532951355
2001,4,5,-0.4981484115123749
2001,4,6,-0.05902871489524841
2001,4,7,-0.04672078788280487
2001,4,8,-0.5054547786712646
2001,4,9,-0.7782611846923828
2001,4,10,-0.37191030383110046
2001,4,11,0.6711463332176208
2001,4,12,1.0258450508117676
2001,4,13,1.332075595855713
2001,4,14,1.8981504440307617
2001,4,15,1.7013517618179321
2001,4,16,1.4182848930358887
2001,4,17,1.146569848060608
2001,4,18,0.8733714818954468
2001,4,19,0.6222243905067444
2001,4,20,1.0248337984085083
2001,4,21,1.2946012020111084
2001,4,22,0.9655852913856506
2001,4,23,0.8089259266853333
2001,4,24,0.23514507710933685
2001,4,25,-0.5599120259284973
2001,4,26,-0.5379491448402405
2001,4,27,0.43448084592819214
2001,4,28,1.6160708665847778
2001,4,29,1.6847280263900757
2001,4,30,1.2701176404953003
2001,5,1,1.4467902183532715
2001,5,2,1.6854729652404785
2001,5,3,1.781114935874939
2001,5,4,1.5606719255447388
2001,5,5,0.8135998845100403
2001,5,6,0.12879779934883118
2001,5,7,-0.3588455319404602
2001,5,8,-0.7915775179862976
2001,5,9,-0.770281970500946
2001,5,10,-0.4401262402534485
2001,5,11,-0.3169119954109192
2001,5,12,0.09376253932714462
2001,5,13,0.4106873869895935
2001,5,14,0.37784919142723083
2001,5,15,0.2584419250488281
2001,5,16,0.6769819259643555
2001,5,17,0.8103995323181152
2001,5,18,0.3967501223087311
2001,5,19,-0.3640141487121582
2001,5,20,-2.012810468673706
2001,5,21,-2.665893793106079
2001,5,22,-2.8537089824676514
2001,5,23,-2.8090484142303467
2001,5,24,-2.682753801345825
2001,5,25,-2.1152360439300537
2001,5,26,-1.153080940246582
2001,5,27,-0.33289024233818054
2001,5,28,0.27085617184638977
2001,5,29,0.6244022846221924
2001,5,30,0.43658220767974854
2001,5,31,-0.019337080419063568
2001,6,1,-0.7436860799789429
2001,6,2,-0.2533533275127411
2001,6,3,0.46038809418678284
2001,6,4,1.4513158798217773
2001,6,5,1.5358890295028687
2001,6,6,0.9538310766220093
2001,6,7,0.364414781332016
2001,6,8,1.4513158798217773
2001,6,9,0.39703211188316345
2001,6,10,0.5962325930595398
2001,6,11,0.41671687364578247
2001,6,12,0.023736609145998955
2001,6,13,-0.527212917804718
2001,6,14,-0.8045342564582825
2001,6,15,-0.608119547367096
2001,6,16,-0.7647868990898132
2001,6,17,-0.9874634742736816
2001,6,18,-0.4363183379173279
2001,6,19,0.15050531923770905
2001,6,20,0.30793875455856323
2001,6,21,0.32847872376441956
2001,6,22,0.5439155697822571
2001,6,23,0.4990520179271698
2001,6,24,1.1515495777130127
2001,6,25,1.316418170928955
2001,6,26,1.2218422889709473
2001,6,27,1.4866474866867065
2001,6,28,1.2918504476547241
2001,6,29,0.4383704662322998
2001,6,30,-0.16705654561519623
2001,7,1,-0.11230984330177307
2001,7,2,0.2641286551952362
2001,7,3,0.48440760374069214
2001,7,4,0.833126425743103
2001,7,5,0.7856255769729614
2001,7,6,1.1502249240875244
2001,7,7,1.1395409107208252
2001,7,8,0.2739722430706024
2001,7,9,-0.6956393122673035
2001,7,10,-1.225645899772644
2001,7,11,-1.20309317111969
2001,7,12,-1.3225150108337402
2001,7,13,-1.6564325094223022
2001,7,14,-2.2561402320861816
2001,7,15,-2.8220036029815674
2001,7,16,-3.7765276432037354
2001,7,17,-4.162740707397461
2001,7,18,-3.914747953414917
2001,7,19,-3.517302989959717
2001,7,20,-2.887653350830078
2001,7,21,-1.8201377391815186
2001,7,22,-0.8886969685554504
2001,7,23,0.39915230870246887
2001,7,24,0.8038058280944824
2001,7,25,0.6074450612068176
2001,7,26,0.2537505626678467
2001,7,27,-0.4763585031032562
2001,7,28,-0.9643394947052002
2001,7,29,-1.0072195529937744
2001,7,30,-0.5458187460899353
2001,7,31,0.43798986077308655
2001,8,1,1.5709617137908936
2001,8,2,2.2006828784942627
2001,8,3,2.567291021347046
2001,8,4,2.277259349822998
2001,8,5,1.5173838138580322
2001,8,6,0.9620124697685242
2001,8,7,1.051369309425354
2001,8,8,1.0663501024246216
2001,8,9,1.2400332689285278
2001,8,10,1.7697936296463013
2001,8,11,2.4891746044158936
2001,8,12,2.9318673610687256
2001,8,13,2.682927131652832
2001,8,14,2.3308911323547363
2001,8,15,1.9862983226776123
2001,8,16,1.2584214210510254
2001,8,17,0.2760482430458069
2001,8,18,-0.45628732442855835
2001,8,19,-1.2095293998718262
2001,8,20,-1.5924298763275146
2001,8,21,-1.225523591041565
2001,8,22,-0.24485145509243011
2001,8,23,0.3002997934818268
2001,8,24,0.35410547256469727
2001,8,25,0.17640464007854462
2001,8,26,-0.0054079871624708176
2001,8,27,-0.4874013662338257
2001,8,28,-0.4217444360256195
2001,8,29,0.4369513988494873
2001,8,30,0.932761549949646
2001,8,31,0.39622628688812256
2001,9,1,-0.6885131597518921
2001,9,2,-0.8532556295394897
2001,9,3,-0.20242053270339966
2001,9,4,1.2430630922317505
2001,9,5,1.595566987991333
2001,9,6,1.3777611255645752
2001,9,7,0.6987121105194092
2001,9,8,-0.13296465575695038
2001,9,9,-0.3433527648448944
2001,9,10,0.16469857096672058
2001,9,11,0.952073872089386
2001,9,12,1.0722724199295044
2001,9,13,0.7717009782791138
2001,9,14,0.6167241930961609
2001,9,15,0.6862877011299133
2001,9,16,0.7436943054199219
2001,9,17,1.0050578117370605
2001,9,18,1.6802153587341309
2001,9,19,2.0329482555389404
2001,9,20,1.9023419618606567
2001,9,21,1.3832340240478516
2001,9,22,1.2782902717590332
2001,9,23,1.372570514678955
2001,9,24,1.0999828577041626
2001,9,25,1.285578966140747
2001,9,26,1.6559087038040161
2001,9,27,1.8749998807907104
2001,9,28,3.008953094482422
2001,9,29,3.1476919651031494
2001,9,30,3.090723991394043
2001,10,1,3.6828603744506836
2001,10,2,4.221377849578857
2001,10,3,4.092566013336182
2001,10,4,3.4981329441070557
2001,10,5,2.2106707096099854
2001,10,6,1.6427297592163086
2001,10,7,1.6082713603973389
2001,10,8,1.7715659141540527
2001,10,9,1.2409014701843262
2001,10,10,1.3444266319274902
2001,10,11,1.89454185962677
2001,10,12,1.8864035606384277
2001,10,13,1.3761317729949951
2001,10,14,0.9076856374740601
2001,10,15,0.8510817289352417
2001,10,16,0.5635464191436768
2001,10,17,0.06232115253806114
2001,10,18,-0.07491392642259598
2001,10,19,0.3931658864021301
2001,10,20,0.8933797478675842
2001,10,21,0.4940195381641388
2001,10,22,-0.20619453489780426
2001,10,23,-0.37798604369163513
2001,10,24,-0.10150770097970963
2001,10,25,0.586857795715332
2001,10,26,0.5668038725852966
2001,10,27,0.7666353583335876
2001,10,28,1.1438275575637817
2001,10,29,1.101264476776123
2001,10,30,0.383880615234375
2001,10,31,-0.330619752407074
2001,11,1,-0.6047429442405701
2001,11,2,-0.13605351746082306
2001,11,3,0.13392668962478638
2001,11,4,0.45837754011154175
2001,11,5,1.039326786994934
2001,11,6,1.3311876058578491
2001,11,7,1.3328481912612915
2001,11,8,1.3444695472717285
2001,11,9,1.6853594779968262
2001,11,10,2.2484076023101807
2001,11,11,2.3309478759765625
2001,11,12,1.756270408630371
2001,11,13,0.9045783877372742
2001,11,14,0.3895278573036194
2001,11,15,0.2577040195465088
2001,11,16,0.33913668990135193
2001,11,17,0.5865553617477417
2001,11,18,0.7845313549041748
2001,11,19,0.8160856366157532
2001,11,20,0.7116389870643616
2001,11,21,0.42784619331359863
2001,11,22,0.5810925960540771
2001,11,23,0.7148498296737671
2001,11,24,0.84774249792099
2001,11,25,0.9588916301727295
2001,11,26,1.2720417976379395
2001,11,27,1.5092436075210571
2001,11,28,1.54264235496521
2001,11,29,1.5843100547790527
2001,11,30,1.5814764499664307
2001,12,1,2.0609073638916016
2001,12,2,2.6152400970458984
2001,12,3,2.6839280128479004
2001,12,4,2.6011292934417725
2001,12,5,2.5425398349761963
2001,12,6,2.412353992462158
2001,12,7,2.3754994869232178
2001,12,8,2.4941108226776123
2001,12,9,2.7452425956726074
2001,12,10,2.506510019302368
2001,12,11,2.481969118118286
2001,12,12,2.6354784965515137
2001,12,13,2.498100757598877
2001,12,14,2.271245002746582
2001,12,15,2.2453255653381348
2001,12,16,2.1799979209899902
2001,12,17,2.317749261856079
2001,12,18,2.0094985961914062
2001,12,19,1.4356498718261719
2001,12,20,0.9363747239112854
2001,12,21,0.8339118361473083
2001,12,22,0.7434815168380737
2001,12,23,0.6909905672073364
2001,12,24,0.9075684547424316
2001,12,25,0.7873681783676147
2001,12,26,0.17136265337467194
2001,12,27,-0.5592348575592041
2001,12,28,-1.1291224956512451
2001,12,29,-1.5905771255493164
2001,12,30,-1.680888056755066
2001,12,31,-1.2542566061019897
2002,1,1,-0.5777366161346436
2002,1,2,-0.16573315858840942
2002,1,3,0.023132318630814552
2002,1,4,0.34595203399658203
2002,1,5,0.43562182784080505
2002,1,6,0.2367890179157257
2002,1,7,-0.12440747022628784
2002,1,8,-0.7959989309310913
2002,1,9,-0.7657294273376465
2002,1,10,-0.44448205828666687
2002,1,11,-0.16108989715576172
2002,1,12,0.06802639365196228
2002,1,13,-0.004270575474947691
2002,1,14,-0.3821822702884674
2002,1,15,0.02464458905160427
2002,1,16,0.7431579232215881
2002,1,17,0.960372269153595
2002,1,18,1.1355516910552979
2002,1,19,1.3447519540786743
2002,1,20,1.2698915004730225
2002,1,21,1.0816880464553833
2002,1,22,1.0135730504989624
2002,1,23,1.2497845888137817
2002,1,24,1.7443169355392456
2002,1,25,2.2730445861816406
2002,1,26,2.459205150604248
2002,1,27,2.361302614212036
2002,1,28,1.8930726051330566
2002,1,29,1.6826478242874146
2002,1,30,1.7542393207550049
2002,1,31,1.5672967433929443
2002,2,1,1.5009188652038574
2002,2,2,1.689949870109558
2002,2,3,1.7642556428909302
2002,2,4,1.7566722631454468
2002,2,5,2.0328001976013184
2002,2,6,2.2362303733825684
2002,2,7,2.0767927169799805
2002,2,8,2.1412763595581055
2002,2,9,2.361980676651001
2002,2,10,2.6492960453033447
2002,2,11,2.2667348384857178
2002,2,12,1.0605754852294922
2002,2,13,0.4733341634273529
2002,2,14,0.9937970042228699
2002,2,15,1.2791200876235962
2002,2,16,1.1102560758590698
2002,2,17,0.7255526185035706
2002,2,18,0.7430890798568726
2002,2,19,0.7671418786048889
2002,2,20,0.7222560048103333
2002,2,21,0.8865014314651489
2002,2,22,0.9780770540237427
2002,2,23,1.2683945894241333
2002,2,24,1.63071870803833
2002,2,25,1.1418635845184326
2002,2,26,0.06945687532424927
2002,2,27,-0.1933673620223999
2002,2,28,-0.1872343271970749
2002,3,1,-0.6619411706924438
2002,3,2,-0.9569733738899231
2002,3,3,-1.0138379335403442
2002,3,4,-0.8487317562103271
2002,3,5,-0.5906836986541748
2002,3,6,-1.1189554929733276
2002,3,7,-1.2741175889968872
2002,3,8,-1.0615888833999634
2002,3,9,-1.0318918228149414
2002,3,10,-1.038170337677002
2002,3,11,-1.3615204095840454
2002,3,12,-1.5425739288330078
2002,3,13,-2.0093994140625
2002,3,14,-2.5242714881896973
2002,3,15,-2.4510297775268555
2002,3,16,-2.588592290878296
2002,3,17,-3.1158390045166016
2002,3,18,-3.4290995597839355
2002,3,19,-3.085272789001465
2002,3,20,-2.7709872722625732
2002,3,21,-2.62660551071167
2002,3,22,-2.2973475456237793
2002,3,23,-2.1825063228607178
2002,3,24,-2.421430826187134
2002,3,25,-2.229038715362549
2002,3,26,-1.6114046573638916
2002,3,27,-1.2966241836547852
2002,3,28,-1.3338569402694702
2002,3,29,-1.5507006645202637
2002,3,30,-1.542715311050415
2002,3,31,-1.0131398439407349
2002,4,1,-0.745194137096405
2002,4,2,-0.31548425555229187
2002,4,3,0.3306155502796173
2002,4,4,0.8417951464653015
2002,4,5,0.8172262907028198
2002,4,6,0.27488261461257935
2002,4,7,-0.09814906120300293
2002,4,8,0.18185020983219147
2002,4,9,0.22266064584255219
2002,4,10,0.3393697440624237
2002,4,11,0.5095402598381042
2002,4,12,1.0589827299118042
2002,4,13,1.1475672721862793
2002,4,14,1.0774153470993042
2002,4,15,1.2741369009017944
2002,4,16,1.1495641469955444
2002,4,17,0.1302393525838852
2002,4,18,-0.6986330151557922
2002,4,19,-0.695178210735321
2002,4,20,-0.8517040014266968
2002,4,21,-0.8483471274375916
2002,4,22,-0.15625353157520294
2002,4,23,0.2979500889778137
2002,4,24,0.2058412879705429
2002,4,25,0.23433917760849
2002,4,26,0.5462377071380615
2002,4,27,0.14522868394851685
2002,4,28,-0.4611806273460388
2002,4,29,-0.46403467655181885
2002,4,30,-0.7542440295219421
2002,5,1,-1.3206555843353271
2002,5,2,-2.001718759536743
2002,5,3,-2.3460488319396973
2002,5,4,-2.141995429992676
2002,5,5,-1.6938129663467407
2002,5,6,-1.7442172765731812
2002,5,7,-2.0987823009490967
2002,5,8,-3.1901063919067383
2002,5,9,-4.091497898101807
2002,5,10,-3.8079628944396973
2002,5,11,-3.2037296295166016
2002,5,12,-2.736111640930176
2002,5,13,-2.5422914028167725
2002,5,14,-2.0408434867858887
2002,5,15,-1.8834214210510254
2002,5,16,-2.347382068634033
2002,5,17,-2.2414004802703857
2002,5,18,-1.754905104637146
2002,5,19,-1.4180984497070312
2002,5,20,-1.360506296157837
2002,5,21,-1.2679890394210815
2002,5,22,-1.4053322076797485
2002,5,23,-2.3601014614105225
2002,5,24,-3.7267861366271973
2002,5,25,-4.551716327667236
2002,5,26,-4.814449787139893
2002,5,27,-4.912293910980225
2002,5,28,-4.386682987213135
2002,5,29,-3.845763683319092
2002,5,30,-3.2920022010803223
2002,5,31,-3.1940882205963135
2002,6,1,-2.9076168537139893
2002,6,2,-2.2490010261535645
2002,6,3,-1.5638128519058228
2002,6,4,-1.85732901096344
2002,6,5,-2.746804714202881
2002,6,6,-2.6139962673187256
2002,6,7,-2.305643081665039
2002,6,8,-1.6953669786453247
2002,6,9,-2.0274672508239746
2002,6,10,-2.496424674987793
2002,6,11,-2.7172582149505615
2002,6,12,-2.9433765411376953
2002,6,13,-2.964552640914917
2002,6,14,-2.2479374408721924
2002,6,15,-1.8553510904312134
2002,6,16,-1.8373847007751465
2002,6,17,-1.7496728897094727
2002,6,18,-1.2659693956375122
2002,6,19,-0.401432603597641
2002,6,20,0.40279775857925415
2002,6,21,0.6354514360427856
2002,6,22,0.8811938762664795
2002,6,23,1.1696158647537231
2002,6,24,1.4615333080291748
2002,6,25,1.4177066087722778
2002,6,26,1.0075523853302002
2002,6,27,0.5861535668373108
2002,6,28,0.22248974442481995
2002,6,29,0.0787445530295372
2002,6,30,0.3432645797729492
2002,7,1,0.766751229763031
2002,7,2,0.6581929326057434
2002,7,3,0.28369179368019104
2002,7,4,-0.15754291415214539
2002,7,5,-0.9029480218887329
2002,7,6,-1.5121359825134277
2002,7,7,-2.297683000564575
2002,7,8,-2.68437123298645
2002,7,9,-2.5754759311676025
2002,7,10,-2.234426498413086
2002,7,11,-1.8783262968063354
2002,7,12,-1.8039491176605225
2002,7,13,-2.1231961250305176
2002,7,14,-2.483764410018921
2002,7,15,-2.1451423168182373
2002,7,16,-1.3147112131118774
2002,7,17,-1.0093380212783813
2002,7,18,-0.5517342686653137
2002,7,19,0.4637904763221741
2002,7,20,0.9914575815200806
2002,7,21,0.8408926725387573
2002,7,22,0.3633418679237366
2002,7,23,-0.039069704711437225
2002,7,24,-0.41857215762138367
2002,7,25,-0.8311976194381714
2002,7,26,-0.5405635833740234
2002,7,27,0.35998955368995667
2002,7,28,0.9177344441413879
2002,7,29,1.5675461292266846
2002,7,30,1.330843210220337
2002,7,31,1.2196381092071533
2002,8,1,1.3731516599655151
2002,8,2,1.2932791709899902
2002,8,3,1.2949316501617432
2002,8,4,1.3873631954193115
2002,8,5,0.8512476086616516
2002,8,6,0.050068095326423645
2002,8,7,-0.4623147249221802
2002,8,8,-0.5590956211090088
2002,8,9,-0.29429396986961365
2002,8,10,-0.16708548367023468
2002,8,11,-0.26065993309020996
2002,8,12,-0.8788251280784607
2002,8,13,-1.316465139389038
2002,8,14,-0.6594357490539551
2002,8,15,0.05846479907631874
2002,8,16,0.5179276466369629
2002,8,17,0.5011056661605835
2002,8,18,0.18539687991142273
2002,8,19,0.02687111310660839
2002,8,20,-0.6554114818572998
2002,8,21,-1.1424506902694702
2002,8,22,-0.9126794934272766
2002,8,23,-0.41380569338798523
2002,8,24,-0.30117812752723694
2002,8,25,-0.6696537137031555
2002,8,26,-0.6705884337425232
2002,8,27,-0.19632016122341156
2002,8,28,-0.05048005282878876
2002,8,29,-0.2930276393890381
2002,8,30,-0.6286918520927429
2002,8,31,-0.05486050993204117
2002,9,1,0.4910924434661865
2002,9,2,0.42612332105636597
2002,9,3,-0.20790314674377441
2002,9,4,-0.5156616568565369
2002,9,5,-0.42740169167518616
2002,9,6,-0.6216979622840881
2002,9,7,-1.012559175491333
2002,9,8,-1.3982998132705688
2002,9,9,-1.1510995626449585
2002,9,10,-0.8434653282165527
2002,9,11,-0.682389497756958
2002,9,12,-0.6026208996772766
2002,9,13,-0.7813108563423157
2002,9,14,-1.3040872812271118
2002,9,15,-0.7505348920822144
2002,9,16,0.4374379515647888
2002,9,17,0.47039490938186646
2002,9,18,-0.44467541575431824
2002,9,19,-1.1360220909118652
2002,9,20,-1.160348892211914
2002,9,21,-1.100779414176941
2002,9,22,-1.1959340572357178
2002,9,23,-1.663287878036499
2002,9,24,-2.081672430038452
2002,9,25,-2.071674108505249
2002,9,26,-1.871996521949768
2002,9,27,-1.4087755680084229
2002,9,28,-1.0538010597229004
2002,9,29,-0.6751439571380615
2002,9,30,-0.7425235509872437
2002,10,1,-1.0730654001235962
2002,10,2,-1.6296610832214355
2002,10,3,-2.0312585830688477
2002,10,4,-1.9511176347732544
2002,10,5,-2.039079189300537
2002,10,6,-2.333320379257202
2002,10,7,-2.7562339305877686
2002,10,8,-2.820298671722412
2002,10,9,-2.478483200073242
2002,10,10,-1.9790846109390259
2002,10,11,-2.111699104309082
2002,10,12,-2.5400755405426025
2002,10,13,-2.5830836296081543
2002,10,14,-2.300762891769409
2002,10,15,-2.399379253387451
2002,10,16,-2.898627758026123
2002,10,17,-3.565639019012451
2002,10,18,-3.498898506164551
2002,10,19,-2.956623077392578
2002,10,20,-2.5649466514587402
2002,10,21,-2.2634801864624023
2002,10,22,-2.170736789703369
2002,10,23,-2.831528425216675
2002,10,24,-3.080489158630371
2002,10,25,-2.933985710144043
2002,10,26,-2.526015043258667
2002,10,27,-2.080334186553955
2002,10,28,-2.041785955429077
2002,10,29,-2.349625587463379
2002,10,30,-2.771644353866577
2002,10,31,-3.1518313884735107
2002,11,1,-3.270308494567871
2002,11,2,-3.196640729904175
2002,11,3,-2.957094669342041
2002,11,4,-2.7381181716918945
2002,11,5,-2.495900869369507
2002,11,6,-1.8692737817764282
2002,11,7,-1.3373297452926636
2002,11,8,-1.0903621912002563
2002,11,9,-1.1495215892791748
2002,11,10,-1.6983188390731812
2002,11,11,-2.1067557334899902
2002,11,12,-2.0073940753936768
2002,11,13,-1.6228485107421875
2002,11,14,-1.719605803489685
2002,11,15,-1.9904980659484863
2002,11,16,-1.8717173337936401
2002,11,17,-1.4433420896530151
2002,11,18,-1.0658625364303589
2002,11,19,-0.550311267375946
2002,11,20,0.004611421376466751
2002,11,21,0.46322447061538696
2002,11,22,0.4194382131099701
2002,11,23,0.49064546823501587
2002,11,24,0.9569856524467468
2002,11,25,1.1479262113571167
2002,11,26,1.0718669891357422
2002,11,27,0.9319952130317688
2002,11,28,1.1254955530166626
2002,11,29,1.3757623434066772
2002,11,30,1.4050428867340088
2002,12,1,1.9641764163970947
2002,12,2,2.4584178924560547
2002,12,3,2.657111406326294
2002,12,4,2.050724506378174
2002,12,5,1.2767622470855713
2002,12,6,1.0688707828521729
2002,12,7,1.1957836151123047
2002,12,8,1.8437749147415161
2002,12,9,2.6246728897094727
2002,12,10,2.6387524604797363
2002,12,11,2.340254545211792
2002,12,12,1.851906418800354
2002,12,13,1.1639740467071533
2002,12,14,0.9958248138427734
2002,12,15,0.9501190781593323
2002,12,16,0.7734991312026978
2002,12,17,1.2783564329147339
2002,12,18,1.4282718896865845
2002,12,19,1.289263129234314
2002,12,20,1.3410203456878662
2002,12,21,1.1480976343154907
2002,12,22,0.5656304359436035
2002,12,23,0.08063545823097229
2002,12,24,-0.030035939067602158
2002,12,25,0.37085047364234924
2002,12,26,0.6465744972229004
2002,12,27,0.5153886675834656
2002,12,28,0.44371068477630615
2002,12,29,0.6570942997932434
2002,12,30,0.7063069343566895
2002,12,31,0.7379273176193237
2003,1,1,0.5839568376541138
2003,1,2,-0.038180939853191376
2003,1,3,-0.22408752143383026
2003,1,4,-0.345330148935318
2003,1,5,-0.08714905381202698
2003,1,6,-0.09072346985340118
2003,1,7,-0.17411230504512787
2003,1,8,-0.40147826075553894
2003,1,9,-0.8489142656326294
2003,1,10,-0.8055004477500916
2003,1,11,-0.729278564453125
2003,1,12,-0.7909652590751648
2003,1,13,-0.6931873559951782
2003,1,14,-0.9245543479919434
2003,1,15,-1.3121092319488525
2003,1,16,-1.7613589763641357
2003,1,17,-1.8526729345321655
2003,1,18,-1.6870160102844238
2003,1,19,-2.0471980571746826
2003,1,20,-2.6430649757385254
2003,1,21,-2.6808836460113525
2003,1,22,-1.8937181234359741
2003,1,23,-1.51261305809021
2003,1,24,-1.5905132293701172
2003,1,25,-1.3384231328964233
2003,1,26,-1.2356674671173096
2003,1,27,-1.3594369888305664
2003,1,28,-0.9498181939125061
2003,1,29,-0.457925021648407
2003,1,30,-0.021034052595496178
2003,1,31,0.30841386318206787
2003,2,1,0.8827713131904602
2003,2,2,0.8119186162948608
2003,2,3,0.019147654995322227
2003,2,4,-0.18153277039527893
2003,2,5,0.05283144488930702
2003,2,6,0.3196982443332672
2003,2,7,0.6033477783203125
2003,2,8,0.5860361456871033
2003,2,9,0.3895907700061798
2003,2,10,0.1924777328968048
2003,2,11,0.14628025889396667
2003,2,12,0.16206344962120056
2003,2,13,-0.24472534656524658
2003,2,14,-0.7988802790641785
2003,2,15,-1.273349642753601
2003,2,16,-1.484026551246643
2003,2,17,-1.5697059631347656
2003,2,18,-1.526412010192871
2003,2,19,-1.0169055461883545
2003,2,20,-0.36438992619514465
2003,2,21,-0.13363218307495117
2003,2,22,-0.5242999196052551
2003,2,23,-0.719319224357605
2003,2,24,-0.44206875562667847
2003,2,25,-0.8158749938011169
2003,2,26,-0.8944492340087891
2003,2,27,-0.7304461598396301
2003,2,28,-1.1510038375854492
2003,3,1,-1.5082162618637085
2003,3,2,-1.5703765153884888
2003,3,3,-1.6991238594055176
2003,3,4,-2.027240514755249
2003,3,5,-1.6579598188400269
2003,3,6,-0.8563596606254578
2003,3,7,-0.3469505310058594
2003,3,8,-0.17366112768650055
2003,3,9,-0.052573312073946
2003,3,10,-0.1422625482082367
2003,3,11,-0.19805608689785004
2003,3,12,-0.3474198281764984
2003,3,13,-0.6768484115600586
2003,3,14,-1.4917652606964111
2003,3,15,-1.9965550899505615
2003,3,16,-1.6312298774719238
2003,3,17,-1.0883150100708008
2003,3,18,-0.6638764142990112
2003,3,19,0.5513650178909302
2003,3,20,1.4721742868423462
2003,3,21,1.575865626335144
2003,3,22,2.0242674350738525
2003,3,23,1.8433424234390259
2003,3,24,0.7592898011207581
2003,3,25,0.3158605694770813
2003,3,26,0.7742195129394531
2003,3,27,1.0855636596679688
2003,3,28,0.8811116814613342
2003,3,29,0.5540170669555664
2003,3,30,0.3967307507991791
2003,3,31,0.20765750110149384
2003,4,1,0.29578062891960144
2003,4,2,0.44297048449516296
2003,4,3,0.280570387840271
2003,4,4,0.3957938551902771
2003,4,5,0.5097859501838684
2003,4,6,0.6050066351890564
2003,4,7,0.5504615902900696
2003,4,8,-0.1421925276517868
2003,4,9,-1.1200000047683716
2003,4,10,-1.275693416595459
2003,4,11,-0.9431641101837158
2003,4,12,-0.011634087190032005
2003,4,13,0.9360613822937012
2003,4,14,0.8865793943405151
2003,4,15,0.13960106670856476
2003,4,16,0.11848306655883789
2003,4,17,1.0835987329483032
2003,4,18,1.7614357471466064
2003,4,19,1.4029433727264404
2003,4,20,1.021003007888794
2003,4,21,0.8386569023132324
2003,4,22,0.5099565982818604
2003,4,23,0.0759349912405014
2003,4,24,0.2968328595161438
2003,4,25,0.24530090391635895
2003,4,26,-0.7465947866439819
2003,4,27,-1.679896354675293
2003,4,28,-0.9456190466880798
2003,4,29,0.11675113439559937
2003,4,30,NaN
2003,5,1,0.5959965586662292
2003,5,2,-0.280162513256073
2003,5,3,-0.9763145446777344
2003,5,4,-0.8444215059280396
2003,5,5,-0.12762565910816193
2003,5,6,0.38406482338905334
2003,5,7,0.5645034313201904
2003,5,8,0.20331741869449615
2003,5,9,-0.04906861484050751
2003,5,10,0.09501531720161438
2003,5,11,0.7076124548912048
2003,5,12,1.4042022228240967
2003,5,13,1.9606285095214844
2003,5,14,2.270092725753784
2003,5,15,2.1165387630462646
2003,5,16,1.7542146444320679
2003,5,17,2.1295366287231445
2003,5,18,2.169959306716919
2003,5,19,1.7269692420959473
2003,5,20,0.8859294652938843
2003,5,21,0.1529131382703781
2003,5,22,-0.3134008049964905
2003,5,23,-0.6840000748634338
2003,5,24,-0.7848185896873474
2003,5,25,-0.3703871965408325
2003,5,26,0.4815894663333893
2003,5,27,0.0847555547952652
2003,5,28,-0.5379825234413147
2003,5,29,-0.7880875468254089
2003,5,30,-1.105350375175476
2003,5,31,-1.4104479551315308
2003,6,1,-1.2015248537063599
2003,6,2,-1.239880084991455
2003,6,3,-1.2043216228485107
2003,6,4,-0.9826887249946594
2003,6,5,-0.7546709775924683
2003,6,6,-0.3155953288078308
2003,6,7,-0.46733003854751587
2003,6,8,-0.6773954629898071
2003,6,9,-0.7237317562103271
2003,6,10,-0.4985559284687042
2003,6,11,-0.388670951128006
2003,6,12,-0.56131511926651
2003,6,13,-0.3510090410709381
2003,6,14,-0.7133456468582153
2003,6,15,-1.1164658069610596
2003,6,16,-1.5651909112930298
2003,6,17,-1.675399661064148
2003,6,18,-1.562369465827942
2003,6,19,-1.2881184816360474
2003,6,20,-1.0723774433135986
2003,6,21,-0.918444812297821
2003,6,22,-0.6070111393928528
2003,6,23,-0.3073718249797821
2003,6,24,-0.507217526435852
2003,6,25,-0.5369113087654114
2003,6,26,-0.5953863859176636
2003,6,27,-0.716982364654541
2003,6,28,-0.4399699568748474
2003,6,29,0.1257607787847519
2003,6,30,0.3860241770744324
2003,7,1,0.1687469631433487
2003,7,2,-0.32184550166130066
2003,7,3,-0.8237297534942627
2003,7,4,-1.3429508209228516
2003,7,5,-1.934726595878601
2003,7,6,-2.158648729324341
2003,7,7,-1.608477234840393
2003,7,8,-0.7485613822937012
2003,7,9,-0.2802336812019348
2003,7,10,-0.3554783761501312
2003,7,11,-0.018792156130075455
2003,7,12,0.6882269382476807
2003,7,13,1.3053760528564453
2003,7,14,1.8875561952590942
2003,7,15,2.1312901973724365
2003,7,16,1.8932609558105469
2003,7,17,1.588639736175537
2003,7,18,1.5417299270629883
2003,7,19,1.4929718971252441
2003,7,20,1.7213283777236938
2003,7,21,1.7739790678024292
2003,7,22,2.1934750080108643
2003,7,23,2.520411252975464
2003,7,24,2.8804030418395996
2003,7,25,2.891533374786377
2003,7,26,2.1151881217956543
2003,7,27,1.0494685173034668
2003,7,28,0.6166722774505615
2003,7,29,0.2709258794784546
2003,7,30,0.17174890637397766
2003,7,31,0.3437800109386444
2003,8,1,0.7222544550895691
2003,8,2,1.3912107944488525
2003,8,3,2.176173448562622
2003,8,4,2.4993114471435547
2003,8,5,2.0677239894866943
2003,8,6,0.956707239151001
2003,8,7,0.36339226365089417
2003,8,8,0.997048020362854
2003,8,9,2.0313680171966553
2003,8,10,2.338817834854126
2003,8,11,1.8702391386032104
2003,8,12,1.5825592279434204
2003,8,13,1.2832870483398438
2003,8,14,0.8590301871299744
2003,8,15,0.14449407160282135
2003,8,16,-0.09652328491210938
2003,8,17,-0.22415804862976074
2003,8,18,-0.5274069309234619
2003,8,19,-0.42228493094444275
2003,8,20,-0.34100663661956787
2003,8,21,-0.38349106907844543
2003,8,22,-0.0008603428141213953
2003,8,23,0.24998970329761505
2003,8,24,0.061568085104227066
2003,8,25,0.0007351498934440315
2003,8,26,0.25227227807044983
2003,8,27,-0.0035108705051243305
2003,8,28,-0.5309741497039795
2003,8,29,-0.2805216312408447
2003,8,30,0.42188674211502075
2003,8,31,0.7281269431114197
2003,9,1,0.4596395194530487
2003,9,2,-0.18164244294166565
2003,9,3,-0.19592595100402832
2003,9,4,0.43864354491233826
2003,9,5,0.4896889626979828
2003,9,6,-0.1814383715391159
2003,9,7,-0.5637623071670532
2003,9,8,-0.4561782777309418
2003,9,9,-0.5505023002624512
2003,9,10,-0.6404517889022827
2003,9,11,-0.8421210050582886
2003,9,12,-0.366734117269516
2003,9,13,-0.452768474817276
2003,9,14,-0.04331773519515991
2003,9,15,0.7373554706573486
2003,9,16,1.1412724256515503
2003,9,17,0.4036441147327423
2003,9,18,-0.7533679604530334
2003,9,19,-0.30076608061790466
2003,9,20,-0.015316078439354897
2003,9,21,-0.04865841940045357
2003,9,22,0.03837871178984642
2003,9,23,-0.35681793093681335
2003,9,24,-0.9674037098884583
2003,9,25,-1.1830432415008545
2003,9,26,-1.1885325908660889
2003,9,27,-1.2222590446472168
2003,9,28,-0.9082410931587219
2003,9,29,-0.7018041610717773
2003,9,30,-1.0072731971740723
2003,10,1,-1.5083069801330566
2003,10,2,-2.108924388885498
2003,10,3,-2.443540573120117
2003,10,4,-2.3261048793792725
2003,10,5,-2.0043632984161377
2003,10,6,-1.413649320602417
2003,10,7,-0.804882287979126
2003,10,8,-0.7939057946205139
2003,10,9,-0.4758751690387726
2003,10,10,0.43173104524612427
2003,10,11,1.0701431035995483
2003,10,12,0.9387178421020508
2003,10,13,0.5221692323684692
2003,10,14,0.5154832601547241
2003,10,15,0.7852157950401306
2003,10,16,1.3033607006072998
2003,10,17,1.9162744283676147
2003,10,18,1.9290403127670288
2003,10,19,1.7007157802581787
2003,10,20,1.4407060146331787
2003,10,21,1.569711685180664
2003,10,22,1.821766972541809
2003,10,23,1.1727944612503052
2003,10,24,0.5954762101173401
2003,10,25,0.6179193258285522
2003,10,26,0.25438061356544495
2003,10,27,-0.5900411009788513
2003,10,28,-1.063733458518982
2003,10,29,-1.1683274507522583
2003,10,30,-1.4009026288986206
2003,10,31,-1.303839087486267
2003,11,1,-0.6444991827011108
2003,11,2,-0.184822678565979
2003,11,3,-0.4094071388244629
2003,11,4,-0.925246000289917
2003,11,5,-1.185547113418579
2003,11,6,-1.224584937095642
2003,11,7,-1.1482603549957275
2003,11,8,-0.9000243544578552
2003,11,9,-0.5717822909355164
2003,11,10,-0.7584818005561829
2003,11,11,-1.2431468963623047
2003,11,12,-1.6127134561538696
2003,11,13,-1.285068392753601
2003,11,14,-1.095072865486145
2003,11,15,-0.8707625865936279
2003,11,16,-0.3318842649459839
2003,11,17,0.6836509108543396
2003,11,18,0.8934497833251953
2003,11,19,0.6826848387718201
2003,11,20,0.8419055938720703
2003,11,21,1.080396294593811
2003,11,22,0.8024121522903442
2003,11,23,0.0606452114880085
2003,11,24,-1.1313326358795166
2003,11,25,-1.9593524932861328
2003,11,26,-2.2917513847351074
2003,11,27,-1.931959867477417
2003,11,28,-1.4550403356552124
2003,11,29,-1.1225594282150269
2003,11,30,-1.4212318658828735
2003,12,1,-1.3678797483444214
2003,12,2,-1.1599229574203491
2003,12,3,-0.8050634860992432
2003,12,4,-0.3603479266166687
2003,12,5,-0.34388935565948486
2003,12,6,-0.6727870106697083
2003,12,7,-0.6185552477836609
2003,12,8,-0.5996256470680237
2003,12,9,-0.9400754570960999
2003,12,10,-1.5613493919372559
2003,12,11,-1.9123972654342651
2003,12,12,-2.4830076694488525
2003,12,13,-3.1658477783203125
2003,12,14,-3.334385395050049
2003,12,15,-2.921368360519409
2003,12,16,-2.1291990280151367
2003,12,17,-1.470691442489624
2003,12,18,-1.2724699974060059
2003,12,19,-1.1152856349945068
2003,12,20,-0.9199442267417908
2003,12,21,-0.9294286370277405
2003,12,22,-1.4690078496932983
2003,12,23,-1.907936930656433
2003,12,24,-1.4993230104446411
2003,12,25,-0.8957292437553406
2003,12,26,-0.227569580078125
2003,12,27,-0.25668635964393616
2003,12,28,-0.922006368637085
2003,12,29,-1.0399582386016846
2003,12,30,-0.9591373205184937
2003,12,31,-0.35871389508247375
2004,1,1,0.04206066206097603
2004,1,2,0.3723369836807251
2004,1,3,1.0681695938110352
2004,1,4,1.2241450548171997
2004,1,5,0.8324738144874573
2004,1,6,0.6698296070098877
2004,1,7,0.6398714780807495
2004,1,8,0.4284936785697937
2004,1,9,0.6328602433204651
2004,1,10,1.4208972454071045
2004,1,11,1.6602623462677002
2004,1,12,1.5692830085754395
2004,1,13,1.1663461923599243
2004,1,14,0.7930958271026611
2004,1,15,0.45230117440223694
2004,1,16,0.38305923342704773
2004,1,17,0.4315441846847534
2004,1,18,1.0662578344345093
2004,1,19,1.7772564888000488
2004,1,20,1.7800904512405396
2004,1,21,1.6609617471694946
2004,1,22,1.189927577972412
2004,1,23,0.9091971516609192
2004,1,24,0.6660906076431274
2004,1,25,0.5949000120162964
2004,1,26,0.7025501132011414
2004,1,27,0.4888504445552826
2004,1,28,0.21584415435791016
2004,1,29,0.03431697562336922
2004,1,30,-0.2440396547317505
2004,1,31,-0.5822941064834595
2004,2,1,-0.6774045825004578
2004,2,2,-0.5475178956985474
2004,2,3,-0.540978729724884
2004,2,4,-0.658233106136322
2004,2,5,-1.029404640197754
2004,2,6,-1.0925242900848389
2004,2,7,-0.8183813691139221
2004,2,8,-0.32890063524246216
2004,2,9,-0.03962230682373047
2004,2,10,0.13780030608177185
2004,2,11,-0.16523276269435883
2004,2,12,-0.7417616844177246
2004,2,13,-1.459544062614441
2004,2,14,-1.5199806690216064
2004,2,15,-1.2916375398635864
2004,2,16,-1.070364236831665
2004,2,17,-1.0681493282318115
2004,2,18,-1.546238660812378
2004,2,19,-1.6477642059326172
2004,2,20,-1.889448642730713
2004,2,21,-2.301473617553711
2004,2,22,-2.1463735103607178
2004,2,23,-2.0848565101623535
2004,2,24,-2.0754332542419434
2004,2,25,-1.7239006757736206
2004,2,26,-1.47725510597229
2004,2,27,-1.3842202425003052
2004,2,28,-1.2098394632339478
2004,2,29,-0.7196751832962036
2004,3,1,-0.718137264251709
2004,3,2,-0.5780482292175293
2004,3,3,0.7261064052581787
2004,3,4,1.54954195022583
2004,3,5,1.7087301015853882
2004,3,6,1.5009925365447998
2004,3,7,1.6651496887207031
2004,3,8,2.065995931625366
2004,3,9,2.546401023864746
2004,3,10,2.7442562580108643
2004,3,11,2.7421813011169434
2004,3,12,2.7469921112060547
2004,3,13,2.1727406978607178
2004,3,14,1.49315345287323
2004,3,15,1.3138264417648315
2004,3,16,1.0457667112350464
2004,3,17,0.37889277935028076
2004,3,18,0.1192249208688736
2004,3,19,-0.5970023274421692
2004,3,20,-0.937541663646698
2004,3,21,-1.1054189205169678
2004,3,22,-1.4709649085998535
2004,3,23,-1.6557064056396484
2004,3,24,-1.572627067565918
2004,3,25,-1.826838731765747
2004,3,26,-2.216538667678833
2004,3,27,-2.471541166305542
2004,3,28,-1.4742414951324463
2004,3,29,0.20238588750362396
2004,3,30,1.1600440740585327
2004,3,31,1.5680047273635864
2004,4,1,1.387982964515686
2004,4,2,0.6361774802207947
2004,4,3,-0.03651761636137962
2004,4,4,-0.15592387318611145
2004,4,5,0.3521678149700165
2004,4,6,0.9498652815818787
2004,4,7,1.163978934288025
2004,4,8,0.8044429421424866
2004,4,9,-0.39349713921546936
2004,4,10,-1.2799080610275269
2004,4,11,-0.709143340587616
2004,4,12,0.1478700041770935
2004,4,13,0.7048423290252686
2004,4,14,0.9030323028564453
2004,4,15,0.8737487196922302
2004,4,16,0.5905052423477173
2004,4,17,-0.2497689574956894
2004,4,18,-1.1394269466400146
2004,4,19,-1.7452895641326904
2004,4,20,-1.8880641460418701
2004,4,21,-1.7985159158706665
2004,4,22,-0.8586755990982056
2004,4,23,0.6839597225189209
2004,4,24,1.7210440635681152
2004,4,25,1.2779806852340698
2004,4,26,0.6752676963806152
2004,4,27,0.6776055693626404
2004,4,28,0.7267964482307434
2004,4,29,0.22451306879520416
2004,4,30,0.04746503382921219
2004,5,1,0.3489309847354889
2004,5,2,1.1791843175888062
2004,5,3,1.4359089136123657
2004,5,4,1.4040778875350952
2004,5,5,0.9082494378089905
2004,5,6,0.6157251596450806
2004,5,7,0.6004082560539246
2004,5,8,0.7298101186752319
2004,5,9,0.7182979583740234
2004,5,10,0.7369329333305359
2004,5,11,0.21478042006492615
2004,5,12,0.08214334398508072
2004,5,13,-0.4201403260231018
2004,5,14,-0.9130815863609314
2004,5,15,-1.502286434173584
2004,5,16,-1.5441851615905762
2004,5,17,-0.99464350938797
2004,5,18,-0.6425742506980896
2004,5,19,0.25113070011138916
2004,5,20,0.23876570165157318
2004,5,21,0.32394149899482727
2004,5,22,1.1035765409469604
2004,5,23,1.261958122253418
2004,5,24,1.070156216621399
2004,5,25,0.8728439211845398
2004,5,26,0.5030956268310547
2004,5,27,0.13007336854934692
2004,5,28,0.4551381766796112
2004,5,29,1.255138874053955
2004,5,30,1.6506520509719849
2004,5,31,1.5856727361679077
2004,6,1,1.858565092086792
2004,6,2,2.267786979675293
2004,6,3,2.1767284870147705
2004,6,4,1.6146283149719238
2004,6,5,1.3371326923370361
2004,6,6,1.4960137605667114
2004,6,7,1.5500346422195435
2004,6,8,1.2434715032577515
2004,6,9,1.319583535194397
2004,6,10,2.0426816940307617
2004,6,11,1.9061424732208252
2004,6,12,0.9199310541152954
2004,6,13,0.0025644092820584774
2004,6,14,-0.375696063041687
2004,6,15,0.11798354983329773
2004,6,16,0.5218842029571533
2004,6,17,0.4901297390460968
2004,6,18,0.6262449622154236
2004,6,19,0.6349702477455139
2004,6,20,0.32247090339660645
2004,6,21,-0.08953702449798584
2004,6,22,0.10284160822629929
2004,6,23,0.4261152446269989
2004,6,24,1.2869149446487427
2004,6,25,2.303260564804077
2004,6,26,2.472240924835205
2004,6,27,2.275641679763794
2004,6,28,1.8713783025741577
2004,6,29,1.163197636604309
2004,6,30,0.6190621852874756
2004,7,1,0.27819961309432983
2004,7,2,-0.7262172698974609
2004,7,3,-1.1299020051956177
2004,7,4,-0.36146271228790283
2004,7,5,0.8680195808410645
2004,7,6,0.9166242480278015
2004,7,7,0.5482385158538818
2004,7,8,0.49599161744117737
2004,7,9,0.007199147716164589
2004,7,10,-0.4066413938999176
2004,7,11,-0.27045637369155884
2004,7,12,-0.2123488038778305
2004,7,13,0.48676949739456177
2004,7,14,0.9692350029945374
2004,7,15,1.1089704036712646
2004,7,16,2.0824015140533447
2004,7,17,3.117600202560425
2004,7,18,3.4100189208984375
2004,7,19,3.532090663909912
2004,7,20,3.4539506435394287
2004,7,21,3.043926954269409
2004,7,22,2.5717670917510986
2004,7,23,2.422905921936035
2004,7,24,2.225482940673828
2004,7,25,2.8939249515533447
2004,7,26,3.3773512840270996
2004,7,27,2.7366585731506348
2004,7,28,1.9284305572509766
2004,7,29,1.6323274374008179
2004,7,30,1.5381470918655396
2004,7,31,1.449843406677246
2004,8,1,1.246673822402954
2004,8,2,1.2278151512145996
2004,8,3,1.160961389541626
2004,8,4,0.9032791256904602
2004,8,5,0.3957344889640808
2004,8,6,0.13884946703910828
2004,8,7,-0.017538972198963165
2004,8,8,-0.3542012572288513
2004,8,9,-0.2603631913661957
2004,8,10,-0.3623189628124237
2004,8,11,-0.7021862864494324
2004,8,12,-1.0540056228637695
2004,8,13,-0.7166559100151062
2004,8,14,-0.39179733395576477
2004,8,15,0.012649125419557095
2004,8,16,0.3660178482532501
2004,8,17,0.3619949221611023
2004,8,18,0.5943796038627625
2004,8,19,0.5103428959846497
2004,8,20,0.3519521653652191
2004,8,21,-0.13056722283363342
2004,8,22,-1.3895891904830933
2004,8,23,-1.6406084299087524
2004,8,24,-1.4889280796051025
2004,8,25,-1.4438576698303223
2004,8,26,-1.368540644645691
2004,8,27,-1.011687159538269
2004,8,28,-0.11572086066007614
2004,8,29,0.9835127592086792
2004,8,30,1.238451361656189
2004,8,31,0.7523180246353149
2004,9,1,0.4928647577762604
2004,9,2,0.357388436794281
2004,9,3,0.26025429368019104
2004,9,4,0.19852571189403534
2004,9,5,0.30718743801116943
2004,9,6,0.28737103939056396
2004,9,7,0.4670695662498474
2004,9,8,1.0441868305206299
2004,9,9,2.0434648990631104
2004,9,10,3.0129663944244385
2004,9,11,3.5509228706359863
2004,9,12,3.4440226554870605
2004,9,13,2.761428117752075
2004,9,14,2.2004129886627197
2004,9,15,1.3103606700897217
2004,9,16,-0.2548801600933075
2004,9,17,-0.8022863268852234
2004,9,18,-1.031568169593811
2004,9,19,-1.0722659826278687
2004,9,20,-1.1551823616027832
2004,9,21,-1.267212986946106
2004,9,22,-1.3753077983856201
2004,9,23,-1.6011072397232056
2004,9,24,-1.2859253883361816
2004,9,25,-0.9091346859931946
2004,9,26,-0.8727670311927795
2004,9,27,-0.7850577235221863
2004,9,28,-0.8470897078514099
2004,9,29,-0.6791688799858093
2004,9,30,-0.5387668609619141
2004,10,1,-0.651858389377594
2004,10,2,-0.729304850101471
2004,10,3,-0.4416984021663666
2004,10,4,-0.38225388526916504
2004,10,5,-0.5427953600883484
2004,10,6,-0.22035445272922516
2004,10,7,0.054456230252981186
2004,10,8,-0.2639912962913513
2004,10,9,-0.8815539479255676
2004,10,10,-1.3811628818511963
2004,10,11,-1.3935247659683228
2004,10,12,-1.0838180780410767
2004,10,13,-0.7255333662033081
2004,10,14,-0.6450530886650085
2004,10,15,-0.5076307058334351
2004,10,16,-0.3906848728656769
2004,10,17,0.4093376100063324
2004,10,18,1.1124024391174316
2004,10,19,1.448649525642395
2004,10,20,1.3755991458892822
2004,10,21,1.2086135149002075
2004,10,22,1.0672551393508911
2004,10,23,1.0419363975524902
2004,10,24,0.9264957308769226
2004,10,25,0.5841534733772278
2004,10,26,0.443932443857193
2004,10,27,0.10787001997232437
2004,10,28,-0.08891429752111435
2004,10,29,-0.3408086597919464
2004,10,30,-0.41706815361976624
2004,10,31,-0.03960423916578293
2004,11,1,1.010606050491333
2004,11,2,1.4115900993347168
2004,11,3,1.5469051599502563
2004,11,4,1.46542489528656
2004,11,5,1.4063838720321655
2004,11,6,1.4512606859207153
2004,11,7,1.3299169540405273
2004,11,8,1.3296374082565308
2004,11,9,1.0059386491775513
2004,11,10,0.2587417960166931
2004,11,11,-0.26533275842666626
2004,11,12,-0.6036019325256348
2004,11,13,-0.45452821254730225
2004,11,14,-0.42908617854118347
2004,11,15,-0.6007068157196045
2004,11,16,-0.8915614485740662
2004,11,17,-1.0476657152175903
2004,11,18,-0.6399331092834473
2004,11,19,0.0759832113981247
2004,11,20,0.7078754901885986
2004,11,21,0.7730295658111572
2004,11,22,0.4359062910079956
2004,11,23,-0.18294937908649445
2004,11,24,-0.8296118974685669
2004,11,25,-1.9637881517410278
2004,11,26,-2.474907159805298
2004,11,27,-2.7080795764923096
2004,11,28,-2.792729139328003
2004,11,29,-2.798469066619873
2004,11,30,-2.6063830852508545
2004,12,1,-2.0671796798706055
2004,12,2,-1.3107625246047974
2004,12,3,-0.39302414655685425
2004,12,4,0.32064327597618103
2004,12,5,0.16794350743293762
2004,12,6,0.08959240466356277
2004,12,7,0.3422364592552185
2004,12,8,0.17469176650047302
2004,12,9,-0.6509937047958374
2004,12,10,-1.5438379049301147
2004,12,11,-1.9235848188400269
2004,12,12,-1.8155804872512817
2004,12,13,-1.6207637786865234
2004,12,14,-1.83273446559906
2004,12,15,-2.2276082038879395
2004,12,16,-2.528613567352295
2004,12,17,-2.5668230056762695
2004,12,18,-2.538663387298584
2004,12,19,-2.414801597595215
2004,12,20,-2.107668399810791
2004,12,21,-1.4644265174865723
2004,12,22,-0.8301072716712952
2004,12,23,-0.8321338891983032
2004,12,24,-0.9107375144958496
2004,12,25,-0.7608450651168823
2004,12,26,-0.2286509871482849
2004,12,27,0.27763789892196655
2004,12,28,0.3899868428707123
2004,12,29,0.32458657026290894
2004,12,30,0.4440126121044159
2004,12,31,0.8819094896316528
2005,1,1,0.7839594483375549
2005,1,2,0.39998382329940796
2005,1,3,-0.08011964708566666
2005,1,4,-0.27216437458992004
2005,1,5,-0.2934205234050751
2005,1,6,-0.3383813798427582
2005,1,7,-0.1727599948644638
2005,1,8,0.33586063981056213
2005,1,9,0.41462525725364685
2005,1,10,-0.1754193902015686
2005,1,11,-0.5905683636665344
2005,1,12,-0.9227238297462463
2005,1,13,-0.9466575980186462
2005,1,14,-0.5320135354995728
2005,1,15,0.3071727454662323
2005,1,16,0.3402068018913269
2005,1,17,-0.23814550042152405
2005,1,18,-0.2923212945461273
2005,1,19,-0.1329447478055954
2005,1,20,-0.3021269738674164
2005,1,21,-0.27080482244491577
2005,1,22,-0.5180110931396484
2005,1,23,-0.6398024559020996
2005,1,24,-0.6476243734359741
2005,1,25,-0.33969593048095703
2005,1,26,-0.11064057052135468
2005,1,27,0.002959167817607522
2005,1,28,-0.1828680783510208
2005,1,29,-0.026166293770074844
2005,1,30,0.5439015626907349
2005,1,31,0.9717614054679871
2005,2,1,1.6948163509368896
2005,2,2,2.017648696899414
2005,2,3,2.1154284477233887
2005,2,4,2.1332762241363525
2005,2,5,1.556105136871338
2005,2,6,0.8967205286026001
2005,2,7,0.3436741232872009
2005,2,8,0.10662595927715302
2005,2,9,0.3326099216938019
2005,2,10,0.8415143489837646
2005,2,11,1.4379658699035645
2005,2,12,1.7068215608596802
2005,2,13,2.1560349464416504
2005,2,14,2.860945224761963
2005,2,15,2.807044267654419
2005,2,16,2.180824041366577
2005,2,17,1.8375468254089355
2005,2,18,1.3103687763214111
2005,2,19,1.176464557647705
2005,2,20,1.182159662246704
2005,2,21,1.1165961027145386
2005,2,22,1.2821933031082153
2005,2,23,1.2559605836868286
2005,2,24,0.564120352268219
2005,2,25,-0.048915714025497437
2005,2,26,-0.28560367226600647
2005,2,27,-0.5039525032043457
2005,2,28,-0.5742970108985901
2005,3,1,-0.04048817232251167
2005,3,2,0.11602506041526794
2005,3,3,0.09260895848274231
2005,3,4,0.03049907460808754
2005,3,5,-0.24699658155441284
2005,3,6,-1.0263296365737915
2005,3,7,-1.359854817390442
2005,3,8,-0.8719233870506287
2005,3,9,-1.0295583009719849
2005,3,10,-1.14616060256958
2005,3,11,-0.7420803904533386
2005,3,12,0.024829043075442314
2005,3,13,0.21855583786964417
2005,3,14,0.5381370782852173
2005,3,15,1.31318199634552
2005,3,16,1.463525414466858
2005,3,17,0.8740808963775635
2005,3,18,0.7493201494216919
2005,3,19,0.9037692546844482
2005,3,20,0.86734938621521
2005,3,21,1.167306900024414
2005,3,22,1.815545916557312
2005,3,23,1.6262879371643066
2005,3,24,0.6146809458732605
2005,3,25,-0.1808149516582489
2005,3,26,-0.7227963805198669
2005,3,27,-0.8042119741439819
2005,3,28,-0.651769757270813
2005,3,29,-0.300216943025589
2005,3,30,-0.019940229132771492
2005,3,31,0.4584556818008423
2005,4,1,0.8832566142082214
2005,4,2,0.9025305509567261
2005,4,3,0.3738305866718292
2005,4,4,0.5314900279045105
2005,4,5,1.086287260055542
2005,4,6,1.0182172060012817
2005,4,7,1.3542344570159912
2005,4,8,1.2040183544158936
2005,4,9,0.8038994669914246
2005,4,10,1.0242623090744019
2005,4,11,1.1976017951965332
2005,4,12,0.9636052250862122
2005,4,13,1.1382975578308105
2005,4,14,1.6140764951705933
2005,4,15,1.260360836982727
2005,4,16,0.899639904499054
2005,4,17,0.21797321736812592
2005,4,18,-0.23611792922019958
2005,4,19,-0.2155013084411621
2005,4,20,-0.735105037689209
2005,4,21,-1.0009912252426147
2005,4,22,-0.6881408095359802
2005,4,23,-0.3504619300365448
2005,4,24,0.25690948963165283
2005,4,25,0.3930458724498749
2005,4,26,-0.3081500232219696
2005,4,27,-0.7190271019935608
2005,4,28,-0.9230914115905762
2005,4,29,-1.0255707502365112
2005,4,30,-0.7144251465797424
2005,5,1,-0.4207996129989624
2005,5,2,-0.029296334832906723
2005,5,3,0.1983514279127121
2005,5,4,0.27554646134376526
2005,5,5,0.37118178606033325
2005,5,6,0.3966546654701233
2005,5,7,0.7767200469970703
2005,5,8,0.654638946056366
2005,5,9,-0.14184096455574036
2005,5,10,-0.7763751149177551
2005,5,11,-1.064740538597107
2005,5,12,-1.60396409034729
2005,5,13,-2.4196600914001465
2005,5,14,-2.8484580516815186
2005,5,15,-2.8334531784057617
2005,5,16,-2.062582492828369
2005,5,17,-1.5451971292495728
2005,5,18,-0.9466034173965454
2005,5,19,0.17030905187129974
2005,5,20,0.9840728640556335
2005,5,21,1.4266122579574585
2005,5,22,1.285079002380371
2005,5,23,0.7450503706932068
2005,5,24,0.5593720078468323
2005,5,25,1.1570606231689453
2005,5,26,0.6699234247207642
2005,5,27,-0.5707769393920898
2005,5,28,-0.930504322052002
2005,5,29,-0.3099376857280731
2005,5,30,0.024050531908869743
2005,5,31,-0.15414665639400482
2005,6,1,-0.9971314072608948
2005,6,2,-1.3734745979309082
2005,6,3,-1.1507904529571533
2005,6,4,-0.7871408462524414
2005,6,5,-0.3458426594734192
2005,6,6,-0.26993528008461
2005,6,7,-0.31238922476768494
2005,6,8,-0.04326019436120987
2005,6,9,-0.45801985263824463
2005,6,10,-1.0971006155014038
2005,6,11,-1.2813076972961426
2005,6,12,-1.0138849020004272
2005,6,13,-0.6419167518615723
2005,6,14,-0.6346239447593689
2005,6,15,-0.9106296896934509
2005,6,16,-1.6574273109436035
2005,6,17,-2.3396904468536377
2005,6,18,-2.5489888191223145
2005,6,19,-2.2808215618133545
2005,6,20,-1.7902635335922241
2005,6,21,-1.2035146951675415
2005,6,22,-1.1435105800628662
2005,6,23,-1.5721750259399414
2005,6,24,-2.1641910076141357
2005,6,25,-2.388291835784912
2005,6,26,-2.329143762588501
2005,6,27,-2.330179214477539
2005,6,28,-2.821641445159912
2005,6,29,-2.275608539581299
2005,6,30,-1.2083170413970947
2005,7,1,-0.5366119146347046
2005,7,2,-0.2990303933620453
2005,7,3,0.26240164041519165
2005,7,4,0.7591314315795898
2005,7,5,1.2111846208572388
2005,7,6,1.8047242164611816
2005,7,7,1.9029293060302734
2005,7,8,1.6251897811889648
2005,7,9,1.4991260766983032
2005,7,10,1.0404372215270996
2005,7,11,0.0786755383014679
2005,7,12,-0.5379323959350586
2005,7,13,-0.7214042544364929
2005,7,14,-0.4959275722503662
2005,7,15,-0.41837093234062195
2005,7,16,-0.797254204750061
2005,7,17,-0.9798185229301453
2005,7,18,-0.48956209421157837
2005,7,19,-0.29326149821281433
2005,7,20,-0.1477123647928238
2005,7,21,0.2609899044036865
2005,7,22,-0.058658018708229065
2005,7,23,-0.3865586519241333
2005,7,24,-0.9383337497711182
2005,7,25,-1.8104914426803589
2005,7,26,-2.5601751804351807
2005,7,27,-2.79089617729187
2005,7,28,-2.3364551067352295
2005,7,29,-1.414719581604004
2005,7,30,-0.40852686762809753
2005,7,31,0.3688250184059143
2005,8,1,0.9470680952072144
2005,8,2,0.982766330242157
2005,8,3,0.4038845896720886
2005,8,4,0.049912650138139725
2005,8,5,-0.1607540249824524
2005,8,6,-0.0008856995846144855
2005,8,7,0.2884119153022766
2005,8,8,0.51966392993927
2005,8,9,1.050520658493042
2005,8,10,1.9577527046203613
2005,8,11,1.924028992652893
2005,8,12,0.7367935180664062
2005,8,13,-0.27543336153030396
2005,8,14,-0.3642432391643524
2005,8,15,-0.5719811916351318
2005,8,16,-0.8888031244277954
2005,8,17,-1.046039342880249
2005,8,18,-0.9199278354644775
2005,8,19,-0.6254823207855225
2005,8,20,-0.6025705337524414
2005,8,21,-0.31709152460098267
2005,8,22,0.1870618611574173
2005,8,23,0.3636093735694885
2005,8,24,-0.00869951955974102
2005,8,25,-0.07462184876203537
2005,8,26,0.5285032391548157
2005,8,27,0.35860899090766907
2005,8,28,-0.020633989945054054
2005,8,29,0.5116488933563232
2005,8,30,0.9676835536956787
2005,8,31,0.8429183959960938
2005,9,1,0.9433935284614563
2005,9,2,1.2843785285949707
2005,9,3,1.1768381595611572
2005,9,4,0.5704957842826843
2005,9,5,-0.1488356590270996
2005,9,6,-0.6999838352203369
2005,9,7,-1.0419502258300781
2005,9,8,-0.9086969494819641
2005,9,9,-0.22773317992687225
2005,9,10,-0.07491521537303925
2005,9,11,-0.33522137999534607
2005,9,12,-0.19904975593090057
2005,9,13,-0.510798990726471
2005,9,14,-0.651108980178833
2005,9,15,-0.5638256072998047
2005,9,16,-0.7057669758796692
2005,9,17,-0.5775858759880066
2005,9,18,0.014308140613138676
2005,9,19,-0.02465485967695713
2005,9,20,0.08891820907592773
2005,9,21,0.28161126375198364
2005,9,22,0.6679853200912476
2005,9,23,0.924475908279419
2005,9,24,1.146480679512024
2005,9,25,1.0055077075958252
2005,9,26,1.3234483003616333
2005,9,27,1.446799397468567
2005,9,28,0.8833813667297363
2005,9,29,0.9535505175590515
2005,9,30,0.8474767208099365
2005,10,1,0.5099903345108032
2005,10,2,0.3667941391468048
2005,10,3,0.9939274191856384
2005,10,4,1.9182631969451904
2005,10,5,2.3539793491363525
2005,10,6,1.5689692497253418
2005,10,7,0.9497590065002441
2005,10,8,0.8367092609405518
2005,10,9,0.2565205991268158
2005,10,10,-0.332423597574234
2005,10,11,-0.6805135011672974
2005,10,12,-0.6687155961990356
2005,10,13,-0.5803293585777283
2005,10,14,-0.502544641494751
2005,10,15,-0.26169130206108093
2005,10,16,0.026494210585951805
2005,10,17,0.11665790528059006
2005,10,18,-0.2136085033416748
2005,10,19,-0.948115885257721
2005,10,20,-1.6540058851242065
2005,10,21,-1.8182671070098877
2005,10,22,-1.62467622756958
2005,10,23,-1.0692094564437866
2005,10,24,-0.7171931862831116
2005,10,25,-0.8863226175308228
2005,10,26,-0.9479158520698547
2005,10,27,-0.3971417248249054
2005,10,28,0.32417917251586914
2005,10,29,0.7428109049797058
2005,10,30,1.4731543064117432
2005,10,31,1.7143791913986206
2005,11,1,1.327579379081726
2005,11,2,0.7285962104797363
2005,11,3,-0.010874445550143719
2005,11,4,0.029299311339855194
2005,11,5,0.329207181930542
2005,11,6,0.9406477212905884
2005,11,7,0.8831890821456909
2005,11,8,0.818949282169342
2005,11,9,0.8931669592857361
2005,11,10,0.7562042474746704
2005,11,11,0.347373366355896
2005,11,12,-0.30392220616340637
2005,11,13,-0.5658078193664551
2005,11,14,-0.8185443878173828
2005,11,15,-1.0735414028167725
2005,11,16,-1.1921610832214355
2005,11,17,-1.303080439567566
2005,11,18,-1.6197431087493896
2005,11,19,-1.4437122344970703
2005,11,20,-1.3751202821731567
2005,11,21,-1.3820695877075195
2005,11,22,-1.587516188621521
2005,11,23,-1.7280173301696777
2005,11,24,-1.7861005067825317
2005,11,25,-1.935467004776001
2005,11,26,-1.7171213626861572
2005,11,27,-1.4432423114776611
2005,11,28,-0.7976057529449463
2005,11,29,-0.41372400522232056
2005,11,30,-0.5835635662078857
2005,12,1,-1.006317377090454
2005,12,2,-1.87838613986969
2005,12,3,-2.643420457839966
2005,12,4,-3.0017611980438232
2005,12,5,-2.7771270275115967
2005,12,6,-2.2622406482696533
2005,12,7,-1.7534626722335815
2005,12,8,-1.5486499071121216
2005,12,9,-1.4365384578704834
2005,12,10,-1.8220468759536743
2005,12,11,-1.3145310878753662
2005,12,12,-0.8868268132209778
2005,12,13,-1.026617169380188
2005,12,14,-1.0769857168197632
2005,12,15,-1.347481608390808
2005,12,16,-1.5796763896942139
2005,12,17,-1.9691306352615356
2005,12,18,-2.6764440536499023
2005,12,19,-2.8157107830047607
2005,12,20,-2.895742654800415
2005,12,21,-2.899754047393799
2005,12,22,-2.828235149383545
2005,12,23,-2.7101356983184814
2005,12,24,-2.3621580600738525
2005,12,25,-2.0525877475738525
2005,12,26,-1.9995753765106201
2005,12,27,-1.9969416856765747
2005,12,28,-1.942124366760254
2005,12,29,-1.4975885152816772
2005,12,30,-0.713148832321167
2005,12,31,-0.174078106880188
2006,1,1,0.18432001769542694
2006,1,2,0.12546329200267792
2006,1,3,-0.233326718211174
2006,1,4,-0.4320303499698639
2006,1,5,-0.3382677435874939
2006,1,6,0.07648811489343643
2006,1,7,0.09829530864953995
2006,1,8,0.1537996232509613
2006,1,9,0.5653271675109863
2006,1,10,0.8552868962287903
2006,1,11,0.9824081063270569
2006,1,12,0.7578322887420654
2006,1,13,0.08938565105199814
2006,1,14,-0.27328619360923767
2006,1,15,-0.5440130829811096
2006,1,16,-0.46072402596473694
2006,1,17,-0.11468641459941864
2006,1,18,0.036195117980241776
2006,1,19,0.2667231261730194
2006,1,20,0.40355953574180603
2006,1,21,0.5212721228599548
2006,1,22,0.9046139121055603
2006,1,23,1.2500629425048828
2006,1,24,1.2326006889343262
2006,1,25,0.6580860018730164
2006,1,26,0.45753321051597595
2006,1,27,0.49276307225227356
2006,1,28,0.7435942888259888
2006,1,29,0.8497132062911987
2006,1,30,0.6549761295318604
2006,1,31,0.08830264210700989
2006,2,1,-0.257864773273468
2006,2,2,-0.42999643087387085
2006,2,3,-0.5594320297241211
2006,2,4,-0.554946780204773
2006,2,5,-0.5393405556678772
2006,2,6,-0.3026815950870514
2006,2,7,0.2537252604961395
2006,2,8,1.00834321975708
2006,2,9,1.4963839054107666
2006,2,10,1.6631321907043457
2006,2,11,1.41883385181427
2006,2,12,0.9675781726837158
2006,2,13,0.8445438742637634
2006,2,14,0.5935404300689697
2006,2,15,-0.17361228168010712
2006,2,16,-0.6632052659988403
2006,2,17,-0.49851304292678833
2006,2,18,-0.3022366464138031
2006,2,19,-0.10992370545864105
2006,2,20,-0.16267892718315125
2006,2,21,-0.4983448088169098
2006,2,22,-0.7997395396232605
2006,2,23,-0.8883519172668457
2006,2,24,-1.091749668121338
2006,2,25,-1.4969497919082642
2006,2,26,-1.6106723546981812
2006,2,27,-1.5858343839645386
2006,2,28,-1.4946796894073486
2006,3,1,-1.4301769733428955
2006,3,2,-1.7846386432647705
2006,3,3,-1.151350498199463
2006,3,4,0.15466219186782837
2006,3,5,0.463652640581131
2006,3,6,-0.32396090030670166
2006,3,7,-0.6433236002922058
2006,3,8,-0.9829616546630859
2006,3,9,-1.3749897480010986
2006,3,10,-1.2466304302215576
2006,3,11,-1.0023263692855835
2006,3,12,-0.38529661297798157
2006,3,13,0.15187929570674896
2006,3,14,0.5032212734222412
2006,3,15,0.6225071549415588
2006,3,16,0.431977778673172
2006,3,17,0.41078370809555054
2006,3,18,0.4159160256385803
2006,3,19,0.9805247783660889
2006,3,20,1.0838861465454102
2006,3,21,1.6771397590637207
2006,3,22,2.109588384628296
2006,3,23,1.5789495706558228
2006,3,24,0.9983958601951599
2006,3,25,0.9264482259750366
2006,3,26,1.240347981452942
2006,3,27,1.5196269750595093
2006,3,28,1.7473899126052856
2006,3,29,1.6808091402053833
2006,3,30,1.793561577796936
2006,3,31,1.7153464555740356
2006,4,1,1.5734965801239014
2006,4,2,1.5672082901000977
2006,4,3,0.6737477779388428
2006,4,4,-0.6570955514907837
2006,4,5,-0.7637163996696472
2006,4,6,-0.6817480325698853
2006,4,7,-1.0886883735656738
2006,4,8,-1.4033256769180298
2006,4,9,-1.724469780921936
2006,4,10,-1.7755529880523682
2006,4,11,-1.6533995866775513
2006,4,12,-1.8333606719970703
2006,4,13,-1.5852787494659424
2006,4,14,-0.6394351124763489
2006,4,15,0.056032318621873856
2006,4,16,0.524311363697052
2006,4,17,0.25816208124160767
2006,4,18,0.3846772313117981
2006,4,19,0.8756658434867859
2006,4,20,1.3392738103866577
2006,4,21,1.228845477104187
2006,4,22,0.7871331572532654
2006,4,23,-0.12449660897254944
2006,4,24,-0.3480720520019531
2006,4,25,-0.5331301689147949
2006,4,26,-0.3992392122745514
2006,4,27,0.09132222831249237
2006,4,28,0.1727396845817566
2006,4,29,0.09530415385961533
2006,4,30,0.6120436191558838
2006,5,1,1.3295046091079712
2006,5,2,1.3599072694778442
2006,5,3,1.2933183908462524
2006,5,4,1.1182421445846558
2006,5,5,0.8579283356666565
2006,5,6,0.6710867285728455
2006,5,7,1.110329508781433
2006,5,8,2.2211995124816895
2006,5,9,2.678757429122925
2006,5,10,2.2076051235198975
2006,5,11,1.8283265829086304
2006,5,12,1.7128095626831055
2006,5,13,1.1210405826568604
2006,5,14,1.107666015625
2006,5,15,1.4107362031936646
2006,5,16,1.7938593626022339
2006,5,17,1.9231138229370117
2006,5,18,1.6797356605529785
2006,5,19,1.431849479675293
2006,5,20,1.234836220741272
2006,5,21,1.8245749473571777
2006,5,22,2.8240904808044434
2006,5,23,3.3891992568969727
2006,5,24,3.078214645385742
2006,5,25,2.473050355911255
2006,5,26,2.1242802143096924
2006,5,27,1.5581647157669067
2006,5,28,1.48444402217865
2006,5,29,1.0182911157608032
2006,5,30,0.4778629541397095
2006,5,31,0.25261390209198
2006,6,1,0.2547032833099365
2006,6,2,0.5726913809776306
2006,6,3,0.6516583561897278
2006,6,4,1.3461477756500244
2006,6,5,1.7778072357177734
2006,6,6,1.3791210651397705
2006,6,7,0.9548694491386414
2006,6,8,0.927436113357544
2006,6,9,0.3708900213241577
2006,6,10,-0.0993044301867485
2006,6,11,-0.3769952952861786
2006,6,12,-0.9060966372489929
2006,6,13,-1.6849561929702759
2006,6,14,-2.2765228748321533
2006,6,15,-2.0561683177948
2006,6,16,-1.3499850034713745
2006,6,17,-1.0580329895019531
2006,6,18,-0.6852008700370789
2006,6,19,-0.5245162844657898
2006,6,20,-0.582622230052948
2006,6,21,-0.3378361463546753
2006,6,22,0.0744151622056961
2006,6,23,0.44736409187316895
2006,6,24,0.6406649947166443
2006,6,25,1.0539696216583252
2006,6,26,1.637139916419983
2006,6,27,2.2194337844848633
2006,6,28,3.0977001190185547
2006,6,29,3.5525684356689453
2006,6,30,3.5734567642211914
2006,7,1,2.9516003131866455
2006,7,2,2.0918221473693848
2006,7,3,1.8259422779083252
2006,7,4,1.8752307891845703
2006,7,5,1.690556287765503
2006,7,6,1.2243002653121948
2006,7,7,0.502104640007019
2006,7,8,-0.09621809422969818
2006,7,9,-0.1816605180501938
2006,7,10,0.19828487932682037
2006,7,11,0.5811089277267456
2006,7,12,1.1969513893127441
2006,7,13,1.5618250370025635
2006,7,14,1.9905762672424316
2006,7,15,2.7235755920410156
2006,7,16,2.9463517665863037
2006,7,17,2.3436412811279297
2006,7,18,1.589828372001648
2006,7,19,1.3102316856384277
2006,7,20,0.6745648980140686
2006,7,21,0.4439007341861725
2006,7,22,1.0823750495910645
2006,7,23,1.3132190704345703
2006,7,24,0.6629680395126343
2006,7,25,-0.16227392852306366
2006,7,26,-0.48420560359954834
2006,7,27,-0.2445506453514099
2006,7,28,-0.19450172781944275
2006,7,29,-0.7617871165275574
2006,7,30,-1.424769639968872
2006,7,31,-1.6440685987472534
2006,8,1,-1.6904665231704712
2006,8,2,-2.0732040405273438
2006,8,3,-2.2834410667419434
2006,8,4,-2.1924450397491455
2006,8,5,-2.4390830993652344
2006,8,6,-2.7030043601989746
2006,8,7,-2.6334547996520996
2006,8,8,-2.2810089588165283
2006,8,9,-2.3620996475219727
2006,8,10,-3.063410997390747
2006,8,11,-3.6486456394195557
2006,8,12,-3.399716377258301
2006,8,13,-2.8208913803100586
2006,8,14,-2.3413307666778564
2006,8,15,-1.8837236166000366
2006,8,16,-2.0707385540008545
2006,8,17,-2.86177921295166
2006,8,18,-3.3234145641326904
2006,8,19,-3.260899066925049
2006,8,20,-2.227365255355835
2006,8,21,-1.1761666536331177
2006,8,22,-0.9932218194007874
2006,8,23,-1.1642500162124634
2006,8,24,-1.1798404455184937
2006,8,25,-0.5914593935012817
2006,8,26,0.09685758501291275
2006,8,27,0.5195686221122742
2006,8,28,0.5973260402679443
2006,8,29,0.67355877161026
2006,8,30,1.2591489553451538
2006,8,31,1.8197633028030396
2006,9,1,2.0196926593780518
2006,9,2,2.0722227096557617
2006,9,3,2.34995436668396
2006,9,4,2.549875259399414
2006,9,5,2.418869972229004
2006,9,6,2.4029970169067383
2006,9,7,2.5242323875427246
2006,9,8,2.2089600563049316
2006,9,9,1.8276901245117188
2006,9,10,1.5224887132644653
2006,9,11,1.586126446723938
2006,9,12,1.6848466396331787
2006,9,13,1.3009567260742188
2006,9,14,0.3781700134277344
2006,9,15,-0.923893928527832
2006,9,16,-1.728352427482605
2006,9,17,-1.9653733968734741
2006,9,18,-2.535142183303833
2006,9,19,-3.2128968238830566
2006,9,20,-3.849308490753174
2006,9,21,-3.914566993713379
2006,9,22,-3.604599952697754
2006,9,23,-3.39935040473938
2006,9,24,-3.1406781673431396
2006,9,25,-2.6863718032836914
2006,9,26,-2.0734121799468994
2006,9,27,-1.2276077270507812
2006,9,28,-0.6902971863746643
2006,9,29,-0.6324284672737122
2006,9,30,-0.7130913138389587
2006,10,1,-0.45064014196395874
2006,10,2,-0.7658545970916748
2006,10,3,-1.3641471862792969
2006,10,4,-1.3277781009674072
2006,10,5,-0.6755386590957642
2006,10,6,-1.1085354089736938
2006,10,7,-1.645246148109436
2006,10,8,-1.2326328754425049
2006,10,9,0.453543484210968
2006,10,10,1.6734952926635742
2006,10,11,1.403950572013855
2006,10,12,1.0403895378112793
2006,10,13,0.8523526787757874
2006,10,14,0.5775743722915649
2006,10,15,0.6340553760528564
2006,10,16,1.135881781578064
2006,10,17,1.6122874021530151
2006,10,18,1.5729247331619263
2006,10,19,1.657804012298584
2006,10,20,1.6857118606567383
2006,10,21,1.7043904066085815
2006,10,22,1.8386805057525635
2006,10,23,1.8686902523040771
2006,10,24,2.4153730869293213
2006,10,25,2.4169931411743164
2006,10,26,2.4217312335968018
2006,10,27,2.5217413902282715
2006,10,28,1.9270522594451904
2006,10,29,1.163259506225586
2006,10,30,1.0358582735061646
2006,10,31,1.159714698791504
2006,11,1,0.6762822270393372
2006,11,2,0.6655877828598022
2006,11,3,0.925787091255188
2006,11,4,1.19123113155365
2006,11,5,1.2195532321929932
2006,11,6,1.0218945741653442
2006,11,7,0.7286127805709839
2006,11,8,0.278601735830307
2006,11,9,-0.16986876726150513
2006,11,10,-0.6612011790275574
2006,11,11,-0.9096764326095581
2006,11,12,-0.5867438912391663
2006,11,13,-0.4237561821937561
2006,11,14,-0.4116326868534088
2006,11,15,-0.07334188371896744
2006,11,16,0.41189733147621155
2006,11,17,1.0730254650115967
2006,11,18,1.2414674758911133
2006,11,19,0.847568929195404
2006,11,20,0.4473840594291687
2006,11,21,0.32013460993766785
2006,11,22,0.03677694499492645
2006,11,23,-0.29342004656791687
2006,11,24,-0.6368772983551025
2006,11,25,-0.8376608490943909
2006,11,26,-0.7298485636711121
2006,11,27,-0.47319281101226807
2006,11,28,-0.6228760480880737
2006,11,29,-0.8742581605911255
2006,11,30,-0.526289701461792
2006,12,1,0.00968516431748867
2006,12,2,0.45908084511756897
2006,12,3,0.29216524958610535
2006,12,4,0.10743092745542526
2006,12,5,0.162821426987648
2006,12,6,0.13919705152511597
2006,12,7,0.22323408722877502
2006,12,8,0.37996166944503784
2006,12,9,0.831774115562439
2006,12,10,1.2483716011047363
2006,12,11,1.2837575674057007
2006,12,12,0.9236201047897339
2006,12,13,0.7794317603111267
2006,12,14,0.5524349212646484
2006,12,15,0.7995227575302124
2006,12,16,0.5898243188858032
2006,12,17,0.437446653842926
2006,12,18,0.4495382308959961
2006,12,19,0.2773739993572235
2006,12,20,0.24148911237716675
2006,12,21,0.5082594156265259
2006,12,22,0.782652735710144
2006,12,23,1.0032984018325806
2006,12,24,1.4206465482711792
2006,12,25,1.424844741821289
2006,12,26,1.1812396049499512
2006,12,27,0.7945180535316467
2006,12,28,0.26999109983444214
2006,12,29,0.03504519909620285
2006,12,30,0.5330888628959656
2006,12,31,0.8638452291488647
2007,1,1,0.8493930101394653
2007,1,2,1.5333213806152344
2007,1,3,1.6534736156463623
2007,1,4,1.2594897747039795
2007,1,5,1.156898856163025
2007,1,6,1.475710153579712
2007,1,7,1.4629226922988892
2007,1,8,0.9089124798774719
2007,1,9,0.5616633892059326
2007,1,10,0.14733782410621643
2007,1,11,-0.10561322420835495
2007,1,12,-0.4521227777004242
2007,1,13,-0.42258721590042114
2007,1,14,-0.13307271897792816
2007,1,15,0.004918878432363272
2007,1,16,-0.5149707198143005
2007,1,17,-1.3023114204406738
2007,1,18,-1.2678314447402954
2007,1,19,-1.0166504383087158
2007,1,20,-1.1522012948989868
2007,1,21,-1.070891261100769
2007,1,22,-0.8845990300178528
2007,1,23,-0.525627851486206
2007,1,24,-0.2578032314777374
2007,1,25,-0.42942383885383606
2007,1,26,-0.30810946226119995
2007,1,27,-0.2811647057533264
2007,1,28,-0.727796196937561
2007,1,29,-1.0245503187179565
2007,1,30,-1.0094043016433716
2007,1,31,-0.680253803730011
2007,2,1,-0.5531893372535706
2007,2,2,-0.7167643904685974
2007,2,3,-0.33655279874801636
2007,2,4,0.0933002158999443
2007,2,5,0.24755264818668365
2007,2,6,0.085281603038311
2007,2,7,-0.1920824646949768
2007,2,8,-0.3628731966018677
2007,2,9,-0.027573248371481895
2007,2,10,0.5957427024841309
2007,2,11,0.38312411308288574
2007,2,12,-0.27172985672950745
2007,2,13,-1.037493348121643
2007,2,14,-0.9660993218421936
2007,2,15,-0.3686470091342926
2007,2,16,-0.1833573430776596
2007,2,17,-0.34710368514060974
2007,2,18,-0.5557658076286316
2007,2,19,-0.4420608580112457
2007,2,20,0.21733689308166504
2007,2,21,0.7875789999961853
2007,2,22,1.1802061796188354
2007,2,23,1.5559310913085938
2007,2,24,1.7580758333206177
2007,2,25,1.289208173751831
2007,2,26,0.561394453048706
2007,2,27,0.010524559766054153
2007,2,28,-0.4503023624420166
2007,3,1,-0.8727554678916931
2007,3,2,-1.3493051528930664
2007,3,3,-1.6126048564910889
2007,3,4,-1.3015097379684448
2007,3,5,-0.29804080724716187
2007,3,6,-0.002795999636873603
2007,3,7,-0.4351224899291992
2007,3,8,-0.2259262353181839
2007,3,9,0.35760006308555603
2007,3,10,-0.05336197093129158
2007,3,11,-0.7712271213531494
2007,3,12,-1.4000924825668335
2007,3,13,-2.3169806003570557
2007,3,14,-2.643023729324341
2007,3,15,-2.2135164737701416
2007,3,16,-1.4426096677780151
2007,3,17,-0.9182681441307068
2007,3,18,-0.5320478081703186
2007,3,19,-0.20750683546066284
2007,3,20,0.08894512057304382
2007,3,21,0.11211767792701721
2007,3,22,0.10398729145526886
2007,3,23,0.0727861076593399
2007,3,24,-0.1415654569864273
2007,3,25,-0.20721335709095
2007,3,26,0.4776228070259094
2007,3,27,0.7270500063896179
2007,3,28,0.9609705209732056
2007,3,29,0.4140801727771759
2007,3,30,-0.4447057843208313
2007,3,31,-0.9360046982765198
2007,4,1,-0.9797802567481995
2007,4,2,-0.8606507182121277
2007,4,3,-0.7736814022064209
2007,4,4,-0.9611185789108276
2007,4,5,-0.7530398964881897
2007,4,6,-0.07337547093629837
2007,4,7,-0.04884522408246994
2007,4,8,0.011277923360466957
2007,4,9,0.2834259271621704
2007,4,10,0.12092119455337524
2007,4,11,-0.45146530866622925
2007,4,12,-1.9235436916351318
2007,4,13,-2.444059371948242
2007,4,14,-1.8940285444259644
2007,4,15,-1.515798568725586
2007,4,16,-1.062291145324707
2007,4,17,-0.4201276898384094
2007,4,18,-0.03457874432206154
2007,4,19,-0.2271483689546585
2007,4,20,-0.714707612991333
2007,4,21,-0.762546956539154
2007,4,22,-0.07140250504016876
2007,4,23,0.14633840322494507
2007,4,24,-0.7013944983482361
2007,4,25,-1.3894106149673462
2007,4,26,-1.7005255222320557
2007,4,27,-2.033154249191284
2007,4,28,-2.5113308429718018
2007,4,29,-3.0744781494140625
2007,4,30,-3.196802854537964
2007,5,1,-2.6992220878601074
2007,5,2,-2.0860559940338135
2007,5,3,-2.0596961975097656
2007,5,4,-1.9642266035079956
2007,5,5,-1.7484478950500488
2007,5,6,-1.691072940826416
2007,5,7,-1.77451491355896
2007,5,8,-1.3581563234329224
2007,5,9,-0.4378204345703125
2007,5,10,0.103997603058815
2007,5,11,0.2678854167461395
2007,5,12,0.3287104666233063
2007,5,13,0.14816321432590485
2007,5,14,-0.25931641459465027
2007,5,15,0.19422563910484314
2007,5,16,-0.06729692220687866
2007,5,17,-0.21730850636959076
2007,5,18,-0.05182195082306862
2007,5,19,0.3420102894306183
2007,5,20,0.47360706329345703
2007,5,21,0.4688108265399933
2007,5,22,0.26273906230926514
2007,5,23,0.30390477180480957
2007,5,24,0.14993417263031006
2007,5,25,-0.3768446445465088
2007,5,26,-0.6062228679656982
2007,5,27,-0.9121565818786621
2007,5,28,-0.949495792388916
2007,5,29,-0.8357512354850769
2007,5,30,-0.7659973502159119
2007,5,31,-0.5491231679916382
2007,6,1,0.31102561950683594
2007,6,2,1.069732427597046
2007,6,3,1.4961144924163818
2007,6,4,1.4952678680419922
2007,6,5,0.6053332090377808
2007,6,6,-0.9599552154541016
2007,6,7,-1.7352551221847534
2007,6,8,-1.8458365201950073
2007,6,9,-2.214437484741211
2007,6,10,-2.112272024154663
2007,6,11,-1.0871340036392212
2007,6,12,-0.35079315304756165
2007,6,13,-0.28495845198631287
2007,6,14,-0.23658344149589539
2007,6,15,-0.12154896557331085
2007,6,16,-0.6392207741737366
2007,6,17,-1.085656762123108
2007,6,18,-1.32912278175354
2007,6,19,-1.663811445236206
2007,6,20,-1.2919806241989136
2007,6,21,-1.3243166208267212
2007,6,22,-2.7061169147491455
2007,6,23,-3.145477533340454
2007,6,24,-3.2914488315582275
2007,6,25,-2.945899724960327
2007,6,26,-2.078911542892456
2007,6,27,-1.3920868635177612
2007,6,28,-1.3451370000839233
2007,6,29,-2.0155913829803467
2007,6,30,-2.5010013580322266
2007,7,1,-1.8191159963607788
2007,7,2,-2.0700137615203857
2007,7,3,-3.039182662963867
2007,7,4,-3.5272560119628906
2007,7,5,-3.6743741035461426
2007,7,6,-3.17052960395813
2007,7,7,-2.509978771209717
2007,7,8,-1.8985331058502197
2007,7,9,-1.539328932762146
2007,7,10,-1.8199429512023926
2007,7,11,-1.809969425201416
2007,7,12,-1.4598381519317627
2007,7,13,-0.991173267364502
2007,7,14,-0.6399120688438416
2007,7,15,-0.8775929808616638
2007,7,16,-1.4832674264907837
2007,7,17,-1.5208406448364258
2007,7,18,-1.5928568840026855
2007,7,19,-1.6691349744796753
2007,7,20,-2.047348976135254
2007,7,21,-2.665705442428589
2007,7,22,-3.161288261413574
2007,7,23,-3.91862154006958
2007,7,24,-4.385286331176758
2007,7,25,-3.8190622329711914
2007,7,26,-3.586007833480835
2007,7,27,-3.949037790298462
2007,7,28,-4.2600789070129395
2007,7,29,-3.9018449783325195
2007,7,30,-3.1473968029022217
2007,7,31,-2.7532291412353516
2007,8,1,-2.505563497543335
2007,8,2,-1.9272671937942505
2007,8,3,-1.463402509689331
2007,8,4,-1.2732694149017334
2007,8,5,-0.9533987045288086
2007,8,6,-1.0126887559890747
2007,8,7,-1.4446159601211548
2007,8,8,-0.7672460079193115
2007,8,9,0.13795490562915802
2007,8,10,0.08080103993415833
2007,8,11,0.0837169662117958
2007,8,12,0.28790202736854553
2007,8,13,0.7639137506484985
2007,8,14,1.3172025680541992
2007,8,15,1.652223825454712
2007,8,16,1.8880069255828857
2007,8,17,1.7888262271881104
2007,8,18,1.8572911024093628
2007,8,19,1.91739022731781
2007,8,20,1.2165436744689941
2007,8,21,0.2031971961259842
2007,8,22,-0.4761573374271393
2007,8,23,-0.3582116663455963
2007,8,24,-0.07370779663324356
2007,8,25,-0.3428024649620056
2007,8,26,-0.5895394682884216
2007,8,27,-1.0271351337432861
2007,8,28,-0.9079365730285645
2007,8,29,-0.5725032091140747
2007,8,30,-0.3545561730861664
2007,8,31,-0.4472604990005493
2007,9,1,-0.4223577082157135
2007,9,2,-0.465656578540802
2007,9,3,-0.37826862931251526
2007,9,4,-0.0014779901830479503
2007,9,5,0.6258953809738159
2007,9,6,1.0833295583724976
2007,9,7,0.8010368347167969
2007,9,8,0.32672426104545593
2007,9,9,0.02994045615196228
2007,9,10,-0.404634028673172
2007,9,11,-0.5822439789772034
2007,9,12,-0.7205766439437866
2007,9,13,-0.773384690284729
2007,9,14,-0.45954588055610657
2007,9,15,-0.17849554121494293
2007,9,16,-0.09961096942424774
2007,9,17,0.24143238365650177
2007,9,18,-0.10430359095335007
2007,9,19,-0.5673474669456482
2007,9,20,-0.5445719957351685
2007,9,21,-0.5975186824798584
2007,9,22,-0.6167294979095459
2007,9,23,-0.20219646394252777
2007,9,24,0.28473329544067383
2007,9,25,0.46508097648620605
2007,9,26,0.4204096794128418
2007,9,27,0.1188826784491539
2007,9,28,0.7061092853546143
2007,9,29,1.3061833381652832
2007,9,30,1.5183011293411255
2007,10,1,0.965552568435669
2007,10,2,0.5494694113731384
2007,10,3,0.4669891595840454
2007,10,4,0.4754786193370819
2007,10,5,0.47567957639694214
2007,10,6,0.9255936741828918
2007,10,7,1.1057010889053345
2007,10,8,0.511730968952179
2007,10,9,0.2589099407196045
2007,10,10,-0.07198764383792877
2007,10,11,-0.444713830947876
2007,10,12,-0.9628559350967407
2007,10,13,-1.454816222190857
2007,10,14,-1.6811963319778442
2007,10,15,-1.1786980628967285
2007,10,16,-0.6659606695175171
2007,10,17,-0.2948409914970398
2007,10,18,0.1123785674571991
2007,10,19,-0.06977321952581406
2007,10,20,-0.5290575623512268
2007,10,21,-0.8456728458404541
2007,10,22,-0.6121631264686584
2007,10,23,-0.3999134302139282
2007,10,24,-0.8783791065216064
2007,10,25,-1.6830965280532837
2007,10,26,-1.8014638423919678
2007,10,27,-1.0702884197235107
2007,10,28,-0.8438080549240112
2007,10,29,-1.2179585695266724
2007,10,30,-1.359277367591858
2007,10,31,-0.8208295106887817
2007,11,1,-0.6533504128456116
2007,11,2,-0.9891344308853149
2007,11,3,-1.485858678817749
2007,11,4,-1.9871010780334473
2007,11,5,-2.6256651878356934
2007,11,6,-2.6449317932128906
2007,11,7,-2.4963603019714355
2007,11,8,-2.7443981170654297
2007,11,9,-3.188671827316284
2007,11,10,-2.962338924407959
2007,11,11,-2.354025363922119
2007,11,12,-2.247692346572876
2007,11,13,-2.3069019317626953
2007,11,14,-2.3106465339660645
2007,11,15,-1.841230869293213
2007,11,16,-1.4578437805175781
2007,11,17,-1.2550779581069946
2007,11,18,-1.1691867113113403
2007,11,19,-0.9255518913269043
2007,11,20,-0.23182812333106995
2007,11,21,0.23683007061481476
2007,11,22,0.6313390731811523
2007,11,23,1.1992539167404175
2007,11,24,1.2970064878463745
2007,11,25,0.7487603425979614
2007,11,26,0.36760538816452026
2007,11,27,0.9534125328063965
2007,11,28,1.1876739263534546
2007,11,29,1.314293384552002
2007,11,30,1.4102883338928223
2007,12,1,1.5362147092819214
2007,12,2,1.6297818422317505
2007,12,3,1.1129350662231445
2007,12,4,0.7692263722419739
2007,12,5,1.3691370487213135
2007,12,6,1.5527942180633545
2007,12,7,1.163521409034729
2007,12,8,1.5175153017044067
2007,12,9,1.77145516872406
2007,12,10,2.0490989685058594
2007,12,11,2.5603187084198
2007,12,12,3.139045238494873
2007,12,13,3.348273515701294
2007,12,14,3.0020952224731445
2007,12,15,2.362574815750122
2007,12,16,2.0326650142669678
2007,12,17,1.889665961265564
2007,12,18,1.7626205682754517
2007,12,19,1.942068338394165
2007,12,20,2.1297473907470703
2007,12,21,2.2178401947021484
2007,12,22,2.147841215133667
2007,12,23,2.0730226039886475
2007,12,24,2.042595386505127
2007,12,25,2.167102098464966
2007,12,26,1.7925877571105957
2007,12,27,1.5026715993881226
2007,12,28,1.276038646697998
2007,12,29,1.112879753112793
2007,12,30,1.2701433897018433
2007,12,31,1.3449349403381348
2008,1,1,1.199304461479187
2008,1,2,1.3824148178100586
2008,1,3,1.4822968244552612
2008,1,4,1.170230507850647
2008,1,5,0.5664520263671875
2008,1,6,0.14087076485157013
2008,1,7,0.05646638572216034
2008,1,8,-0.031929224729537964
2008,1,9,-0.35491958260536194
2008,1,10,-0.326549768447876
2008,1,11,-0.30904775857925415
2008,1,12,0.01936887763440609
2008,1,13,0.8459668159484863
2008,1,14,1.6516366004943848
2008,1,15,1.9513181447982788
2008,1,16,1.8957321643829346
2008,1,17,1.5347051620483398
2008,1,18,1.4628969430923462
2008,1,19,1.9913280010223389
2008,1,20,2.2795467376708984
2008,1,21,2.085529327392578
2008,1,22,1.6717290878295898
2008,1,23,1.494734525680542
2008,1,24,1.6667579412460327
2008,1,25,1.9171791076660156
2008,1,26,2.111720561981201
2008,1,27,1.6160598993301392
2008,1,28,1.039754033088684
2008,1,29,1.0614579916000366
2008,1,30,1.4210408926010132
2008,1,31,1.3494112491607666
2008,2,1,1.1927409172058105
2008,2,2,1.0239603519439697
2008,2,3,0.8520023226737976
2008,2,4,0.6733425259590149
2008,2,5,0.9593712687492371
2008,2,6,0.7590985298156738
2008,2,7,0.49043211340904236
2008,2,8,1.1672016382217407
2008,2,9,1.6087853908538818
2008,2,10,1.4737226963043213
2008,2,11,1.6711499691009521
2008,2,12,1.995505928993225
2008,2,13,1.7309879064559937
2008,2,14,1.1527009010314941
2008,2,15,0.8484769463539124
2008,2,16,1.0096955299377441
2008,2,17,0.7953209280967712
2008,2,18,0.9557054042816162
2008,2,19,1.4657566547393799
2008,2,20,2.02805757522583
2008,2,21,2.322462797164917
2008,2,22,2.0134074687957764
2008,2,23,1.481332778930664
2008,2,24,1.2563307285308838
2008,2,25,0.6384886503219604
2008,2,26,-0.013243073597550392
2008,2,27,-0.234065443277359
2008,2,28,-0.4112837314605713
2008,2,29,-0.43443602323532104
2008,3,1,-0.5220680832862854
2008,3,2,-0.1533609926700592
2008,3,3,0.6292493343353271
2008,3,4,1.1860517263412476
2008,3,5,1.3999427556991577
2008,3,6,1.3782215118408203
2008,3,7,1.5010508298873901
2008,3,8,1.2802846431732178
2008,3,9,0.7802990078926086
2008,3,10,0.5578830242156982
2008,3,11,0.6528315544128418
2008,3,12,1.3194875717163086
2008,3,13,0.4721946716308594
2008,3,14,-0.05858064442873001
2008,3,15,0.07525549083948135
2008,3,16,0.4951154589653015
2008,3,17,0.9877761006355286
2008,3,18,1.27842116355896
2008,3,19,1.0598275661468506
2008,3,20,0.7660882472991943
2008,3,21,0.8116639852523804
2008,3,22,0.9683282971382141
2008,3,23,1.038763165473938
2008,3,24,0.5500487685203552
2008,3,25,0.3362637758255005
2008,3,26,0.4606671929359436
2008,3,27,0.5577437281608582
2008,3,28,0.42960768938064575
2008,3,29,-0.5105568170547485
2008,3,30,-1.0227264165878296
2008,3,31,-1.2232657670974731
2008,4,1,-0.3234233558177948
2008,4,2,1.3084526062011719
2008,4,3,2.056342840194702
2008,4,4,1.5577402114868164
2008,4,5,0.40854960680007935
2008,4,6,-1.1008244752883911
2008,4,7,-2.3746464252471924
2008,4,8,-2.555069923400879
2008,4,9,-2.373823404312134
2008,4,10,-2.386018991470337
2008,4,11,-1.7916160821914673
2008,4,12,-0.517491340637207
2008,4,13,0.23162196576595306
2008,4,14,0.3755646347999573
2008,4,15,0.270877867937088
2008,4,16,-0.20086154341697693
2008,4,17,-0.6145656704902649
2008,4,18,-0.42451539635658264
2008,4,19,0.3584829270839691
2008,4,20,0.9690507054328918
2008,4,21,0.9334594011306763
2008,4,22,-0.2337920069694519
2008,4,23,-1.56923508644104
2008,4,24,-2.46511173248291
2008,4,25,-2.7882883548736572
2008,4,26,-2.9551124572753906
2008,4,27,-2.774304151535034
2008,4,28,-2.2933220863342285
2008,4,29,-2.064976930618286
2008,4,30,-2.0014429092407227
2008,5,1,-1.5162123441696167
2008,5,2,-1.2262264490127563
2008,5,3,-1.3021639585494995
2008,5,4,-1.815733790397644
2008,5,5,-2.154534101486206
2008,5,6,-2.473149061203003
2008,5,7,-2.4774575233459473
2008,5,8,-2.300462484359741
2008,5,9,-2.184372901916504
2008,5,10,-1.910264015197754
2008,5,11,-1.6346184015274048
2008,5,12,-0.9670194983482361
2008,5,13,-0.7240418791770935
2008,5,14,-1.0104044675827026
2008,5,15,-1.1461409330368042
2008,5,16,-1.020433783531189
2008,5,17,-0.6470012068748474
2008,5,18,0.024292195215821266
2008,5,19,0.30147436261177063
2008,5,20,0.25048762559890747
2008,5,21,0.04493646323680878
2008,5,22,0.16806577146053314
2008,5,23,0.9819635152816772
2008,5,24,0.7683069109916687
2008,5,25,0.4560593366622925
2008,5,26,1.2896878719329834
2008,5,27,1.8611938953399658
2008,5,28,1.901930332183838
2008,5,29,0.9980632662773132
2008,5,30,1.0911598205566406
2008,5,31,1.6554428339004517
2008,6,1,1.6616617441177368
2008,6,2,1.3187041282653809
2008,6,3,1.2542299032211304
2008,6,4,1.2051682472229004
2008,6,5,0.6165935397148132
2008,6,6,-0.25267094373703003
2008,6,7,0.10222934931516647
2008,6,8,0.6025781035423279
2008,6,9,0.8009340763092041
2008,6,10,0.5403886437416077
2008,6,11,0.24811166524887085
2008,6,12,0.4464789927005768
2008,6,13,0.7825767397880554
2008,6,14,1.4313660860061646
2008,6,15,2.0878450870513916
2008,6,16,2.128431558609009
2008,6,17,2.194373369216919
2008,6,18,2.9591259956359863
2008,6,19,3.518834114074707
2008,6,20,3.3282454013824463
2008,6,21,2.5083138942718506
2008,6,22,2.066038131713867
2008,6,23,1.469337821006775
2008,6,24,0.639588475227356
2008,6,25,0.18359848856925964
2008,6,26,0.5141186714172363
2008,6,27,0.6152458190917969
2008,6,28,1.0220750570297241
2008,6,29,1.4979465007781982
2008,6,30,1.4361491203308105
2008,7,1,0.9996930360794067
2008,7,2,0.03628108650445938
2008,7,3,-0.573154628276825
2008,7,4,-0.7572323083877563
2008,7,5,-0.6807573437690735
2008,7,6,0.06959909945726395
2008,7,7,1.2734922170639038
2008,7,8,1.9340754747390747
2008,7,9,2.2630975246429443
2008,7,10,2.394533157348633
2008,7,11,1.9544169902801514
2008,7,12,1.2281697988510132
2008,7,13,0.9181938767433167
2008,7,14,0.6128337383270264
2008,7,15,0.35727596282958984
2008,7,16,0.41570138931274414
2008,7,17,0.4083881080150604
2008,7,18,-0.0875665619969368
2008,7,19,-0.8228166103363037
2008,7,20,-0.9494081139564514
2008,7,21,-0.5983622074127197
2008,7,22,-0.06332381069660187
2008,7,23,0.6547097563743591
2008,7,24,0.8647704124450684
2008,7,25,0.31998276710510254
2008,7,26,0.29277312755584717
2008,7,27,-0.2894885241985321
2008,7,28,-0.8046854734420776
2008,7,29,-0.9111732244491577
2008,7,30,-0.6263885498046875
2008,7,31,-0.33883389830589294
2008,8,1,-0.173371821641922
2008,8,2,-0.15308579802513123
2008,8,3,-0.41646668314933777
2008,8,4,-0.5972200632095337
2008,8,5,-1.137735366821289
2008,8,6,-1.5617921352386475
2008,8,7,-1.5448808670043945
2008,8,8,-0.9639189839363098
2008,8,9,-0.19092297554016113
2008,8,10,-0.35892000794410706
2008,8,11,-0.8023799061775208
2008,8,12,-0.9636830687522888
2008,8,13,-1.3375695943832397
2008,8,14,-1.5320667028427124
2008,8,15,-1.0641508102416992
2008,8,16,0.20627330243587494
2008,8,17,1.270735502243042
2008,8,18,1.421491265296936
2008,8,19,1.3195219039916992
2008,8,20,1.822232723236084
2008,8,21,2.1359446048736572
2008,8,22,1.625066876411438
2008,8,23,1.1352105140686035
2008,8,24,1.195210576057434
2008,8,25,1.523200273513794
2008,8,26,1.2279400825500488
2008,8,27,0.3955223560333252
2008,8,28,-0.038373395800590515
2008,8,29,0.01840493455529213
2008,8,30,0.15539979934692383
2008,8,31,-0.09365570545196533
2008,9,1,-0.11971641331911087
2008,9,2,0.721444308757782
2008,9,3,1.6946383714675903
2008,9,4,2.3108901977539062
2008,9,5,2.340481758117676
2008,9,6,2.026793956756592
2008,9,7,1.9415032863616943
2008,9,8,1.8423513174057007
2008,9,9,1.904955506324768
2008,9,10,1.5724177360534668
2008,9,11,1.1681606769561768
2008,9,12,0.7348566055297852
2008,9,13,0.5850423574447632
2008,9,14,0.5075080394744873
2008,9,15,0.771811306476593
2008,9,16,1.1120637655258179
2008,9,17,1.0558979511260986
2008,9,18,0.6713585257530212
2008,9,19,0.5959175229072571
2008,9,20,1.4968760013580322
2008,9,21,1.883591890335083
2008,9,22,1.6745127439498901
2008,9,23,1.7012463808059692
2008,9,24,2.188624382019043
2008,9,25,2.4545600414276123
2008,9,26,1.9948692321777344
2008,9,27,1.4852910041809082
2008,9,28,0.9878833889961243
2008,9,29,0.6093699932098389
2008,9,30,0.08903402835130692
2008,10,1,0.2418249100446701
2008,10,2,0.6284521222114563
2008,10,3,0.33425670862197876
2008,10,4,-0.05193605646491051
2008,10,5,0.27211305499076843
2008,10,6,0.9352847337722778
2008,10,7,1.3963019847869873
2008,10,8,1.9939837455749512
2008,10,9,2.4016575813293457
2008,10,10,2.052496910095215
2008,10,11,1.550564169883728
2008,10,12,1.448912262916565
2008,10,13,1.728714942932129
2008,10,14,2.139766216278076
2008,10,15,2.09956431388855
2008,10,16,1.735249400138855
2008,10,17,1.1480363607406616
2008,10,18,0.5589737296104431
2008,10,19,0.11236409097909927
2008,10,20,0.11092567443847656
2008,10,21,0.8719733357429504
2008,10,22,1.2103651762008667
2008,10,23,1.089124321937561
2008,10,24,0.9858641624450684
2008,10,25,1.2604118585586548
2008,10,26,1.5923330783843994
2008,10,27,1.6794757843017578
2008,10,28,1.4279087781906128
2008,10,29,1.1955074071884155
2008,10,30,1.1863113641738892
2008,10,31,0.8980433940887451
2008,11,1,0.4908798635005951
2008,11,2,0.05851387977600098
2008,11,3,-0.5164020657539368
2008,11,4,-1.2529608011245728
2008,11,5,-1.4109820127487183
2008,11,6,-1.040748119354248
2008,11,7,-0.10578206181526184
2008,11,8,0.4234728217124939
2008,11,9,0.8454814553260803
2008,11,10,1.7791564464569092
2008,11,11,2.1468467712402344
2008,11,12,1.5593467950820923
2008,11,13,0.7510533332824707
2008,11,14,0.3097178339958191
2008,11,15,0.5804241895675659
2008,11,16,0.7645871043205261
2008,11,17,0.41770604252815247
2008,11,18,0.3114822506904602
2008,11,19,1.078373908996582
2008,11,20,1.814002275466919
2008,11,21,1.8136111497879028
2008,11,22,1.5730617046356201
2008,11,23,1.4969310760498047
2008,11,24,1.6211683750152588
2008,11,25,1.4108936786651611
2008,11,26,1.2046501636505127
2008,11,27,1.7553266286849976
2008,11,28,2.2063353061676025
2008,11,29,2.199965000152588
2008,11,30,2.2423458099365234
2008,12,1,1.978975534439087
2008,12,2,1.9399256706237793
2008,12,3,2.2689878940582275
2008,12,4,2.1456246376037598
2008,12,5,1.86847984790802
2008,12,6,1.9033573865890503
2008,12,7,1.8434104919433594
2008,12,8,2.2287888526916504
2008,12,9,2.4659340381622314
2008,12,10,2.1705667972564697
2008,12,11,1.9402216672897339
2008,12,12,1.3816301822662354
2008,12,13,1.2674306631088257
2008,12,14,1.4054104089736938
2008,12,15,1.3232324123382568
2008,12,16,1.210939645767212
2008,12,17,0.9586727023124695
2008,12,18,0.7360029816627502
2008,12,19,0.872210681438446
2008,12,20,1.1981477737426758
2008,12,21,1.230336308479309
2008,12,22,1.0438990592956543
2008,12,23,0.7940923571586609
2008,12,24,0.30301493406295776
2008,12,25,-0.04319209232926369
2008,12,26,0.05378372222185135
2008,12,27,-0.09749250113964081
2008,12,28,-0.1533479392528534
2008,12,29,0.0712379664182663
2008,12,30,-0.13771353662014008
2008,12,31,-0.5670750737190247
2009,1,1,-0.4247337281703949
2009,1,2,0.16553999483585358
2009,1,3,0.5465908050537109
2009,1,4,0.9725988507270813
2009,1,5,0.8878965377807617
2009,1,6,0.3040003776550293
2009,1,7,0.31255099177360535
2009,1,8,0.6433230042457581
2009,1,9,1.0600509643554688
2009,1,10,1.4076985120773315
2009,1,11,1.5530167818069458
2009,1,12,1.5929038524627686
2009,1,13,1.4443942308425903
2009,1,14,1.4570338726043701
2009,1,15,1.362769365310669
2009,1,16,1.3342207670211792
2009,1,17,1.6344467401504517
2009,1,18,1.637060284614563
2009,1,19,1.333726167678833
2009,1,20,0.6493155360221863
2009,1,21,0.365948349237442
2009,1,22,0.6943121552467346
2009,1,23,0.9194731712341309
2009,1,24,1.3318537473678589
2009,1,25,1.5533679723739624
2009,1,26,1.2592211961746216
2009,1,27,0.9481328725814819
2009,1,28,0.895651638507843
2009,1,29,0.6504432559013367
2009,1,30,0.3563794493675232
2009,1,31,-0.15517108142375946
2009,2,1,-0.6925692558288574
2009,2,2,-1.0676662921905518
2009,2,3,-0.6277315020561218
2009,2,4,-0.07625842839479446
2009,2,5,0.46506983041763306
2009,2,6,1.0683051347732544
2009,2,7,0.9297273755073547
2009,2,8,0.30044272541999817
2009,2,9,-0.3956187069416046
2009,2,10,-0.5619487762451172
2009,2,11,-0.18103668093681335
2009,2,12,-0.05704125016927719
2009,2,13,0.3822718858718872
2009,2,14,1.219904899597168
2009,2,15,1.4888670444488525
2009,2,16,0.8303082585334778
2009,2,17,0.029630107805132866
2009,2,18,-0.17870910465717316
2009,2,19,-0.21506817638874054
2009,2,20,0.13371072709560394
2009,2,21,0.7686523199081421
2009,2,22,0.8656787872314453
2009,2,23,1.0995951890945435
2009,2,24,1.946581244468689
2009,2,25,1.9933712482452393
2009,2,26,1.3373076915740967
2009,2,27,0.9734419584274292
2009,2,28,0.4574923813343048
2009,3,1,0.2727895975112915
2009,3,2,0.5898571610450745
2009,3,3,1.0549226999282837
2009,3,4,2.007659912109375
2009,3,5,2.5959830284118652
2009,3,6,1.6233326196670532
2009,3,7,0.16972489655017853
2009,3,8,0.0019160544034093618
2009,3,9,0.4770916998386383
2009,3,10,0.9607128500938416
2009,3,11,0.8197148442268372
2009,3,12,0.41722530126571655
2009,3,13,0.6757588982582092
2009,3,14,1.3712798357009888
2009,3,15,2.409027576446533
2009,3,16,2.9245622158050537
2009,3,17,1.9745928049087524
2009,3,18,0.4394221603870392
2009,3,19,-0.801320493221283
2009,3,20,-1.0534749031066895
2009,3,21,-0.63051438331604
2009,3,22,-0.2855352759361267
2009,3,23,-0.400259405374527
2009,3,24,-0.5387123227119446
2009,3,25,-0.6561055779457092
2009,3,26,-0.43205568194389343
2009,3,27,-0.08616405725479126
2009,3,28,-0.15079481899738312
2009,3,29,0.20599821209907532
2009,3,30,0.6218763589859009
2009,3,31,0.8581148982048035
2009,4,1,0.8303524851799011
2009,4,2,0.3772570490837097
2009,4,3,0.0943516343832016
2009,4,4,-0.426303893327713
2009,4,5,-0.936843752861023
2009,4,6,-0.8625932335853577
2009,4,7,-0.3369382917881012
2009,4,8,0.24004724621772766
2009,4,9,0.7430229187011719
2009,4,10,1.0711160898208618
2009,4,11,1.0200001001358032
2009,4,12,0.4773465692996979
2009,4,13,0.028010519221425056
2009,4,14,0.35373565554618835
2009,4,15,0.6164878606796265
2009,4,16,0.1636492908000946
2009,4,17,-0.571992814540863
2009,4,18,-0.9613548517227173
2009,4,19,-1.235499382019043
2009,4,20,-0.8312824964523315
2009,4,21,0.1386645883321762
2009,4,22,0.3682437837123871
2009,4,23,0.25014376640319824
2009,4,24,0.12486052513122559
2009,4,25,0.20368054509162903
2009,4,26,0.28240951895713806
2009,4,27,0.34033480286598206
2009,4,28,0.07429433614015579
2009,4,29,-0.34269285202026367
2009,4,30,-0.523518443107605
2009,5,1,-0.5205240845680237
2009,5,2,0.058402691036462784
2009,5,3,0.2593696415424347
2009,5,4,-0.19167837500572205
2009,5,5,-1.2486960887908936
2009,5,6,-2.1980695724487305
2009,5,7,-2.2055819034576416
2009,5,8,-1.6065342426300049
2009,5,9,-1.4773797988891602
2009,5,10,-1.3546918630599976
2009,5,11,-0.7635611891746521
2009,5,12,-0.14659510552883148
2009,5,13,0.11005942523479462
2009,5,14,-0.41267743706703186
2009,5,15,-1.1507519483566284
2009,5,16,-1.6440460681915283
2009,5,17,-2.0148820877075195
2009,5,18,-1.7762901782989502
2009,5,19,-0.7582958936691284
2009,5,20,0.023126354441046715
2009,5,21,0.07521213591098785
2009,5,22,0.315654993057251
2009,5,23,0.5640450716018677
2009,5,24,-0.17829208076000214
2009,5,25,-0.6523101329803467
2009,5,26,-0.5601052045822144
2009,5,27,-0.7112460136413574
2009,5,28,-0.005725034512579441
2009,5,29,-0.047411415725946426
2009,5,30,-0.5913146138191223
2009,5,31,-1.1687568426132202
2009,6,1,-1.0749090909957886
2009,6,2,-0.6056594252586365
2009,6,3,-0.14167338609695435
2009,6,4,0.1402527242898941
2009,6,5,0.36246901750564575
2009,6,6,0.6957549452781677
2009,6,7,0.5931205749511719
2009,6,8,0.7837309837341309
2009,6,9,1.2149128913879395
2009,6,10,1.5874767303466797
2009,6,11,1.8189899921417236
2009,6,12,1.5070160627365112
2009,6,13,0.9471986293792725
2009,6,14,0.5177175402641296
2009,6,15,-0.3627282381057739
2009,6,16,-0.6860529780387878
2009,6,17,-0.24804776906967163
2009,6,18,0.021343762055039406
2009,6,19,-0.3548886477947235
2009,6,20,-0.45491036772727966
2009,6,21,-0.2456894963979721
2009,6,22,-0.3907344937324524
2009,6,23,-1.077651023864746
2009,6,24,-1.8050129413604736
2009,6,25,-2.339749574661255
2009,6,26,-2.455491065979004
2009,6,27,-2.774094343185425
2009,6,28,-3.235236644744873
2009,6,29,-3.0110909938812256
2009,6,30,-2.594477891921997
2009,7,1,-2.541175365447998
2009,7,2,-2.4887938499450684
2009,7,3,-2.0892035961151123
2009,7,4,-1.5137219429016113
2009,7,5,-1.708114743232727
2009,7,6,-2.379892587661743
2009,7,7,-2.572136640548706
2009,7,8,-2.3463780879974365
2009,7,9,-2.093113899230957
2009,7,10,-1.4362956285476685
2009,7,11,-1.806143045425415
2009,7,12,-1.8683258295059204
2009,7,13,-1.2223305702209473
2009,7,14,-0.7615599036216736
2009,7,15,-0.46216562390327454
2009,7,16,-0.19067715108394623
2009,7,17,0.6881728172302246
2009,7,18,0.8612641096115112
2009,7,19,0.15077123045921326
2009,7,20,-0.17066998779773712
2009,7,21,-0.23138079047203064
2009,7,22,0.20912806689739227
2009,7,23,0.3035443127155304
2009,7,24,-0.3037169873714447
2009,7,25,-1.3015069961547852
2009,7,26,-1.6207847595214844
2009,7,27,-1.8987455368041992
2009,7,28,-2.003110647201538
2009,7,29,-1.793041706085205
2009,7,30,-1.4354500770568848
2009,7,31,-0.9408534169197083
2009,8,1,-0.8703497648239136
2009,8,2,-0.7261648178100586
2009,8,3,-1.0051971673965454
2009,8,4,-1.467027187347412
2009,8,5,-1.6009578704833984
2009,8,6,-0.9057984948158264
2009,8,7,-0.22714106738567352
2009,8,8,0.05319376289844513
2009,8,9,0.39493846893310547
2009,8,10,0.8274391889572144
2009,8,11,0.1992846429347992
2009,8,12,-0.9144285321235657
2009,8,13,-1.5664725303649902
2009,8,14,-2.0299575328826904
2009,8,15,-2.1606838703155518
2009,8,16,-1.9312293529510498
2009,8,17,-1.8879421949386597
2009,8,18,-1.3203256130218506
2009,8,19,0.3864460587501526
2009,8,20,0.7045323252677917
2009,8,21,-0.08937200158834457
2009,8,22,-0.46658623218536377
2009,8,23,-0.3597506582736969
2009,8,24,-0.07749645411968231
2009,8,25,-0.037796080112457275
2009,8,26,-0.4639531672000885
2009,8,27,-0.3581738770008087
2009,8,28,0.03759799525141716
2009,8,29,-0.14903131127357483
2009,8,30,-0.8242310285568237
2009,8,31,-1.7324323654174805
2009,9,1,-2.0807251930236816
2009,9,2,-1.906790018081665
2009,9,3,-1.2939443588256836
2009,9,4,-0.2789749205112457
2009,9,5,0.03458705171942711
2009,9,6,0.09603798389434814
2009,9,7,0.6558972597122192
2009,9,8,1.2657849788665771
2009,9,9,1.4677540063858032
2009,9,10,1.578165888786316
2009,9,11,1.4883131980895996
2009,9,12,0.9539785385131836
2009,9,13,0.7632851004600525
2009,9,14,0.45717599987983704
2009,9,15,-0.09586251527070999
2009,9,16,-0.4929930865764618
2009,9,17,-0.6100970506668091
2009,9,18,-0.4652126133441925
2009,9,19,-0.47963565587997437
2009,9,20,-0.6813514828681946
2009,9,21,-1.0794737339019775
2009,9,22,-1.735282063484192
2009,9,23,-2.4137537479400635
2009,9,24,-2.4013214111328125
2009,9,25,-1.4050796031951904
2009,9,26,-0.05731843411922455
2009,9,27,1.381666660308838
2009,9,28,2.738232374191284
2009,9,29,2.5385334491729736
2009,9,30,1.5065547227859497
2009,10,1,0.5543248057365417
2009,10,2,0.13717785477638245
2009,10,3,-0.011678611859679222
2009,10,4,0.6461906433105469
2009,10,5,1.225703477859497
2009,10,6,1.7909657955169678
2009,10,7,1.7740849256515503
2009,10,8,1.1462916135787964
2009,10,9,0.9850966334342957
2009,10,10,0.3466205298900604
2009,10,11,-0.7914490699768066
2009,10,12,-1.7558043003082275
2009,10,13,-1.030393362045288
2009,10,14,-0.016199283301830292
2009,10,15,0.5278917551040649
2009,10,16,0.38863322138786316
2009,10,17,0.027314666658639908
2009,10,18,-0.10388549417257309
2009,10,19,-0.3003609776496887
2009,10,20,-0.6611484289169312
2009,10,21,-0.5891357660293579
2009,10,22,-0.4463704228401184
2009,10,23,-0.8743802309036255
2009,10,24,-1.1402666568756104
2009,10,25,-0.4485624134540558
2009,10,26,0.7551448345184326
2009,10,27,0.8218644857406616
2009,10,28,-0.44977882504463196
2009,10,29,-0.9422136545181274
2009,10,30,-0.06964027881622314
2009,10,31,0.96124267578125
2009,11,1,0.8289056420326233
2009,11,2,-0.2328723818063736
2009,11,3,-1.0230915546417236
2009,11,4,-1.023298740386963
2009,11,5,-1.3162187337875366
2009,11,6,-2.111656427383423
2009,11,7,-3.137979745864868
2009,11,8,-3.8883416652679443
2009,11,9,-3.7691004276275635
2009,11,10,-3.6244070529937744
2009,11,11,-3.6295149326324463
2009,11,12,-3.84833025932312
2009,11,13,-3.759282112121582
2009,11,14,-3.8871920108795166
2009,11,15,-3.508945941925049
2009,11,16,-3.249626874923706
2009,11,17,-3.408806800842285
2009,11,18,-3.501539468765259
2009,11,19,-2.3663418292999268
2009,11,20,-0.9271931648254395
2009,11,21,-0.38903698325157166
2009,11,22,-0.07246574014425278
2009,11,23,0.43707677721977234
2009,11,24,0.5412506461143494
2009,11,25,0.3804604411125183
2009,11,26,-0.2956840395927429
2009,11,27,-1.2592976093292236
2009,11,28,-1.3687129020690918
2009,11,29,-1.1021842956542969
2009,11,30,-0.955060601234436
2009,12,1,-0.7815379500389099
2009,12,2,-0.07550440728664398
2009,12,3,0.44021105766296387
2009,12,4,0.5479031801223755
2009,12,5,0.26527249813079834
2009,12,6,-0.2277795672416687
2009,12,7,0.028034677729010582
2009,12,8,0.0580337718129158
2009,12,9,0.48744699358940125
2009,12,10,0.8607199192047119
2009,12,11,0.8839532732963562
2009,12,12,0.7461652755737305
2009,12,13,0.7231070399284363
2009,12,14,0.7577661871910095
2009,12,15,0.632171630859375
2009,12,16,1.0509731769561768
2009,12,17,1.7920087575912476
2009,12,18,2.1762731075286865
2009,12,19,2.161271333694458
2009,12,20,1.6625078916549683
2009,12,21,1.0262640714645386
2009,12,22,0.7109747529029846
2009,12,23,0.7841517925262451
2009,12,24,0.5509718060493469
2009,12,25,0.6723175048828125
2009,12,26,0.8143141269683838
2009,12,27,0.5676615834236145
2009,12,28,0.32017195224761963
2009,12,29,0.03817617520689964
2009,12,30,-0.5501154065132141
2009,12,31,-1.0628666877746582
2010,1,1,-1.3912227153778076
2010,1,2,-1.645572543144226
2010,1,3,-1.7220585346221924
2010,1,4,-1.7910269498825073
2010,1,5,-1.7108604907989502
2010,1,6,-1.5854746103286743
2010,1,7,-1.620501160621643
2010,1,8,-1.4947558641433716
2010,1,9,-1.6458109617233276
2010,1,10,-1.5286444425582886
2010,1,11,-0.9175625443458557
2010,1,12,-0.6835008859634399
2010,1,13,-0.3445473909378052
2010,1,14,0.1035652756690979
2010,1,15,0.3467825949192047
2010,1,16,0.45494344830513
2010,1,17,0.5824719667434692
2010,1,18,0.5429162383079529
2010,1,19,0.2381349503993988
2010,1,20,-0.04214640334248543
2010,1,21,-0.43157950043678284
2010,1,22,-0.8125370144844055
2010,1,23,-0.7307083606719971
2010,1,24,-0.6342582702636719
2010,1,25,-0.5112972855567932
2010,1,26,-0.2731863260269165
2010,1,27,-0.39317044615745544
2010,1,28,-0.6769124269485474
2010,1,29,-0.7081184387207031
2010,1,30,-0.7459654211997986
2010,1,31,-0.927638053894043
2010,2,1,-1.1160706281661987
2010,2,2,-1.1051744222640991
2010,2,3,-0.5058504343032837
2010,2,4,-1.1104782819747925
2010,2,5,-1.7575690746307373
2010,2,6,-1.7091339826583862
2010,2,7,-1.2047119140625
2010,2,8,-0.9576297402381897
2010,2,9,-1.4015984535217285
2010,2,10,-1.9292995929718018
2010,2,11,-2.0741565227508545
2010,2,12,-1.8428672552108765
2010,2,13,-1.8617874383926392
2010,2,14,-1.863210678100586
2010,2,15,-1.7041207551956177
2010,2,16,-1.5503277778625488
2010,2,17,-1.1978639364242554
2010,2,18,-0.8081609010696411
2010,2,19,-0.7698981165885925
2010,2,20,-0.39328765869140625
2010,2,21,0.1394272893667221
2010,2,22,0.4126213788986206
2010,2,23,0.5289462804794312
2010,2,24,0.41058096289634705
2010,2,25,0.5842956900596619
2010,2,26,1.2469383478164673
2010,2,27,1.4021862745285034
2010,2,28,1.139817237854004
2010,3,1,0.5651723742485046
2010,3,2,-0.20953039824962616
2010,3,3,-0.7591085433959961
2010,3,4,-0.34539613127708435
2010,3,5,1.1401127576828003
2010,3,6,2.647991895675659
2010,3,7,3.335925340652466
2010,3,8,3.1563515663146973
2010,3,9,2.158273696899414
2010,3,10,0.7784498929977417
2010,3,11,-0.22634080052375793
2010,3,12,-0.9928247928619385
2010,3,13,-2.0297253131866455
2010,3,14,-2.355583906173706
2010,3,15,-2.2698123455047607
2010,3,16,-2.030672550201416
2010,3,17,-1.511044979095459
2010,3,18,-1.2471516132354736
2010,3,19,-0.8767410516738892
2010,3,20,-0.015039809979498386
2010,3,21,0.7537744045257568
2010,3,22,0.692196786403656
2010,3,23,0.4021759033203125
2010,3,24,-0.030338164418935776
2010,3,25,-0.18003883957862854
2010,3,26,-0.10868682712316513
2010,3,27,0.13354673981666565
2010,3,28,0.032968662679195404
2010,3,29,0.3691462576389313
2010,3,30,0.9712598919868469
2010,3,31,1.1467634439468384
2010,4,1,0.628516674041748
2010,4,2,0.27373820543289185
2010,4,3,0.4475139081478119
2010,4,4,1.0818203687667847
2010,4,5,0.693393349647522
2010,4,6,-0.18731467425823212
2010,4,7,0.19114801287651062
2010,4,8,0.9464333653450012
2010,4,9,0.9113537669181824
2010,4,10,0.925695538520813
2010,4,11,1.6704015731811523
2010,4,12,2.1994686126708984
2010,4,13,1.8969292640686035
2010,4,14,0.8222321271896362
2010,4,15,-0.27576586604118347
2010,4,16,-0.7967720627784729
2010,4,17,-0.954673707485199
2010,4,18,-1.2324482202529907
2010,4,19,-1.6798784732818604
2010,4,20,-1.7108495235443115
2010,4,21,-1.31105375289917
2010,4,22,-0.1853702962398529
2010,4,23,0.7543538212776184
2010,4,24,0.9119383096694946
2010,4,25,1.292786955833435
2010,4,26,1.697488784790039
2010,4,27,1.0273559093475342
2010,4,28,0.3021068871021271
2010,4,29,0.2988276481628418
2010,4,30,0.20228612422943115
2010,5,1,-0.25562313199043274
2010,5,2,-0.5579143166542053
2010,5,3,-0.5177170634269714
2010,5,4,-0.5694097876548767
2010,5,5,-0.6634223461151123
2010,5,6,-1.0836652517318726
2010,5,7,-1.4689631462097168
2010,5,8,-1.3683886528015137
2010,5,9,-1.2340079545974731
2010,5,10,-0.816008985042572
2010,5,11,-0.6011935472488403
2010,5,12,-0.568875789642334
2010,5,13,-0.14757026731967926
2010,5,14,0.3904935121536255
2010,5,15,1.1116524934768677
2010,5,16,2.471583843231201
2010,5,17,2.8507678508758545
2010,5,18,2.250537395477295
2010,5,19,2.4294540882110596
2010,5,20,2.739037036895752
2010,5,21,2.8472001552581787
2010,5,22,2.8085999488830566
2010,5,23,2.301121234893799
2010,5,24,1.6672677993774414
2010,5,25,1.494662880897522
2010,5,26,1.8132905960083008
2010,5,27,2.279599189758301
2010,5,28,2.273561477661133
2010,5,29,2.526174783706665
2010,5,30,2.792975664138794
2010,5,31,3.2449381351470947
2010,6,1,3.349057912826538
2010,6,2,3.3413968086242676
2010,6,3,2.9970200061798096
2010,6,4,2.837174892425537
2010,6,5,2.601222515106201
2010,6,6,2.283572196960449
2010,6,7,2.220106840133667
2010,6,8,2.3188345432281494
2010,6,9,2.308316230773926
2010,6,10,1.9035191535949707
2010,6,11,1.4855363368988037
2010,6,12,1.3193223476409912
2010,6,13,1.1960055828094482
2010,6,14,1.4425479173660278
2010,6,15,1.3281110525131226
2010,6,16,0.8964945673942566
2010,6,17,0.4054224193096161
2010,6,18,0.4248030185699463
2010,6,19,1.0175771713256836
2010,6,20,1.574015736579895
2010,6,21,2.123387098312378
2010,6,22,2.4982614517211914
2010,6,23,2.5870375633239746
2010,6,24,2.6611509323120117
2010,6,25,2.404343366622925
2010,6,26,1.9933921098709106
2010,6,27,1.9854429960250854
2010,6,28,2.1741104125976562
2010,6,29,2.029064893722534
2010,6,30,2.1141064167022705
2010,7,1,2.0365819931030273
2010,7,2,2.3153645992279053
2010,7,3,2.8794233798980713
2010,7,4,3.3908870220184326
2010,7,5,3.0715956687927246
2010,7,6,2.3732032775878906
2010,7,7,1.798575758934021
2010,7,8,1.7165577411651611
2010,7,9,1.3701413869857788
2010,7,10,1.5397082567214966
2010,7,11,1.7429742813110352
2010,7,12,1.6067595481872559
2010,7,13,0.8553575277328491
2010,7,14,1.2582451105117798
2010,7,15,2.345303773880005
2010,7,16,2.9003074169158936
2010,7,17,3.1165993213653564
2010,7,18,2.9052746295928955
2010,7,19,3.2762701511383057
2010,7,20,3.9036710262298584
2010,7,21,4.037256240844727
2010,7,22,3.634777069091797
2010,7,23,3.9847514629364014
2010,7,24,4.15887451171875
2010,7,25,3.2953433990478516
2010,7,26,2.2799408435821533
2010,7,27,1.6399515867233276
2010,7,28,0.8707193732261658
2010,7,29,0.6742536425590515
2010,7,30,0.7742392420768738
2010,7,31,0.6125459671020508
2010,8,1,1.4392551183700562
2010,8,2,2.5181803703308105
2010,8,3,2.8346340656280518
2010,8,4,2.5816171169281006
2010,8,5,1.957632303237915
2010,8,6,1.2139936685562134
2010,8,7,1.2488199472427368
2010,8,8,1.8781249523162842
2010,8,9,1.9155396223068237
2010,8,10,2.30790376663208
2010,8,11,2.630706787109375
2010,8,12,2.9356818199157715
2010,8,13,2.7683444023132324
2010,8,14,2.239096164703369
2010,8,15,2.1119494438171387
2010,8,16,1.7570445537567139
2010,8,17,1.7671656608581543
2010,8,18,2.05964994430542
2010,8,19,2.0924789905548096
2010,8,20,1.7129015922546387
2010,8,21,1.4976298809051514
2010,8,22,0.7865177989006042
2010,8,23,0.3542632460594177
2010,8,24,0.14746740460395813
2010,8,25,-0.6025621294975281
2010,8,26,-1.0825871229171753
2010,8,27,-1.0110231637954712
2010,8,28,-0.34697166085243225
2010,8,29,0.5989609956741333
2010,8,30,1.0231425762176514
2010,8,31,1.7224950790405273
2010,9,1,2.0864267349243164
2010,9,2,1.8970162868499756
2010,9,3,0.7334784865379333
2010,9,4,0.008413325063884258
2010,9,5,0.4277484714984894
2010,9,6,1.6998391151428223
2010,9,7,1.5206282138824463
2010,9,8,2.11905837059021
2010,9,9,2.289449453353882
2010,9,10,1.6070888042449951
2010,9,11,1.4492688179016113
2010,9,12,1.8338040113449097
2010,9,13,1.2949615716934204
2010,9,14,0.2331787794828415
2010,9,15,-0.26528459787368774
2010,9,16,-0.4139691889286041
2010,9,17,-0.8018841743469238
2010,9,18,-0.49793297052383423
2010,9,19,0.4001320004463196
2010,9,20,-0.13289934396743774
2010,9,21,-1.0777651071548462
2010,9,22,-1.6237550973892212
2010,9,23,-1.577756404876709
2010,9,24,-1.198182463645935
2010,9,25,-0.6744338274002075
2010,9,26,-0.817290186882019
2010,9,27,-1.0250104665756226
2010,9,28,-0.36188894510269165
2010,9,29,0.7938500046730042
2010,9,30,1.6216471195220947
2010,10,1,1.4518024921417236
2010,10,2,1.5244823694229126
2010,10,3,1.5788434743881226
2010,10,4,1.277095913887024
2010,10,5,0.502280056476593
2010,10,6,-0.1845807433128357
2010,10,7,-0.6424968242645264
2010,10,8,-0.3254835903644562
2010,10,9,0.49053192138671875
2010,10,10,1.2319461107254028
2010,10,11,2.1216676235198975
2010,10,12,2.309995174407959
2010,10,13,1.6283384561538696
2010,10,14,1.181032419204712
2010,10,15,1.2409759759902954
2010,10,16,1.6306995153427124
2010,10,17,1.4911787509918213
2010,10,18,1.3443896770477295
2010,10,19,1.1485085487365723
2010,10,20,0.7055082321166992
2010,10,21,0.8897385001182556
2010,10,22,1.3591989278793335
2010,10,23,1.8308991193771362
2010,10,24,1.8869463205337524
2010,10,25,1.8737664222717285
2010,10,26,1.5385971069335938
2010,10,27,1.2186084985733032
2010,10,28,1.164918303489685
2010,10,29,1.5907070636749268
2010,10,30,2.3158199787139893
2010,10,31,2.44706392288208
2010,11,1,2.003375768661499
2010,11,2,1.2376378774642944
2010,11,3,0.3408290147781372
2010,11,4,-0.3890433609485626
2010,11,5,-0.32059699296951294
2010,11,6,0.0021410442423075438
2010,11,7,-0.5439631342887878
2010,11,8,-0.5326099991798401
2010,11,9,0.33494284749031067
2010,11,10,0.9776657819747925
2010,11,11,1.2476012706756592
2010,11,12,1.5948936939239502
2010,11,13,1.9509060382843018
2010,11,14,2.1434643268585205
2010,11,15,2.429253101348877
2010,11,16,2.287416934967041
2010,11,17,1.7854372262954712
2010,11,18,1.6156030893325806
2010,11,19,2.1078715324401855
2010,11,20,2.1243674755096436
2010,11,21,1.9182004928588867
2010,11,22,1.9891408681869507
2010,11,23,2.3593950271606445
2010,11,24,2.291738986968994
2010,11,25,2.0732009410858154
2010,11,26,2.0280532836914062
2010,11,27,1.919594168663025
2010,11,28,2.1596670150756836
2010,11,29,2.387004852294922
2010,11,30,2.2623376846313477
2010,12,1,1.919824481010437
2010,12,2,1.6092503070831299
2010,12,3,1.172064185142517
2010,12,4,1.0142693519592285
2010,12,5,0.6613273620605469
2010,12,6,0.007655338849872351
2010,12,7,-1.0234098434448242
2010,12,8,-1.7068285942077637
2010,12,9,-1.4938998222351074
2010,12,10,-1.1957029104232788
2010,12,11,-0.6814640760421753
2010,12,12,-0.48158374428749084
2010,12,13,-0.5909109115600586
2010,12,14,-0.6824276447296143
2010,12,15,-0.8749141693115234
2010,12,16,-0.45061689615249634
2010,12,17,0.30018821358680725
2010,12,18,1.0856233835220337
2010,12,19,1.6509929895401
2010,12,20,1.7467474937438965
2010,12,21,1.4530941247940063
2010,12,22,0.9574510455131531
2010,12,23,0.5166919231414795
2010,12,24,0.12074616551399231
2010,12,25,-0.4136336147785187
2010,12,26,-0.39144814014434814
2010,12,27,-0.1379610300064087
2010,12,28,-0.03258704021573067
2010,12,29,0.5068343877792358
2010,12,30,0.789989709854126
2010,12,31,0.7074844241142273
2011,1,1,0.4279745817184448
2011,1,2,0.23497650027275085
2011,1,3,0.4795818328857422
2011,1,4,1.0138108730316162
2011,1,5,1.4219602346420288
2011,1,6,0.9438957571983337
2011,1,7,0.3761884570121765
2011,1,8,0.34602296352386475
2011,1,9,0.5504538416862488
2011,1,10,0.4636436998844147
2011,1,11,0.2139793336391449
2011,1,12,0.2448427826166153
2011,1,13,-0.29504454135894775
2011,1,14,-1.0183169841766357
2011,1,15,-1.3057794570922852
2011,1,16,-1.3710997104644775
2011,1,17,-1.584713101387024
2011,1,18,-1.4864988327026367
2011,1,19,-1.214457631111145
2011,1,20,-0.8844790458679199
2011,1,21,-0.13145534694194794
2011,1,22,0.8393716216087341
2011,1,23,0.8493891358375549
2011,1,24,0.4488772749900818
2011,1,25,0.21867957711219788
2011,1,26,0.24827207624912262
2011,1,27,0.2384714037179947
2011,1,28,0.39539897441864014
2011,1,29,0.3333950638771057
2011,1,30,0.1353207528591156
2011,1,31,0.3553134500980377
2011,2,1,0.5318045616149902
2011,2,2,0.8357198238372803
2011,2,3,0.35091814398765564
2011,2,4,0.5182658433914185
2011,2,5,1.1271783113479614
2011,2,6,1.1345977783203125
2011,2,7,1.1045246124267578
2011,2,8,1.0620832443237305
2011,2,9,1.0878493785858154
2011,2,10,1.6571751832962036
2011,2,11,1.3777883052825928
2011,2,12,0.7063539028167725
2011,2,13,0.4933895766735077
2011,2,14,0.5122412443161011
2011,2,15,0.6602615714073181
2011,2,16,1.0841914415359497
2011,2,17,1.6109704971313477
2011,2,18,1.645465612411499
2011,2,19,1.2637925148010254
2011,2,20,0.862891674041748
2011,2,21,0.4440336525440216
2011,2,22,0.452851265668869
2011,2,23,1.0443429946899414
2011,2,24,1.8656625747680664
2011,2,25,2.0654335021972656
2011,2,26,1.5570404529571533
2011,2,27,1.0624170303344727
2011,2,28,0.8018009662628174
2011,3,1,0.40516239404678345
2011,3,2,0.08866304159164429
2011,3,3,0.6659470796585083
2011,3,4,1.2249951362609863
2011,3,5,1.3561099767684937
2011,3,6,0.9690424203872681
2011,3,7,0.7552436590194702
2011,3,8,0.061017077416181564
2011,3,9,-0.4869031608104706
2011,3,10,-0.0028494608122855425
2011,3,11,0.8496083617210388
2011,3,12,1.0253233909606934
2011,3,13,1.094773530960083
2011,3,14,1.130994439125061
2011,3,15,1.1334292888641357
2011,3,16,0.580464780330658
2011,3,17,-0.04491430148482323
2011,3,18,-0.4550986588001251
2011,3,19,-0.6467056274414062
2011,3,20,-0.36729732155799866
2011,3,21,-0.509598970413208
2011,3,22,-1.2216863632202148
2011,3,23,-1.6049776077270508
2011,3,24,-2.036062479019165
2011,3,25,-1.9204256534576416
2011,3,26,-1.678209662437439
2011,3,27,-1.6143096685409546
2011,3,28,-1.608046531677246
2011,3,29,-1.4779071807861328
2011,3,30,-1.3033463954925537
2011,3,31,-1.5497910976409912
2011,4,1,-1.338303565979004
2011,4,2,-1.639685869216919
2011,4,3,-1.876158356666565
2011,4,4,-1.7354285717010498
2011,4,5,-1.8915902376174927
2011,4,6,-2.0165464878082275
2011,4,7,-1.575520634651184
2011,4,8,-0.47461986541748047
2011,4,9,-0.007102017756551504
2011,4,10,-0.6255072951316833
2011,4,11,-1.293871521949768
2011,4,12,-1.7237277030944824
2011,4,13,-1.8039392232894897
2011,4,14,-1.5168704986572266
2011,4,15,-0.9476998448371887
2011,4,16,-0.13518738746643066
2011,4,17,0.5479322671890259
2011,4,18,0.27261078357696533
2011,4,19,-0.4869193732738495
2011,4,20,-0.9196573495864868
2011,4,21,-0.6196134686470032
2011,4,22,-0.624731719493866
2011,4,23,-1.187920093536377
2011,4,24,-1.2469149827957153
2011,4,25,-0.7965865731239319
2011,4,26,0.13913631439208984
2011,4,27,0.44069546461105347
2011,4,28,0.09352123737335205
2011,4,29,-0.16254213452339172
2011,4,30,-0.08727988600730896
2011,5,1,0.4162161350250244
2011,5,2,0.8857847452163696
2011,5,3,0.9578773975372314
2011,5,4,0.3223930895328522
2011,5,5,0.23118956387043
2011,5,6,0.8749198913574219
2011,5,7,0.8998356461524963
2011,5,8,1.243825078010559
2011,5,9,1.610672116279602
2011,5,10,1.2179226875305176
2011,5,11,0.8336184620857239
2011,5,12,0.9315766096115112
2011,5,13,0.9225349426269531
2011,5,14,0.7827035188674927
2011,5,15,0.47911834716796875
2011,5,16,-0.08297128230333328
2011,5,17,0.1381824016571045
2011,5,18,1.043164610862732
2011,5,19,1.4729832410812378
2011,5,20,1.4421319961547852
2011,5,21,2.120758056640625
2011,5,22,2.911041259765625
2011,5,23,3.020827054977417
2011,5,24,2.668224334716797
2011,5,25,2.4097628593444824
2011,5,26,2.3864331245422363
2011,5,27,2.224733352661133
2011,5,28,1.87180495262146
2011,5,29,1.1315616369247437
2011,5,30,0.40144649147987366
2011,5,31,-0.016764994710683823
2011,6,1,0.1030622124671936
2011,6,2,0.3307221233844757
2011,6,3,0.36184924840927124
2011,6,4,0.3629223704338074
2011,6,5,0.8482741117477417
2011,6,6,0.8556896448135376
2011,6,7,0.7830148339271545
2011,6,8,0.8275299668312073
2011,6,9,0.7799529433250427
2011,6,10,0.8830702900886536
2011,6,11,1.027327060699463
2011,6,12,1.203109622001648
2011,6,13,0.7654191851615906
2011,6,14,-0.14789819717407227
2011,6,15,-1.0093028545379639
2011,6,16,-2.242567300796509
2011,6,17,-2.6072349548339844
2011,6,18,-2.6143741607666016
2011,6,19,-2.492156982421875
2011,6,20,-1.6933834552764893
2011,6,21,-0.4587837755680084
2011,6,22,0.15470699965953827
2011,6,23,-0.04210348799824715
2011,6,24,-0.22450578212738037
2011,6,25,0.14958970248699188
2011,6,26,0.566978931427002
2011,6,27,0.47025352716445923
2011,6,28,-0.02081148885190487
2011,6,29,0.16045452654361725
2011,6,30,-0.018025429919362068
2011,7,1,-0.052332982420921326
2011,7,2,0.7421867847442627
2011,7,3,1.8515015840530396
2011,7,4,2.177706003189087
2011,7,5,1.741055965423584
2011,7,6,0.6204413771629333
2011,7,7,-0.23670992255210876
2011,7,8,-0.8410024046897888
2011,7,9,-2.134613513946533
2011,7,10,-2.440866231918335
2011,7,11,-1.914319634437561
2011,7,12,-1.3916714191436768
2011,7,13,-1.2417609691619873
2011,7,14,-0.8588941693305969
2011,7,15,-0.9206168055534363
2011,7,16,-1.0574193000793457
2011,7,17,-0.8160552978515625
2011,7,18,-0.5621094107627869
2011,7,19,-0.7907634377479553
2011,7,20,-1.3900362253189087
2011,7,21,-1.7913912534713745
2011,7,22,-1.7381986379623413
2011,7,23,-1.5579441785812378
2011,7,24,-1.922247052192688
2011,7,25,-2.0050690174102783
2011,7,26,-2.3880374431610107
2011,7,27,-3.114176034927368
2011,7,28,-4.1244120597839355
2011,7,29,-4.727965831756592
2011,7,30,-4.49726676940918
2011,7,31,-4.067351818084717
2011,8,1,-4.2525835037231445
2011,8,2,-4.324845314025879
2011,8,3,-3.8675639629364014
2011,8,4,-3.2025153636932373
2011,8,5,-2.110288619995117
2011,8,6,-1.1527624130249023
2011,8,7,-0.8408743143081665
2011,8,8,-1.5301138162612915
2011,8,9,-2.2284860610961914
2011,8,10,-2.122542381286621
2011,8,11,-1.4529318809509277
2011,8,12,-1.4916391372680664
2011,8,13,-2.3025012016296387
2011,8,14,-3.226979970932007
2011,8,15,-3.218895196914673
2011,8,16,-2.2768449783325195
2011,8,17,-1.1907455921173096
2011,8,18,-0.9536029100418091
2011,8,19,-0.6504592299461365
2011,8,20,0.009587361477315426
2011,8,21,0.3519095480442047
2011,8,22,0.8966753482818604
2011,8,23,1.6015253067016602
2011,8,24,1.572986125946045
2011,8,25,1.3644993305206299
2011,8,26,1.3996890783309937
2011,8,27,1.231410264968872
2011,8,28,0.3612667918205261
2011,8,29,-0.3671475350856781
2011,8,30,-0.9948429465293884
2011,8,31,-1.034031867980957
2011,9,1,-0.9443366527557373
2011,9,2,-1.2408180236816406
2011,9,3,-1.7277876138687134
2011,9,4,-1.8339563608169556
2011,9,5,-1.4719215631484985
2011,9,6,-0.8373253345489502
2011,9,7,-0.49378153681755066
2011,9,8,-0.6572374105453491
2011,9,9,-0.43094274401664734
2011,9,10,-0.6414464116096497
2011,9,11,-1.037126898765564
2011,9,12,-1.6094605922698975
2011,9,13,-2.009500026702881
2011,9,14,-2.2843282222747803
2011,9,15,-2.3893322944641113
2011,9,16,-2.4940719604492188
2011,9,17,-2.1737141609191895
2011,9,18,-1.815556526184082
2011,9,19,-1.8180270195007324
2011,9,20,-1.4427741765975952
2011,9,21,-1.015714406967163
2011,9,22,-0.2892027497291565
2011,9,23,0.024363722652196884
2011,9,24,0.0956077054142952
2011,9,25,0.4812949299812317
2011,9,26,0.04033113643527031
2011,9,27,-0.9526464939117432
2011,9,28,-1.5975033044815063
2011,9,29,-1.8856436014175415
2011,9,30,-1.7777413129806519
2011,10,1,-1.4405454397201538
2011,10,2,-1.0751570463180542
2011,10,3,-1.1747829914093018
2011,10,4,-1.2691813707351685
2011,10,5,-1.6020017862319946
2011,10,6,-1.6412110328674316
2011,10,7,-1.229573369026184
2011,10,8,-0.8608430027961731
2011,10,9,-0.44628414511680603
2011,10,10,-0.2848602533340454
2011,10,11,0.05698562040925026
2011,10,12,0.7449126243591309
2011,10,13,1.229107141494751
2011,10,14,1.3610374927520752
2011,10,15,1.1816654205322266
2011,10,16,1.0400688648223877
2011,10,17,1.2041118144989014
2011,10,18,1.7314585447311401
2011,10,19,1.8398356437683105
2011,10,20,1.4966299533843994
2011,10,21,1.3113453388214111
2011,10,22,1.2659847736358643
2011,10,23,1.9568560123443604
2011,10,24,2.119844436645508
2011,10,25,1.6048924922943115
2011,10,26,1.2173874378204346
2011,10,27,0.6501043438911438
2011,10,28,0.32352808117866516
2011,10,29,0.2280062735080719
2011,10,30,0.16977500915527344
2011,10,31,-0.18269531428813934
2011,11,1,-0.6143064498901367
2011,11,2,-1.8123273849487305
2011,11,3,-3.304353952407837
2011,11,4,-3.8080098628997803
2011,11,5,-3.452432870864868
2011,11,6,-3.079873561859131
2011,11,7,-2.4938886165618896
2011,11,8,-1.6245238780975342
2011,11,9,-0.8562502861022949
2011,11,10,-0.2381889373064041
2011,11,11,0.33362528681755066
2011,11,12,0.3862850069999695
2011,11,13,-0.15082797408103943
2011,11,14,-0.9281445145606995
2011,11,15,-1.6351895332336426
2011,11,16,-1.8930491209030151
2011,11,17,-1.944516658782959
2011,11,18,-1.8617388010025024
2011,11,19,-1.6839104890823364
2011,11,20,-1.3043479919433594
2011,11,21,-0.8923839926719666
2011,11,22,-0.1350267082452774
2011,11,23,0.8587047457695007
2011,11,24,0.6288369297981262
2011,11,25,-0.2777601182460785
2011,11,26,-0.3780311048030853
2011,11,27,0.06447382271289825
2011,11,28,1.2054121494293213
2011,11,29,1.9930766820907593
2011,11,30,2.573237895965576
2011,12,1,3.185037851333618
2011,12,2,2.8306632041931152
2011,12,3,2.4661614894866943
2011,12,4,2.6600780487060547
2011,12,5,3.1819865703582764
2011,12,6,3.523545742034912
2011,12,7,3.415417194366455
2011,12,8,3.405421733856201
2011,12,9,4.003328323364258
2011,12,10,3.7943153381347656
2011,12,11,3.420323133468628
2011,12,12,3.3796887397766113
2011,12,13,3.473886013031006
2011,12,14,3.3250234127044678
2011,12,15,2.488391637802124
2011,12,16,1.7679411172866821
2011,12,17,1.0681843757629395
2011,12,18,0.48607560992240906
2011,12,19,0.721538245677948
2011,12,20,1.3362324237823486
2011,12,21,1.6906273365020752
2011,12,22,2.167506217956543
2011,12,23,2.1541755199432373
2011,12,24,2.1292061805725098
2011,12,25,2.4064974784851074
2011,12,26,2.226984977722168
2011,12,27,1.8380171060562134
2011,12,28,1.9303052425384521
2011,12,29,2.166985511779785
2011,12,30,2.249891757965088
2011,12,31,1.949549674987793
2012,1,1,1.442037582397461
2012,1,2,1.0506538152694702
2012,1,3,1.2235126495361328
2012,1,4,1.5021395683288574
2012,1,5,1.5853607654571533
2012,1,6,1.7924926280975342
2012,1,7,1.869722604751587
2012,1,8,1.5830559730529785
2012,1,9,1.1754313707351685
2012,1,10,1.0937047004699707
2012,1,11,1.576211929321289
2012,1,12,2.171365976333618
2012,1,13,2.1210718154907227
2012,1,14,2.2907495498657227
2012,1,15,2.2859749794006348
2012,1,16,2.2005107402801514
2012,1,17,2.232452392578125
2012,1,18,1.9315595626831055
2012,1,19,1.5419635772705078
2012,1,20,1.3629324436187744
2012,1,21,1.0857210159301758
2012,1,22,1.186092495918274
2012,1,23,1.401850938796997
2012,1,24,1.5400562286376953
2012,1,25,1.3225951194763184
2012,1,26,1.118025302886963
2012,1,27,1.1257638931274414
2012,1,28,0.785845160484314
2012,1,29,1.0220004320144653
2012,1,30,1.115699291229248
2012,1,31,1.5104804039001465
2012,2,1,1.7631456851959229
2012,2,2,1.806517481803894
2012,2,3,2.251246929168701
2012,2,4,2.0076749324798584
2012,2,5,1.1101469993591309
2012,2,6,0.4925837516784668
2012,2,7,0.5368108153343201
2012,2,8,0.484730988740921
2012,2,9,0.5030738711357117
2012,2,10,0.7834852337837219
2012,2,11,0.7519965171813965
2012,2,12,-0.3557468056678772
2012,2,13,-1.4480245113372803
2012,2,14,-1.4316235780715942
2012,2,15,-1.2751964330673218
2012,2,16,-1.325265645980835
2012,2,17,-1.6060097217559814
2012,2,18,-1.7146624326705933
2012,2,19,-1.7470614910125732
2012,2,20,-1.318657636642456
2012,2,21,-1.0179855823516846
2012,2,22,-0.817340075969696
2012,2,23,-0.7629367113113403
2012,2,24,-1.5433871746063232
2012,2,25,-1.921116828918457
2012,2,26,-1.3060998916625977
2012,2,27,-0.47499513626098633
2012,2,28,-0.1373620629310608
2012,2,29,0.0013737750705331564
2012,3,1,-0.1512344628572464
2012,3,2,-0.5830838084220886
2012,3,3,-1.101784586906433
2012,3,4,-0.9805086851119995
2012,3,5,0.0007015365990810096
2012,3,6,0.5560443997383118
2012,3,7,1.0293220281600952
2012,3,8,1.0507885217666626
2012,3,9,0.48390352725982666
2012,3,10,0.31854474544525146
2012,3,11,0.21540653705596924
2012,3,12,0.00886163953691721
2012,3,13,0.12454026192426682
2012,3,14,0.738070547580719
2012,3,15,0.6795464754104614
2012,3,16,0.26366502046585083
2012,3,17,0.07949759066104889
2012,3,18,0.28519389033317566
2012,3,19,0.8203160762786865
2012,3,20,0.8782052993774414
2012,3,21,0.4671691060066223
2012,3,22,-0.28864356875419617
2012,3,23,-0.6269852519035339
2012,3,24,-0.530164897441864
2012,3,25,-0.16245624423027039
2012,3,26,0.8215015530586243
2012,3,27,1.5016233921051025
2012,3,28,1.3224117755889893
2012,3,29,0.9333536624908447
2012,3,30,0.4027583599090576
2012,3,31,-0.4207613170146942
2012,4,1,-0.6330424547195435
2012,4,2,-0.8770014643669128
2012,4,3,-1.064921498298645
2012,4,4,-0.9217620491981506
2012,4,5,-0.41294288635253906
2012,4,6,-0.24602533876895905
2012,4,7,-0.9905655384063721
2012,4,8,-1.0582846403121948
2012,4,9,-0.11102882772684097
2012,4,10,1.1174814701080322
2012,4,11,2.017885446548462
2012,4,12,2.2246627807617188
2012,4,13,1.8917505741119385
2012,4,14,1.6783576011657715
2012,4,15,1.1891852617263794
2012,4,16,0.6757674217224121
2012,4,17,0.8680352568626404
2012,4,18,0.9936043620109558
2012,4,19,1.2831772565841675
2012,4,20,1.4185463190078735
2012,4,21,1.5059360265731812
2012,4,22,1.5544720888137817
2012,4,23,2.014840602874756
2012,4,24,2.661095380783081
2012,4,25,2.2208054065704346
2012,4,26,1.3112423419952393
2012,4,27,0.38489314913749695
2012,4,28,-0.19702216982841492
2012,4,29,-0.3813277781009674
2012,4,30,-0.939419686794281
2012,5,1,-0.44165316224098206
2012,5,2,0.3986032009124756
2012,5,3,0.9652650952339172
2012,5,4,1.3232470750808716
2012,5,5,1.3616172075271606
2012,5,6,1.0532166957855225
2012,5,7,0.404138445854187
2012,5,8,-0.4154774248600006
2012,5,9,-0.9657161831855774
2012,5,10,-1.2237316370010376
2012,5,11,-0.9942476749420166
2012,5,12,-0.7111138105392456
2012,5,13,-0.5775424838066101
2012,5,14,-0.964622974395752
2012,5,15,-0.9567744135856628
2012,5,16,-0.9472353458404541
2012,5,17,-1.1015198230743408
2012,5,18,-0.5440318584442139
2012,5,19,-0.12023410201072693
2012,5,20,-0.05251222848892212
2012,5,21,-0.3413431942462921
2012,5,22,0.0678711012005806
2012,5,23,1.2118409872055054
2012,5,24,2.1121749877929688
2012,5,25,1.761839509010315
2012,5,26,0.9873092174530029
2012,5,27,0.702507495880127
2012,5,28,0.4639964699745178
2012,5,29,0.6676445603370667
2012,5,30,0.6306383609771729
2012,5,31,0.7348542213439941
2012,6,1,1.5467578172683716
2012,6,2,1.8469983339309692
2012,6,3,1.0042240619659424
2012,6,4,0.2811393439769745
2012,6,5,0.2560947835445404
2012,6,6,-0.033759549260139465
2012,6,7,-0.4113403260707855
2012,6,8,-0.596571683883667
2012,6,9,-0.9602676630020142
2012,6,10,-1.747679591178894
2012,6,11,-2.5470094680786133
2012,6,12,-2.603472948074341
2012,6,13,-1.9995392560958862
2012,6,14,-1.1192519664764404
2012,6,15,-0.3992560803890228
2012,6,16,0.25452932715415955
2012,6,17,0.5778865218162537
2012,6,18,1.3282277584075928
2012,6,19,2.1627864837646484
2012,6,20,2.7798519134521484
2012,6,21,2.767374038696289
2012,6,22,2.035943031311035
2012,6,23,0.9169405698776245
2012,6,24,0.059212855994701385
2012,6,25,-0.4756662845611572
2012,6,26,-1.065175175666809
2012,6,27,-1.7161095142364502
2012,6,28,-2.545789957046509
2012,6,29,-2.8553128242492676
2012,6,30,-2.5185115337371826
2012,7,1,-1.9618921279907227
2012,7,2,-2.2224178314208984
2012,7,3,-2.2130045890808105
2012,7,4,-1.6535612344741821
2012,7,5,-0.6356984376907349
2012,7,6,0.534152090549469
2012,7,7,0.9129749536514282
2012,7,8,0.5503251552581787
2012,7,9,0.6750370860099792
2012,7,10,0.9120148420333862
2012,7,11,1.422592043876648
2012,7,12,2.393427610397339
2012,7,13,2.9046998023986816
2012,7,14,2.3699049949645996
2012,7,15,1.8133471012115479
2012,7,16,1.869667649269104
2012,7,17,2.7760026454925537
2012,7,18,3.5573532581329346
2012,7,19,3.6670804023742676
2012,7,20,3.259394645690918
2012,7,21,2.6439356803894043
2012,7,22,2.203198194503784
2012,7,23,1.9453130960464478
2012,7,24,1.4820308685302734
2012,7,25,1.2656804323196411
2012,7,26,1.6477077007293701
2012,7,27,1.431933045387268
2012,7,28,1.1674555540084839
2012,7,29,1.1416674852371216
2012,7,30,0.8894100189208984
2012,7,31,0.8139652609825134
2012,8,1,0.9797393083572388
2012,8,2,0.8872785568237305
2012,8,3,1.1491717100143433
2012,8,4,1.010726809501648
2012,8,5,0.3995806574821472
2012,8,6,0.21802464127540588
2012,8,7,0.3060140311717987
2012,8,8,0.606329083442688
2012,8,9,-0.035261865705251694
2012,8,10,-0.7280746698379517
2012,8,11,-0.6294142603874207
2012,8,12,-0.20111998915672302
2012,8,13,0.6987491250038147
2012,8,14,1.4449270963668823
2012,8,15,1.3777720928192139
2012,8,16,0.7902414202690125
2012,8,17,1.116705298423767
2012,8,18,1.6057031154632568
2012,8,19,1.665519118309021
2012,8,20,1.5525370836257935
2012,8,21,1.1906635761260986
2012,8,22,0.8375757932662964
2012,8,23,0.7610068917274475
2012,8,24,0.3950998783111572
2012,8,25,0.1099005863070488
2012,8,26,0.03894853591918945
2012,8,27,-0.2289329469203949
2012,8,28,-0.8482853174209595
2012,8,29,-1.109710454940796
2012,8,30,-0.6304377913475037
2012,8,31,-0.1965077966451645
2012,9,1,0.2364904284477234
2012,9,2,0.19173526763916016
2012,9,3,0.16120858490467072
2012,9,4,0.7217772603034973
2012,9,5,1.176377296447754
2012,9,6,0.9325127005577087
2012,9,7,0.4080706834793091
2012,9,8,-0.152058944106102
2012,9,9,-0.30101364850997925
2012,9,10,-0.31791460514068604
2012,9,11,-0.10696656256914139
2012,9,12,0.28769466280937195
2012,9,13,0.5859287977218628
2012,9,14,0.8817272186279297
2012,9,15,1.640450358390808
2012,9,16,2.3403141498565674
2012,9,17,2.4510772228240967
2012,9,18,2.104130983352661
2012,9,19,1.1467490196228027
2012,9,20,-0.19222000241279602
2012,9,21,-0.9625598192214966
2012,9,22,-0.9134737253189087
2012,9,23,-0.5530393123626709
2012,9,24,-0.22244426608085632
2012,9,25,0.015414413064718246
2012,9,26,0.23337885737419128
2012,9,27,0.8208664655685425
2012,9,28,1.0319584608078003
2012,9,29,1.2186212539672852
2012,9,30,1.3278098106384277
2012,10,1,0.9256531596183777
2012,10,2,0.27426570653915405
2012,10,3,-0.03533099219202995
2012,10,4,-0.042579442262649536
2012,10,5,-0.2313910573720932
2012,10,6,-0.45772796869277954
2012,10,7,-0.0980965718626976
2012,10,8,0.041857294738292694
2012,10,9,0.04685864597558975
2012,10,10,0.4067201018333435
2012,10,11,0.9088009595870972
2012,10,12,1.1448087692260742
2012,10,13,0.8969610929489136
2012,10,14,0.4734191298484802
2012,10,15,-0.1185288056731224
2012,10,16,-0.6091601848602295
2012,10,17,-1.407114028930664
2012,10,18,-1.8313958644866943
2012,10,19,-1.6731125116348267
2012,10,20,-1.5087918043136597
2012,10,21,-1.8708959817886353
2012,10,22,-2.056864023208618
2012,10,23,-1.4870649576187134
2012,10,24,-1.3053019046783447
2012,10,25,-1.292130708694458
2012,10,26,-0.6991860866546631
2012,10,27,-0.36644747853279114
2012,10,28,-0.22814726829528809
2012,10,29,-0.07371155172586441
2012,10,30,-0.32520970702171326
2012,10,31,-0.7555928826332092
2012,11,1,-1.155214548110962
2012,11,2,-1.8555781841278076
2012,11,3,-2.716871500015259
2012,11,4,-3.278902530670166
2012,11,5,-3.012787342071533
2012,11,6,-2.4707605838775635
2012,11,7,-2.017134189605713
2012,11,8,-1.9828754663467407
2012,11,9,-1.6535731554031372
2012,11,10,-1.5762711763381958
2012,11,11,-1.2566848993301392
2012,11,12,-0.9529985785484314
2012,11,13,-0.8148673176765442
2012,11,14,-0.8606283664703369
2012,11,15,-1.10689377784729
2012,11,16,-1.1176002025604248
2012,11,17,-1.2270808219909668
2012,11,18,-1.527079463005066
2012,11,19,-1.753612756729126
2012,11,20,-2.018004894256592
2012,11,21,-2.3334784507751465
2012,11,22,-2.1251282691955566
2012,11,23,-1.6272403001785278
2012,11,24,-1.4337824583053589
2012,11,25,-1.242923378944397
2012,11,26,-0.9690045714378357
2012,11,27,-1.2481414079666138
2012,11,28,-1.7973878383636475
2012,11,29,-1.4839097261428833
2012,11,30,-0.6567696332931519
2012,12,1,-0.6194493174552917
2012,12,2,-1.0429327487945557
2012,12,3,-1.0943191051483154
2012,12,4,-0.7205802202224731
2012,12,5,-0.5432198643684387
2012,12,6,-0.5668938159942627
2012,12,7,-0.6181163191795349
2012,12,8,-0.49116432666778564
2012,12,9,-0.16958342492580414
2012,12,10,0.21461781859397888
2012,12,11,0.5713666677474976
2012,12,12,0.5431362390518188
2012,12,13,0.1704537719488144
2012,12,14,-0.22220948338508606
2012,12,15,-0.5942816734313965
2012,12,16,-1.2668899297714233
2012,12,17,-1.7293843030929565
2012,12,18,-1.6324889659881592
2012,12,19,-1.5254544019699097
2012,12,20,-1.673071265220642
2012,12,21,-1.5263121128082275
2012,12,22,-1.2599174976348877
2012,12,23,-1.0285005569458008
2012,12,24,-1.1505147218704224
2012,12,25,-1.488644003868103
2012,12,26,-1.5344308614730835
2012,12,27,-1.106752872467041
2012,12,28,-0.3672981560230255
2012,12,29,0.09388378262519836
2012,12,30,0.016283003613352776
2012,12,31,-0.5358065366744995
2013,1,1,-1.2187516689300537
2013,1,2,-1.5049619674682617
2013,1,3,-1.493782639503479
2013,1,4,-1.3224856853485107
2013,1,5,-0.4541366398334503
2013,1,6,0.14635053277015686
2013,1,7,-0.16254448890686035
2013,1,8,-0.6670107245445251
2013,1,9,-0.25972980260849
2013,1,10,0.40240201354026794
2013,1,11,0.7601100206375122
2013,1,12,0.6534790992736816
2013,1,13,0.3108418583869934
2013,1,14,0.15772809088230133
2013,1,15,0.4391688406467438
2013,1,16,0.24743938446044922
2013,1,17,-0.37101277709007263
2013,1,18,-0.6232606172561646
2013,1,19,-0.5139464735984802
2013,1,20,-0.18782827258110046
2013,1,21,-0.21304181218147278
2013,1,22,0.07222776859998703
2013,1,23,0.3825525641441345
2013,1,24,0.3413448929786682
2013,1,25,0.3039741814136505
2013,1,26,0.6999021768569946
2013,1,27,1.0613384246826172
2013,1,28,1.0507184267044067
2013,1,29,0.9528956413269043
2013,1,30,1.3692255020141602
2013,1,31,1.686798095703125
2013,2,1,1.6345916986465454
2013,2,2,1.3802410364151
2013,2,3,1.3823193311691284
2013,2,4,1.4834336042404175
2013,2,5,1.9826642274856567
2013,2,6,1.9251084327697754
2013,2,7,1.6116548776626587
2013,2,8,1.3972716331481934
2013,2,9,1.382893681526184
2013,2,10,1.3035014867782593
2013,2,11,0.7015186548233032
2013,2,12,0.1457800716161728
2013,2,13,-0.48438653349876404
2013,2,14,-0.680904746055603
2013,2,15,-0.21665331721305847
2013,2,16,0.42311742901802063
2013,2,17,1.0003284215927124
2013,2,18,0.6245530843734741
2013,2,19,-0.04023434594273567
2013,2,20,-0.07879962772130966
2013,2,21,0.3732811212539673
2013,2,22,0.3447714149951935
2013,2,23,-0.31994813680648804
2013,2,24,1.8499454259872437
2013,2,25,1.8499454259872437
2013,2,26,1.8499454259872437
2013,2,27,1.029574990272522
2013,2,28,1.0078439712524414
2013,3,1,1.2998687028884888
2013,3,2,1.0738791227340698
2013,3,3,0.3749346137046814
2013,3,4,0.2453109622001648
2013,3,5,0.7453516125679016
2013,3,6,0.8734458684921265
2013,3,7,0.8178853392601013
2013,3,8,0.7296427488327026
2013,3,9,0.38747259974479675
2013,3,10,0.3590834438800812
2013,3,11,0.5541126728057861
2013,3,12,0.5383017063140869
2013,3,13,0.7454491853713989
2013,3,14,1.1302311420440674
2013,3,15,1.5937762260437012
2013,3,16,1.8943524360656738
2013,3,17,1.9266207218170166
2013,3,18,1.377373456954956
2013,3,19,1.4589498043060303
2013,3,20,1.860762357711792
2013,3,21,2.0530292987823486
2013,3,22,1.9897323846817017
2013,3,23,1.6443783044815063
2013,3,24,1.7665166854858398
2013,3,25,2.247866153717041
2013,3,26,2.2034385204315186
2013,3,27,2.3840885162353516
2013,3,28,2.2256076335906982
2013,3,29,1.8673161268234253
2013,3,30,1.4018133878707886
2013,3,31,1.2456765174865723
2013,4,1,1.38861882686615
2013,4,2,1.8499454259872437
2013,4,3,1.8294198513031006
2013,4,4,1.5803337097167969
2013,4,5,1.4169672727584839
2013,4,6,0.7335882782936096
2013,4,7,0.23025037348270416
2013,4,8,0.2392227202653885
2013,4,9,1.4278264045715332
2013,4,10,1.8576536178588867
2013,4,11,1.5799691677093506
2013,4,12,1.3001179695129395
2013,4,13,0.5333402156829834
2013,4,14,0.25332286953926086
2013,4,15,-0.2034832090139389
2013,4,16,-0.16281743347644806
2013,4,17,-0.01787201501429081
2013,4,18,0.2907153069972992
2013,4,19,0.7981382012367249
2013,4,20,0.5784960985183716
2013,4,21,-0.011697724461555481
2013,4,22,-0.16153375804424286
2013,4,23,0.08030196279287338
2013,4,24,-0.146559476852417
2013,4,25,0.0265940073877573
2013,4,26,0.14231733977794647
2013,4,27,0.0710127204656601
2013,4,28,-0.13020123541355133
2013,4,29,-0.04008404165506363
2013,4,30,0.25250980257987976
2013,5,1,0.5758764147758484
2013,5,2,0.714250385761261
2013,5,3,0.6982057094573975
2013,5,4,0.6286306977272034
2013,5,5,0.5883259177207947
2013,5,6,0.9045338034629822
2013,5,7,1.3564846515655518
2013,5,8,1.1338295936584473
2013,5,9,0.8064054250717163
2013,5,10,0.9942057728767395
2013,5,11,0.8067936897277832
2013,5,12,0.2818912863731384
2013,5,13,0.026757758110761642
2013,5,14,0.4574981927871704
2013,5,15,0.9862056970596313
2013,5,16,1.1534311771392822
2013,5,17,1.0309685468673706
2013,5,18,0.6363993883132935
2013,5,19,0.2570135295391083
2013,5,20,0.28648996353149414
2013,5,21,0.45517921447753906
2013,5,22,0.3488067388534546
2013,5,23,0.27946141362190247
2013,5,24,0.13964545726776123
2013,5,25,-0.05698497220873833
2013,5,26,-0.9635059237480164
2013,5,27,-1.679451823234558
2013,5,28,-1.2595694065093994
2013,5,29,-0.6980822086334229
2013,5,30,-0.1856490522623062
2013,5,31,-0.03192394971847534
2013,6,1,0.6255270838737488
2013,6,2,1.3065017461776733
2013,6,3,1.1094613075256348
2013,6,4,1.0296283960342407
2013,6,5,0.7449932098388672
2013,6,6,0.6597285270690918
2013,6,7,0.6803624033927917
2013,6,8,1.1380738019943237
2013,6,9,1.7083793878555298
2013,6,10,1.8216263055801392
2013,6,11,1.485128402709961
2013,6,12,0.9144411683082581
2013,6,13,0.30920177698135376
2013,6,14,0.13731920719146729
2013,6,15,0.06627163290977478
2013,6,16,-0.4574381411075592
2013,6,17,-1.0093765258789062
2013,6,18,-1.2989238500595093
2013,6,19,-1.7711273431777954
2013,6,20,-1.51060152053833
2013,6,21,-1.2314754724502563
2013,6,22,-1.1673481464385986
2013,6,23,-1.7987215518951416
2013,6,24,-2.4707796573638916
2013,6,25,-2.7097928524017334
2013,6,26,-2.29264497756958
2013,6,27,-1.860144019126892
2013,6,28,-1.3976367712020874
2013,6,29,-0.7480680346488953
2013,6,30,0.07191932201385498
2013,7,1,0.32418152689933777
2013,7,2,0.33883318305015564
2013,7,3,0.7023926377296448
2013,7,4,0.7113658785820007
2013,7,5,0.28961998224258423
2013,7,6,0.2322164624929428
2013,7,7,0.1887342631816864
2013,7,8,0.5361531972885132
2013,7,9,0.4542502164840698
2013,7,10,0.46438896656036377
2013,7,11,1.2979358434677124
2013,7,12,1.1396504640579224
2013,7,13,0.3948574364185333
2013,7,14,0.1422264128923416
2013,7,15,0.4337844252586365
2013,7,16,1.1322455406188965
2013,7,17,1.8337602615356445
2013,7,18,1.1254464387893677
2013,7,19,0.4562503695487976
2013,7,20,1.6842483282089233
2013,7,21,2.439055919647217
2013,7,22,2.488344669342041
2013,7,23,2.1907379627227783
2013,7,24,1.4374973773956299
2013,7,25,0.8991309404373169
2013,7,26,1.2450835704803467
2013,7,27,1.5405066013336182
2013,7,28,1.350311279296875
2013,7,29,0.7081047892570496
2013,7,30,0.24799582362174988
2013,7,31,-0.25048014521598816
2013,8,1,-0.5015012621879578
2013,8,2,-0.1393343061208725
2013,8,3,0.04528626799583435
2013,8,4,0.24759577214717865
2013,8,5,0.23265022039413452
2013,8,6,-0.0452335923910141
2013,8,7,-0.9839956164360046
2013,8,8,-1.2071959972381592
2013,8,9,-1.1306763887405396
2013,8,10,-1.8804651498794556
2013,8,11,-2.7721221446990967
2013,8,12,-3.4083399772644043
2013,8,13,-3.723121404647827
2013,8,14,-3.9706826210021973
2013,8,15,-3.6917953491210938
2013,8,16,-3.6084394454956055
2013,8,17,-3.5318055152893066
2013,8,18,-3.295974016189575
2013,8,19,-3.0814461708068848
2013,8,20,-2.843513011932373
2013,8,21,-2.408912181854248
2013,8,22,-1.610714316368103
2013,8,23,-1.1179438829421997
2013,8,24,-0.6157136559486389
2013,8,25,-0.1791280210018158
2013,8,26,0.234812393784523
2013,8,27,0.4761362671852112
2013,8,28,0.4032239615917206
2013,8,29,-0.2331962287425995
2013,8,30,-0.9375888109207153
2013,8,31,-1.4526305198669434
2013,9,1,-1.46766996383667
2013,9,2,-1.1133638620376587
2013,9,3,-1.0131253004074097
2013,9,4,-0.7108116149902344
2013,9,5,-0.11646973341703415
2013,9,6,-0.17707496881484985
2013,9,7,-0.6258525848388672
2013,9,8,-1.10435152053833
2013,9,9,-1.1370525360107422
2013,9,10,-1.3749603033065796
2013,9,11,-0.9711630940437317
2013,9,12,-0.8129097819328308
2013,9,13,-0.7265802621841431
2013,9,14,-0.9460399746894836
2013,9,15,-1.0946134328842163
2013,9,16,-1.1077347993850708
2013,9,17,-1.2620877027511597
2013,9,18,-1.8053032159805298
2013,9,19,-2.341845989227295
2013,9,20,-2.2732105255126953
2013,9,21,-1.7307714223861694
2013,9,22,-1.541379451751709
2013,9,23,-1.86187744140625
2013,9,24,-2.393002986907959
2013,9,25,-2.7832796573638916
2013,9,26,-3.3328440189361572
2013,9,27,-3.6840145587921143
2013,9,28,-3.477105140686035
2013,9,29,-2.901542901992798
2013,9,30,-2.1537907123565674
2013,10,1,-1.2556238174438477
2013,10,2,-0.48156970739364624
2013,10,3,-0.14386975765228271
2013,10,4,-0.6684888005256653
2013,10,5,-1.2970467805862427
2013,10,6,-1.6913825273513794
2013,10,7,-1.7567050457000732
2013,10,8,-1.504753828048706
2013,10,9,-1.016607403755188
2013,10,10,-0.870339572429657
2013,10,11,-0.905584454536438
2013,10,12,-0.7817985415458679
2013,10,13,-0.9064356088638306
2013,10,14,-0.8976483345031738
2013,10,15,-0.2880059778690338
2013,10,16,0.2498350590467453
2013,10,17,0.5577662587165833
2013,10,18,0.9877182245254517
2013,10,19,0.7865641117095947
2013,10,20,0.608383059501648
2013,10,21,-0.15501737594604492
2013,10,22,-0.4303698241710663
2013,10,23,0.25349903106689453
2013,10,24,0.006035658996552229
2013,10,25,-0.6214441061019897
2013,10,26,-0.6529904007911682
2013,10,27,0.05231383815407753
2013,10,28,0.244218647480011
2013,10,29,-0.052718088030815125
2013,10,30,-0.5854299068450928
2013,10,31,-0.5369205474853516
2013,11,1,-0.09123491495847702
2013,11,2,0.57667076587677
2013,11,3,0.9358946084976196
2013,11,4,0.9476351141929626
2013,11,5,1.1051628589630127
2013,11,6,1.163630723953247
2013,11,7,0.7156978845596313
2013,11,8,0.39450591802597046
2013,11,9,0.2748347520828247
2013,11,10,-0.08163996040821075
2013,11,11,-0.06331877410411835
2013,11,12,0.2628764510154724
2013,11,13,0.4619937241077423
2013,11,14,0.5892928242683411
2013,11,15,0.6639000177383423
2013,11,16,0.5590137243270874
2013,11,17,0.22724340856075287
2013,11,18,-0.1714596152305603
2013,11,19,-0.06496573984622955
2013,11,20,-0.11926813423633575
2013,11,21,-0.828978955745697
2013,11,22,-1.086567997932434
2013,11,23,-0.5950895547866821
2013,11,24,-0.3347449004650116
2013,11,25,-0.10112777352333069
2013,11,26,0.20793570578098297
2013,11,27,-0.0500357411801815
2013,11,28,-0.3991902470588684
2013,11,29,-0.1617579609155655
2013,11,30,0.45060640573501587
2013,12,1,1.0877268314361572
2013,12,2,1.4777024984359741
2013,12,3,1.195921540260315
2013,12,4,1.0637412071228027
2013,12,5,1.1014710664749146
2013,12,6,0.9681252837181091
2013,12,7,0.6119902729988098
2013,12,8,0.12814560532569885
2013,12,9,0.27827373147010803
2013,12,10,0.27250829339027405
2013,12,11,0.3337700664997101
2013,12,12,0.338982492685318
2013,12,13,0.46994152665138245
2013,12,14,0.8278151750564575
2013,12,15,0.7185778617858887
2013,12,16,0.5039900541305542
2013,12,17,0.30758899450302124
2013,12,18,0.12416372448205948
2013,12,19,0.05859776958823204
2013,12,20,-0.03315114229917526
2013,12,21,-0.1344141811132431
2013,12,22,-0.09447073936462402
2013,12,23,-0.25575798749923706
2013,12,24,-0.824313759803772
2013,12,25,-0.9973030686378479
2013,12,26,-0.7959575057029724
2013,12,27,-0.8563164472579956
2013,12,28,-1.367246150970459
2013,12,29,-1.554578185081482
2013,12,30,-1.4941763877868652
2013,12,31,-1.7072420120239258
2014,1,1,-1.3189997673034668
2014,1,2,-0.6656389236450195
2014,1,3,-0.21393625438213348
2014,1,4,-0.5569025874137878
2014,1,5,-1.0436667203903198
2014,1,6,-1.1498064994812012
2014,1,7,-1.202606439590454
2014,1,8,-0.9659571051597595
2014,1,9,-0.6414637565612793
2014,1,10,-0.35666123032569885
2014,1,11,-0.23674240708351135
2014,1,12,-0.4520608186721802
2014,1,13,-0.8454473614692688
2014,1,14,-0.7378085851669312
2014,1,15,-0.561877429485321
2014,1,16,-1.1847670078277588
2014,1,17,-1.3692958354949951
2014,1,18,-0.8158960342407227
2014,1,19,-0.6026208996772766
2014,1,20,-0.989538311958313
2014,1,21,-1.2252463102340698
2014,1,22,-0.9135217070579529
2014,1,23,-0.4966309368610382
2014,1,24,-0.47928017377853394
2014,1,25,-0.646539568901062
2014,1,26,-0.44907572865486145
2014,1,27,0.12071888148784637
2014,1,28,0.2738786041736603
2014,1,29,-0.019959136843681335
2014,1,30,-0.20605193078517914
2014,1,31,-0.5267768502235413
2014,2,1,-0.7739278674125671
2014,2,2,-0.8783566355705261
2014,2,3,-1.040519118309021
2014,2,4,-0.432890385389328
2014,2,5,0.39780789613723755
2014,2,6,0.5793375372886658
2014,2,7,0.7617027163505554
2014,2,8,0.5860897898674011
2014,2,9,-0.22335898876190186
2014,2,10,-0.7997124791145325
2014,2,11,-1.1980818510055542
2014,2,12,-1.4875913858413696
2014,2,13,-1.2996370792388916
2014,2,14,-0.8539453148841858
2014,2,15,-0.2265225499868393
2014,2,16,0.33828598260879517
2014,2,17,0.8460055589675903
2014,2,18,1.0257290601730347
2014,2,19,1.21272611618042
2014,2,20,1.4720464944839478
2014,2,21,1.3043208122253418
2014,2,22,1.0413427352905273
2014,2,23,1.2240180969238281
2014,2,24,1.5940113067626953
2014,2,25,1.5418643951416016
2014,2,26,1.3495162725448608
2014,2,27,1.3951406478881836
2014,2,28,1.1722922325134277
2014,3,1,0.6558765769004822
2014,3,2,0.03944120928645134
2014,3,3,0.03355829417705536
2014,3,4,0.14061860740184784
2014,3,5,0.03166303038597107
2014,3,6,0.32486650347709656
2014,3,7,0.24995803833007812
2014,3,8,0.11891110986471176
2014,3,9,0.09058385342359543
2014,3,10,-0.1480342596769333
2014,3,11,-0.34357160329818726
2014,3,12,-0.13205140829086304
2014,3,13,0.15870799124240875
2014,3,14,0.28399625420570374
2014,3,15,-0.1817847341299057
2014,3,16,-0.8103527426719666
2014,3,17,-0.8102090358734131
2014,3,18,-0.2482689917087555
2014,3,19,0.27308130264282227
2014,3,20,0.3400796055793762
2014,3,21,1.1127327680587769
2014,3,22,1.6133025884628296
2014,3,23,1.8012956380844116
2014,3,24,2.066373109817505
2014,3,25,2.1326451301574707
2014,3,26,1.1238443851470947
2014,3,27,0.38927146792411804
2014,3,28,0.6600723266601562
2014,3,29,0.6265121698379517
2014,3,30,0.6670401692390442
2014,3,31,1.1135917901992798
2014,4,1,1.1646449565887451
2014,4,2,1.1761233806610107
2014,4,3,1.2574938535690308
2014,4,4,1.398705244064331
2014,4,5,1.1552799940109253
2014,4,6,0.8948047161102295
2014,4,7,1.1476637125015259
2014,4,8,1.3271961212158203
2014,4,9,1.2304893732070923
2014,4,10,1.2951842546463013
2014,4,11,0.8312230706214905
2014,4,12,0.846743643283844
2014,4,13,1.5025314092636108
2014,4,14,1.4599761962890625
2014,4,15,0.5032060742378235
2014,4,16,0.028817161917686462
2014,4,17,0.3347187936306
2014,4,18,0.9350116848945618
2014,4,19,1.1146817207336426
2014,4,20,0.13809813559055328
2014,4,21,-0.8545838594436646
2014,4,22,-1.1884409189224243
2014,4,23,-1.2027102708816528
2014,4,24,-1.1701699495315552
2014,4,25,-0.9897308945655823
2014,4,26,-0.41593417525291443
2014,4,27,0.29567888379096985
2014,4,28,0.8574173450469971
2014,4,29,1.2869285345077515
2014,4,30,1.316290259361267
2014,5,1,1.1508219242095947
2014,5,2,1.0157991647720337
2014,5,3,0.6029370427131653
2014,5,4,-0.07794968783855438
2014,5,5,-0.36040759086608887
2014,5,6,0.1776401251554489
2014,5,7,0.4009329080581665
2014,5,8,-0.42606550455093384
2014,5,9,-1.2572633028030396
2014,5,10,-1.6569514274597168
2014,5,11,-1.8764678239822388
2014,5,12,-1.6196630001068115
2014,5,13,-1.198654055595398
2014,5,14,-0.45651254057884216
2014,5,15,-0.13965468108654022
2014,5,16,0.3113095760345459
2014,5,17,0.6120446920394897
2014,5,18,0.3572768568992615
2014,5,19,-0.07731068134307861
2014,5,20,-0.717070996761322
2014,5,21,-0.9889287948608398
2014,5,22,-0.7986242771148682
2014,5,23,-0.4294423460960388
2014,5,24,-0.6232385635375977
2014,5,25,-1.089784860610962
2014,5,26,-1.3692728281021118
2014,5,27,-1.1679072380065918
2014,5,28,-0.7301730513572693
2014,5,29,-0.3018180727958679
2014,5,30,-0.2580711841583252
2014,5,31,-0.39248549938201904
2014,6,1,-0.27012282609939575
2014,6,2,-0.2688623070716858
2014,6,3,-0.7717097401618958
2014,6,4,-0.44419389963150024
2014,6,5,0.3917752206325531
2014,6,6,0.4993240535259247
2014,6,7,0.35453811287879944
2014,6,8,1.027286410331726
2014,6,9,1.759611964225769
2014,6,10,2.0667660236358643
2014,6,11,2.438230037689209
2014,6,12,2.241022825241089
2014,6,13,1.4747838973999023
2014,6,14,0.8506923317909241
2014,6,15,0.7554731369018555
2014,6,16,0.718684196472168
2014,6,17,0.5517688989639282
2014,6,18,0.40567582845687866
2014,6,19,0.7020189762115479
2014,6,20,0.818872332572937
2014,6,21,1.4085310697555542
2014,6,22,1.8818187713623047
2014,6,23,1.4219624996185303
2014,6,24,0.748731791973114
2014,6,25,0.36441153287887573
2014,6,26,0.6710616946220398
2014,6,27,1.1357712745666504
2014,6,28,0.9857262372970581
2014,6,29,0.3597429394721985
2014,6,30,-0.021299738436937332
2014,7,1,-0.313594251871109
2014,7,2,-0.46895265579223633
2014,7,3,-0.12391236424446106
2014,7,4,0.7440564036369324
2014,7,5,1.3335211277008057
2014,7,6,1.4340687990188599
2014,7,7,1.2590068578720093
2014,7,8,1.8392112255096436
2014,7,9,2.266787528991699
2014,7,10,2.203307628631592
2014,7,11,1.8022574186325073
2014,7,12,1.3871999979019165
2014,7,13,1.4223439693450928
2014,7,14,1.2340072393417358
2014,7,15,1.0161715745925903
2014,7,16,1.0826023817062378
2014,7,17,0.7674006223678589
2014,7,18,0.48139092326164246
2014,7,19,0.03984015807509422
2014,7,20,-0.6463825702667236
2014,7,21,-1.3105472326278687
2014,7,22,-1.7860848903656006
2014,7,23,-1.5788463354110718
2014,7,24,-1.4029228687286377
2014,7,25,-1.3325351476669312
2014,7,26,-0.6214927434921265
2014,7,27,0.14809550344944
2014,7,28,-0.2761915922164917
2014,7,29,-0.6934353113174438
2014,7,30,-1.195611834526062
2014,7,31,-1.4051885604858398
2014,8,1,-0.7311485409736633
2014,8,2,0.5018501281738281
2014,8,3,1.0787482261657715
2014,8,4,1.2135776281356812
2014,8,5,1.0946797132492065
2014,8,6,0.7610240578651428
2014,8,7,0.7420068383216858
2014,8,8,1.2768131494522095
2014,8,9,1.188156247138977
2014,8,10,0.7647197842597961
2014,8,11,0.6312679648399353
2014,8,12,0.42988789081573486
2014,8,13,-0.5526781678199768
2014,8,14,-1.015928864479065
2014,8,15,-0.023138316348195076
2014,8,16,0.9911690950393677
2014,8,17,1.3903285264968872
2014,8,18,1.114605188369751
2014,8,19,0.05582674965262413
2014,8,20,-0.53999263048172
2014,8,21,-0.7557430267333984
2014,8,22,-0.4735589921474457
2014,8,23,-0.49300724267959595
2014,8,24,-1.1796622276306152
2014,8,25,-1.3796836137771606
2014,8,26,-1.4703425168991089
2014,8,27,-1.6094903945922852
2014,8,28,-1.5533620119094849
2014,8,29,-1.3636770248413086
2014,8,30,-0.8666362166404724
2014,8,31,-1.064834475517273
2014,9,1,-1.349370002746582
2014,9,2,-1.2725012302398682
2014,9,3,-0.5789451003074646
2014,9,4,0.24965214729309082
2014,9,5,0.19932115077972412
2014,9,6,-0.06844135373830795
2014,9,7,-0.24652394652366638
2014,9,8,-0.9576078057289124
2014,9,9,-1.5626298189163208
2014,9,10,-0.7665420174598694
2014,9,11,-0.33267539739608765
2014,9,12,-0.7272422313690186
2014,9,13,-0.9991089105606079
2014,9,14,-1.1240448951721191
2014,9,15,-1.3866146802902222
2014,9,16,-1.6128625869750977
2014,9,17,-1.4991345405578613
2014,9,18,-1.6210578680038452
2014,9,19,-1.6176952123641968
2014,9,20,-1.3727134466171265
2014,9,21,-1.1481436491012573
2014,9,22,-0.6934391856193542
2014,9,23,-0.9005089402198792
2014,9,24,-1.6861071586608887
2014,9,25,-1.6488157510757446
2014,9,26,-1.5161768198013306
2014,9,27,-1.782791256904602
2014,9,28,-1.7923123836517334
2014,9,29,-1.6692132949829102
2014,9,30,-0.9562749862670898
2014,10,1,-0.5851810574531555
2014,10,2,-0.5542009472846985
2014,10,3,-0.5755394101142883
2014,10,4,-0.5171071887016296
2014,10,5,-0.2635258436203003
2014,10,6,0.06494078785181046
2014,10,7,0.4829040765762329
2014,10,8,0.5405104756355286
2014,10,9,0.30137360095977783
2014,10,10,0.2599949240684509
2014,10,11,0.16765008866786957
2014,10,12,0.45294424891471863
2014,10,13,1.0287878513336182
2014,10,14,1.1216621398925781
2014,10,15,0.9454968571662903
2014,10,16,0.9582371115684509
2014,10,17,1.2015208005905151
2014,10,18,1.4145536422729492
2014,10,19,1.4353896379470825
2014,10,20,0.8174907565116882
2014,10,21,0.6307410001754761
2014,10,22,0.5907739400863647
2014,10,23,0.6345585584640503
2014,10,24,0.20916365087032318
2014,10,25,-0.43019869923591614
2014,10,26,-0.9264141917228699
2014,10,27,-1.4336403608322144
2014,10,28,-2.058014392852783
2014,10,29,-2.603787899017334
2014,10,30,-2.58011794090271
2014,10,31,-1.9751049280166626
2014,11,1,-1.1550194025039673
2014,11,2,-0.7312084436416626
2014,11,3,-0.4281212091445923
2014,11,4,0.07225481420755386
2014,11,5,-0.017714660614728928
2014,11,6,-0.43748971819877625
2014,11,7,-0.5846490859985352
2014,11,8,-0.4908458888530731
2014,11,9,-0.7816469669342041
2014,11,10,-1.3651715517044067
2014,11,11,-1.596159815788269
2014,11,12,-1.504062294960022
2014,11,13,-0.9469362497329712
2014,11,14,-0.16644136607646942
2014,11,15,0.14719992876052856
2014,11,16,-0.4597943425178528
2014,11,17,-0.2486434429883957
2014,11,18,0.009885421954095364
2014,11,19,-0.2651841640472412
2014,11,20,-0.4662046432495117
2014,11,21,-0.40539756417274475
2014,11,22,-0.3716624975204468
2014,11,23,-0.23562157154083252
2014,11,24,0.08313103765249252
2014,11,25,-0.11431919783353806
2014,11,26,-0.43636059761047363
2014,11,27,-0.6003724336624146
2014,11,28,-0.7348323464393616
2014,11,29,-0.688602089881897
2014,11,30,-0.17406028509140015
2014,12,1,0.8267609477043152
2014,12,2,1.5519213676452637
2014,12,3,1.7044581174850464
2014,12,4,1.9542828798294067
2014,12,5,2.3846282958984375
2014,12,6,2.8432745933532715
2014,12,7,2.7784125804901123
2014,12,8,2.3227226734161377
2014,12,9,1.924890398979187
2014,12,10,1.7078126668930054
2014,12,11,1.5073331594467163
2014,12,12,0.9095474481582642
2014,12,13,0.09993980079889297
2014,12,14,0.11644759774208069
2014,12,15,0.95475172996521
2014,12,16,1.1317421197891235
2014,12,17,0.6687643527984619
2014,12,18,0.12979145348072052
2014,12,19,0.030280688777565956
2014,12,20,0.3764166533946991
2014,12,21,0.7835809588432312
2014,12,22,1.2028988599777222
2014,12,23,0.8634796142578125
2014,12,24,0.9479566812515259
2014,12,25,1.3218978643417358
2014,12,26,1.6590712070465088
2014,12,27,1.8614140748977661
2014,12,28,1.924161434173584
2014,12,29,1.55572509765625
2014,12,30,0.8249717354774475
2014,12,31,0.5748631358146667
2015,1,1,0.519023060798645
2015,1,2,0.6708925366401672
2015,1,3,0.7642317414283752
2015,1,4,0.4702536165714264
2015,1,5,0.29675158858299255
2015,1,6,0.43669024109840393
2015,1,7,0.49782830476760864
2015,1,8,0.8532278537750244
2015,1,9,1.4022208452224731
2015,1,10,1.4159451723098755
2015,1,11,0.9068313241004944
2015,1,12,0.5022281408309937
2015,1,13,0.25838667154312134
2015,1,14,0.046176977455616
2015,1,15,-0.3954814374446869
2015,1,16,-1.249247431755066
2015,1,17,-1.2084542512893677
2015,1,18,-0.056032393127679825
2015,1,19,0.7417871356010437
2015,1,20,1.221018671989441
2015,1,21,1.6103847026824951
2015,1,22,1.497498869895935
2015,1,23,1.2699403762817383
2015,1,24,1.2125740051269531
2015,1,25,0.761036217212677
2015,1,26,0.4696405827999115
2015,1,27,0.7107458710670471
2015,1,28,1.0221060514450073
2015,1,29,0.9443671703338623
2015,1,30,1.2050013542175293
2015,1,31,1.2931889295578003
2015,2,1,1.8085155487060547
2015,2,2,1.5050008296966553
2015,2,3,0.4791314899921417
2015,2,4,-0.3290065824985504
2015,2,5,-0.4352513253688812
2015,2,6,-0.0903673768043518
2015,2,7,0.16946078836917877
2015,2,8,0.9672567248344421
2015,2,9,1.6183539628982544
2015,2,10,1.7263922691345215
2015,2,11,1.588807225227356
2015,2,12,1.6789408922195435
2015,2,13,1.6858364343643188
2015,2,14,1.4685869216918945
2015,2,15,1.6111266613006592
2015,2,16,1.4582397937774658
2015,2,17,1.3497791290283203
2015,2,18,1.3290128707885742
2015,2,19,1.4258440732955933
2015,2,20,1.519824504852295
2015,2,21,1.8026190996170044
2015,2,22,2.272751808166504
2015,2,23,2.1822142601013184
2015,2,24,1.714920163154602
2015,2,25,1.2623971700668335
2015,2,26,0.6429270505905151
2015,2,27,0.2889917492866516
2015,2,28,0.07050321996212006
2015,3,1,0.29337775707244873
2015,3,2,0.9942196607589722
2015,3,3,0.6715723872184753
2015,3,4,0.02691200003027916
2015,3,5,0.07862376421689987
2015,3,6,0.0287463441491127
2015,3,7,-0.16322752833366394
2015,3,8,-0.19678698480129242
2015,3,9,-0.4444907009601593
2015,3,10,-0.5019328594207764
2015,3,11,-0.30120769143104553
2015,3,12,-0.06354673206806183
2015,3,13,0.24874795973300934
2015,3,14,0.307407945394516
2015,3,15,0.6181902885437012
2015,3,16,0.5529475212097168
2015,3,17,-0.5893681049346924
2015,3,18,-0.7541329264640808
2015,3,19,0.33948901295661926
2015,3,20,1.2858061790466309
2015,3,21,1.9098656177520752
2015,3,22,2.0897789001464844
2015,3,23,2.2432217597961426
2015,3,24,2.5280063152313232
2015,3,25,2.640360116958618
2015,3,26,2.286794900894165
2015,3,27,1.8736857175827026
2015,3,28,1.5445133447647095
2015,3,29,1.3764790296554565
2015,3,30,0.9352500438690186
2015,3,31,0.6591542363166809
2015,4,1,0.8122332692146301
2015,4,2,1.1522085666656494
2015,4,3,0.8672789335250854
2015,4,4,0.6463743448257446
2015,4,5,1.0107346773147583
2015,4,6,0.8997179269790649
2015,4,7,0.6344200372695923
2015,4,8,0.5745625495910645
2015,4,9,0.3465704917907715
2015,4,10,-0.057218022644519806
2015,4,11,-0.09878381341695786
2015,4,12,0.28118640184402466
2015,4,13,0.15774109959602356
2015,4,14,0.03935347497463226
2015,4,15,0.5937750935554504
2015,4,16,1.4403694868087769
2015,4,17,2.0046451091766357
2015,4,18,2.173947811126709
2015,4,19,2.287351369857788
2015,4,20,2.1253886222839355
2015,4,21,1.657736897468567
2015,4,22,1.4623677730560303
2015,4,23,1.5035732984542847
2015,4,24,1.2853245735168457
2015,4,25,1.0960294008255005
2015,4,26,1.131117582321167
2015,4,27,1.0834068059921265
2015,4,28,0.6702989935874939
2015,4,29,0.7720082402229309
2015,4,30,1.1240984201431274
2015,5,1,0.876609206199646
2015,5,2,0.7497833967208862
2015,5,3,1.0181485414505005
2015,5,4,1.3689671754837036
2015,5,5,1.0633798837661743
2015,5,6,0.4039660692214966
2015,5,7,0.10415741056203842
2015,5,8,-0.14243680238723755
2015,5,9,-0.5887792110443115
2015,5,10,-0.8115527033805847
2015,5,11,-0.41506993770599365
2015,5,12,-0.14591585099697113
2015,5,13,0.44545137882232666
2015,5,14,1.590623378753662
2015,5,15,2.1405012607574463
2015,5,16,1.822782278060913
2015,5,17,1.3551143407821655
2015,5,18,1.2902348041534424
2015,5,19,0.9490906000137329
2015,5,20,0.7417046427726746
2015,5,21,0.7339734435081482
2015,5,22,-0.04856368154287338
2015,5,23,-0.3871917128562927
2015,5,24,-0.3018580973148346
2015,5,25,-0.40778690576553345
2015,5,26,-0.11020068824291229
2015,5,27,-0.01643921621143818
2015,5,28,-0.37772324681282043
2015,5,29,-0.5496267080307007
2015,5,30,-0.3533537685871124
2015,5,31,0.346689909696579
2015,6,1,0.3976547122001648
2015,6,2,-0.12620346248149872
2015,6,3,-0.5512180328369141
2015,6,4,-0.5433655977249146
2015,6,5,-0.09668413549661636
2015,6,6,0.750116765499115
2015,6,7,1.3150449991226196
2015,6,8,0.97609543800354
2015,6,9,1.1888189315795898
2015,6,10,1.6583776473999023
2015,6,11,1.8617658615112305
2015,6,12,0.6313460469245911
2015,6,13,-0.5346502065658569
2015,6,14,-0.7807256579399109
2015,6,15,-0.8801020979881287
2015,6,16,-0.798052191734314
2015,6,17,-0.1260278820991516
2015,6,18,0.2881288528442383
2015,6,19,0.3401049077510834
2015,6,20,0.29769793152809143
2015,6,21,1.1436349153518677
2015,6,22,1.9179797172546387
2015,6,23,2.2909772396087646
2015,6,24,2.3717784881591797
2015,6,25,2.304236888885498
2015,6,26,2.229440927505493
2015,6,27,1.8839725255966187
2015,6,28,1.1029683351516724
2015,6,29,0.241122305393219
2015,6,30,-0.2527022361755371
2015,7,1,-0.24923095107078552
2015,7,2,-0.21693070232868195
2015,7,3,-0.5988463163375854
2015,7,4,-0.9028645753860474
2015,7,5,-0.4870537221431732
2015,7,6,0.7986604571342468
2015,7,7,2.1112723350524902
2015,7,8,2.8047707080841064
2015,7,9,2.481257677078247
2015,7,10,2.1828863620758057
2015,7,11,2.3531107902526855
2015,7,12,2.937635660171509
2015,7,13,3.464684247970581
2015,7,14,3.4410033226013184
2015,7,15,3.0849931240081787
2015,7,16,2.442763566970825
2015,7,17,1.2188332080841064
2015,7,18,0.7973163723945618
2015,7,19,0.8025162816047668
2015,7,20,0.9076067209243774
2015,7,21,1.4988036155700684
2015,7,22,2.465066432952881
2015,7,23,2.765486001968384
2015,7,24,2.8521292209625244
2015,7,25,2.6661598682403564
2015,7,26,2.465977907180786
2015,7,27,2.120168685913086
2015,7,28,1.328251838684082
2015,7,29,1.1343603134155273
2015,7,30,1.0536153316497803
2015,7,31,0.35443034768104553
2015,8,1,-0.4415366053581238
2015,8,2,-0.7416372895240784
2015,8,3,-0.9322080612182617
2015,8,4,-0.6422920823097229
2015,8,5,-0.646365225315094
2015,8,6,-0.3296545743942261
2015,8,7,0.11586830019950867
2015,8,8,0.9593085646629333
2015,8,9,1.7051751613616943
2015,8,10,1.4726492166519165
2015,8,11,1.251306176185608
2015,8,12,1.3492790460586548
2015,8,13,1.4914506673812866
2015,8,14,1.5369075536727905
2015,8,15,1.607131004333496
2015,8,16,2.1505496501922607
2015,8,17,1.896653175354004
2015,8,18,1.2878855466842651
2015,8,19,1.0839669704437256
2015,8,20,1.0419209003448486
2015,8,21,1.1287658214569092
2015,8,22,1.2588664293289185
2015,8,23,1.979563593864441
2015,8,24,2.2987091541290283
2015,8,25,1.675241470336914
2015,8,26,1.2557380199432373
2015,8,27,1.2660610675811768
2015,8,28,1.0448853969573975
2015,8,29,1.0120162963867188
2015,8,30,1.474923014640808
2015,8,31,2.048527717590332
2015,9,1,1.9201167821884155
2015,9,2,1.011803150177002
2015,9,3,0.2657391428947449
2015,9,4,-0.019615953788161278
2015,9,5,-0.32239338755607605
2015,9,6,-0.423587828874588
2015,9,7,-0.2839733362197876
2015,9,8,0.09553293138742447
2015,9,9,0.6327530741691589
2015,9,10,1.0359879732131958
2015,9,11,2.112330913543701
2015,9,12,2.281733989715576
2015,9,13,1.4687410593032837
2015,9,14,0.9952075481414795
2015,9,15,0.16697318851947784
2015,9,16,-0.16890043020248413
2015,9,17,-0.4525943398475647
2015,9,18,-0.022438345476984978
2015,9,19,0.2670232951641083
2015,9,20,0.08644437789916992
2015,9,21,-0.13492144644260406
2015,9,22,-0.029056740924715996
2015,9,23,0.08853191137313843
2015,9,24,0.5428182482719421
2015,9,25,1.1918195486068726
2015,9,26,1.5814119577407837
2015,9,27,1.4870104789733887
2015,9,28,0.6356182098388672
2015,9,29,-0.27813833951950073
2015,9,30,-0.11783020943403244
2015,10,1,-0.3567829430103302
2015,10,2,-0.740694522857666
2015,10,3,-0.8828521966934204
2015,10,4,-1.2709118127822876
2015,10,5,-1.2348737716674805
2015,10,6,-0.9299559593200684
2015,10,7,-0.504936933517456
2015,10,8,-0.2185204029083252
2015,10,9,0.19660061597824097
2015,10,10,0.38340723514556885
2015,10,11,0.28176581859588623
2015,10,12,-0.10458000749349594
2015,10,13,0.08210698515176773
2015,10,14,0.27844002842903137
2015,10,15,0.10447131097316742
2015,10,16,-0.10306788235902786
2015,10,17,-0.4318740963935852
2015,10,18,-0.9904344081878662
2015,10,19,-1.0317778587341309
2015,10,20,-1.091383934020996
2015,10,21,-0.7944682240486145
2015,10,22,-0.15346817672252655
2015,10,23,0.15090808272361755
2015,10,24,0.36090072989463806
2015,10,25,0.5217185616493225
2015,10,26,1.0178436040878296
2015,10,27,1.0865561962127686
2015,10,28,0.8768455386161804
2015,10,29,0.42615216970443726
2015,10,30,0.12712585926055908
2015,10,31,-0.20854215323925018
2015,11,1,-0.39533475041389465
2015,11,2,-0.42146995663642883
2015,11,3,-0.06995853781700134
2015,11,4,0.6494995951652527
2015,11,5,1.1796517372131348
2015,11,6,1.2833607196807861
2015,11,7,1.0685585737228394
2015,11,8,0.9977079629898071
2015,11,9,1.0828901529312134
2015,11,10,0.7784882187843323
2015,11,11,0.6301255822181702
2015,11,12,0.39546826481819153
2015,11,13,-0.1142316460609436
2015,11,14,-0.8175635933876038
2015,11,15,-1.0844097137451172
2015,11,16,-1.2000210285186768
2015,11,17,-1.308544397354126
2015,11,18,-0.20076580345630646
2015,11,19,1.0479267835617065
2015,11,20,1.3300572633743286
2015,11,21,1.3311865329742432
2015,11,22,1.5067145824432373
2015,11,23,0.8479169607162476
2015,11,24,0.3686448633670807
2015,11,25,0.9089383482933044
2015,11,26,1.597198486328125
2015,11,27,1.8179433345794678
2015,11,28,2.288700819015503
2015,11,29,2.4512226581573486
2015,11,30,2.0892271995544434
2015,12,1,1.84083092212677
2015,12,2,1.811780571937561
2015,12,3,1.7266377210617065
2015,12,4,1.390999674797058
2015,12,5,1.1541030406951904
2015,12,6,1.1022907495498657
2015,12,7,1.03694748878479
2015,12,8,0.16344845294952393
2015,12,9,-1.0733952522277832
2015,12,10,-2.160240650177002
2015,12,11,-2.9164879322052
2015,12,12,-3.096200466156006
2015,12,13,-2.6847429275512695
2015,12,14,-1.9350428581237793
2015,12,15,-1.0076156854629517
2015,12,16,0.15241749584674835
2015,12,17,0.8958096504211426
2015,12,18,1.1775330305099487
2015,12,19,0.8795587420463562
2015,12,20,0.1646638810634613
2015,12,21,-0.2848758399486542
2015,12,22,-0.536536693572998
2015,12,23,-1.3023927211761475
2015,12,24,-1.3404055833816528
2015,12,25,-1.1257809400558472
2015,12,26,-0.8593010902404785
2015,12,27,-0.03545716404914856
2015,12,28,0.9688844680786133
2015,12,29,1.5435574054718018
2015,12,30,1.2407482862472534
2015,12,31,1.2705708742141724
2016,1,1,1.429353952407837
2016,1,2,1.30561101436615
2016,1,3,1.3955557346343994
2016,1,4,1.7384178638458252
2016,1,5,1.9020352363586426
2016,1,6,1.9301894903182983
2016,1,7,1.3909984827041626
2016,1,8,0.8623341917991638
2016,1,9,0.4158569276332855
2016,1,10,-0.23323117196559906
2016,1,11,-0.5802183151245117
2016,1,12,-0.3426189124584198
2016,1,13,0.08974381536245346
2016,1,14,0.3486027121543884
2016,1,15,0.8180038332939148
2016,1,16,1.5451862812042236
2016,1,17,1.8505772352218628
2016,1,18,1.8357235193252563
2016,1,19,1.8914647102355957
2016,1,20,1.6765170097351074
2016,1,21,1.8134682178497314
2016,1,22,1.899335503578186
2016,1,23,1.7826749086380005
2016,1,24,1.5056335926055908
2016,1,25,1.394289493560791
2016,1,26,1.3998985290527344
2016,1,27,1.5078593492507935
2016,1,28,1.5351531505584717
2016,1,29,1.7976897954940796
2016,1,30,2.5763559341430664
2016,1,31,3.039902448654175
2016,2,1,2.5478310585021973
2016,2,2,1.6540963649749756
2016,2,3,1.3882354497909546
2016,2,4,1.4127241373062134
2016,2,5,1.4061884880065918
2016,2,6,1.5451887845993042
2016,2,7,2.017936944961548
2016,2,8,2.0478994846343994
2016,2,9,1.4036076068878174
2016,2,10,1.1659659147262573
2016,2,11,1.2161985635757446
2016,2,12,0.760423481464386
2016,2,13,0.4328174293041229
2016,2,14,0.13326819241046906
2016,2,15,0.4392566680908203
2016,2,16,0.9465048909187317
2016,2,17,1.799041986465454
2016,2,18,2.9661996364593506
2016,2,19,3.0781521797180176
2016,2,20,1.6702755689620972
2016,2,21,0.5636214017868042
2016,2,22,0.06575445085763931
2016,2,23,0.04303521290421486
2016,2,24,0.03254755958914757
2016,2,25,0.011906499974429607
2016,2,26,-0.19878073036670685
2016,2,27,-0.6170267462730408
2016,2,28,-0.48708590865135193
2016,2,29,-0.14456671476364136
2016,3,1,0.3361228406429291
2016,3,2,1.3153777122497559
2016,3,3,2.5525166988372803
2016,3,4,2.881582021713257
2016,3,5,2.5121257305145264
2016,3,6,2.4500045776367188
2016,3,7,2.5787501335144043
2016,3,8,2.042393684387207
2016,3,9,1.1399760246276855
2016,3,10,0.9856554865837097
2016,3,11,1.591304063796997
2016,3,12,2.2461965084075928
2016,3,13,2.410292625427246
2016,3,14,2.2611920833587646
2016,3,15,2.066274881362915
2016,3,16,1.6588265895843506
2016,3,17,1.2187371253967285
2016,3,18,0.8353607654571533
2016,3,19,1.2619975805282593
2016,3,20,2.4901957511901855
2016,3,21,3.3438026905059814
2016,3,22,3.5863373279571533
2016,3,23,3.176090717315674
2016,3,24,3.011166572570801
2016,3,25,2.973792552947998
2016,3,26,2.726844072341919
2016,3,27,2.0742688179016113
2016,3,28,1.516127586364746
2016,3,29,1.083472490310669
2016,3,30,0.421470582485199
2016,3,31,0.10002628713846207
2016,4,1,-0.12104405462741852
2016,4,2,-0.1150374561548233
2016,4,3,0.16241072118282318
2016,4,4,0.19561566412448883
2016,4,5,0.7063379287719727
2016,4,6,1.9339733123779297
2016,4,7,2.8085620403289795
2016,4,8,2.3171093463897705
2016,4,9,1.3868762254714966
2016,4,10,1.310576319694519
2016,4,11,1.6760787963867188
2016,4,12,1.6369998455047607
2016,4,13,0.9210618138313293
2016,4,14,0.030644912272691727
2016,4,15,-0.4642292559146881
2016,4,16,-0.47089749574661255
2016,4,17,-0.42659807205200195
2016,4,18,-0.6465254426002502
2016,4,19,-0.7891892790794373
2016,4,20,-1.3249781131744385
2016,4,21,-1.6711806058883667
2016,4,22,-1.5941097736358643
2016,4,23,-1.3036283254623413
2016,4,24,-1.716413140296936
2016,4,25,-1.2725725173950195
2016,4,26,-0.46033188700675964
2016,4,27,-0.20175211131572723
2016,4,28,-0.053762685507535934
2016,4,29,0.059412889182567596
2016,4,30,0.21534955501556396
2016,5,1,0.016029872000217438
2016,5,2,-0.554686963558197
2016,5,3,-1.0612461566925049
2016,5,4,-1.2037451267242432
2016,5,5,-0.6074382066726685
2016,5,6,-0.6982347965240479
2016,5,7,-0.16406869888305664
2016,5,8,0.4817582070827484
2016,5,9,0.15258440375328064
2016,5,10,-0.35559096932411194
2016,5,11,-0.7075191140174866
2016,5,12,-0.5502942204475403
2016,5,13,-0.2563382685184479
2016,5,14,-0.14304161071777344
2016,5,15,-0.4128096401691437
2016,5,16,-0.8480266332626343
2016,5,17,-1.203589916229248
2016,5,18,-0.8682721257209778
2016,5,19,-0.43416714668273926
2016,5,20,0.062461238354444504
2016,5,21,0.3861897587776184
2016,5,22,0.8244689106941223
2016,5,23,1.0500835180282593
2016,5,24,0.5375725030899048
2016,5,25,0.3550054728984833
2016,5,26,0.757252037525177
2016,5,27,1.145200252532959
2016,5,28,1.319041132926941
2016,5,29,0.9237239956855774
2016,5,30,0.9675872325897217
2016,5,31,1.3841888904571533
2016,6,1,1.9330451488494873
2016,6,2,2.339118003845215
2016,6,3,2.359490156173706
2016,6,4,2.056624412536621
2016,6,5,1.7390127182006836
2016,6,6,1.5680711269378662
2016,6,7,1.4855540990829468
2016,6,8,1.4369255304336548
2016,6,9,2.087003707885742
2016,6,10,2.845529317855835
2016,6,11,3.2933735847473145
2016,6,12,3.64551043510437
2016,6,13,3.6962409019470215
2016,6,14,4.053534030914307
2016,6,15,3.654543399810791
2016,6,16,2.721559762954712
2016,6,17,2.114488124847412
2016,6,18,2.720714807510376
2016,6,19,3.0150909423828125
2016,6,20,2.588991165161133
2016,6,21,2.1529016494750977
2016,6,22,1.4359054565429688
2016,6,23,1.2014819383621216
2016,6,24,2.1270992755889893
2016,6,25,3.0756452083587646
2016,6,26,3.516763687133789
2016,6,27,3.239828109741211
2016,6,28,2.5035459995269775
2016,6,29,1.831058382987976
2016,6,30,1.6940162181854248
2016,7,1,2.1490774154663086
2016,7,2,2.343747854232788
2016,7,3,2.19120192527771
2016,7,4,1.8650962114334106
2016,7,5,1.3861323595046997
2016,7,6,1.14803147315979
2016,7,7,1.0110135078430176
2016,7,8,1.1743098497390747
2016,7,9,1.0115934610366821
2016,7,10,0.31664416193962097
2016,7,11,0.15665863454341888
2016,7,12,0.3975166380405426
2016,7,13,0.049121707677841187
2016,7,14,-0.7303572297096252
2016,7,15,-0.8726403117179871
2016,7,16,-0.4432443082332611
2016,7,17,0.3267849087715149
2016,7,18,0.8504428267478943
2016,7,19,1.0606378316879272
2016,7,20,1.0639362335205078
2016,7,21,1.2275513410568237
2016,7,22,1.0727605819702148
2016,7,23,0.5634799003601074
2016,7,24,0.1463688164949417
2016,7,25,0.07468555867671967
2016,7,26,-0.17586544156074524
2016,7,27,-0.49777910113334656
2016,7,28,-1.008759617805481
2016,7,29,-1.9326694011688232
2016,7,30,-2.21077823638916
2016,7,31,-1.6375868320465088
2016,8,1,-1.3493026494979858
2016,8,2,-1.368115782737732
2016,8,3,-1.5609221458435059
2016,8,4,-1.2738232612609863
2016,8,5,-1.1610150337219238
2016,8,6,-1.1449182033538818
2016,8,7,-0.9930312633514404
2016,8,8,-0.6901859641075134
2016,8,9,-0.21006235480308533
2016,8,10,-0.32966309785842896
2016,8,11,-0.8976539373397827
2016,8,12,-1.9550894498825073
2016,8,13,-2.7303826808929443
2016,8,14,-3.1512889862060547
2016,8,15,-2.7884535789489746
2016,8,16,-1.7276785373687744
2016,8,17,-1.0034388303756714
2016,8,18,-1.1841754913330078
2016,8,19,-1.3903841972351074
2016,8,20,-1.0985548496246338
2016,8,21,-1.046488881111145
2016,8,22,-0.5982725024223328
2016,8,23,0.15452180802822113
2016,8,24,0.6970781087875366
2016,8,25,0.8347645401954651
2016,8,26,1.166736364364624
2016,8,27,1.1652179956436157
2016,8,28,1.284720778465271
2016,8,29,0.8859372735023499
2016,8,30,0.23432578146457672
2016,8,31,1.0788582563400269
2016,9,1,2.4206550121307373
2016,9,2,2.861548662185669
2016,9,3,2.9770586490631104
2016,9,4,3.201312780380249
2016,9,5,2.9332542419433594
2016,9,6,2.330394744873047
2016,9,7,2.272355079650879
2016,9,8,3.163601875305176
2016,9,9,4.1403727531433105
2016,9,10,4.40650749206543
2016,9,11,4.376449108123779
2016,9,12,4.634915351867676
2016,9,13,4.550691604614258
2016,9,14,4.269542694091797
2016,9,15,3.0880367755889893
2016,9,16,2.355468511581421
2016,9,17,2.14967679977417
2016,9,18,2.2257449626922607
2016,9,19,1.9614602327346802
2016,9,20,1.9771318435668945
2016,9,21,1.8342363834381104
2016,9,22,1.713342308998108
2016,9,23,1.4137799739837646
2016,9,24,0.9205639958381653
2016,9,25,0.23995979130268097
2016,9,26,0.003151730401441455
2016,9,27,-0.32723984122276306
2016,9,28,-0.48297151923179626
2016,9,29,-0.17487764358520508
2016,9,30,-0.033113256096839905
2016,10,1,-0.29783207178115845
2016,10,2,-0.7297912240028381
2016,10,3,-0.7713987827301025
2016,10,4,-0.37505969405174255
2016,10,5,-0.3639363944530487
2016,10,6,-0.3912403881549835
2016,10,7,-0.633922278881073
2016,10,8,-1.4504139423370361
2016,10,9,-1.5773537158966064
2016,10,10,-1.518848180770874
2016,10,11,-2.121736526489258
2016,10,12,-2.0859382152557373
2016,10,13,-1.8261972665786743
2016,10,14,-1.2916285991668701
2016,10,15,-0.6896460056304932
2016,10,16,-0.26894378662109375
2016,10,17,0.04128897562623024
2016,10,18,0.17978233098983765
2016,10,19,0.31466037034988403
2016,10,20,0.34939393401145935
2016,10,21,0.6922115683555603
2016,10,22,1.3215115070343018
2016,10,23,1.7264233827590942
2016,10,24,1.8313517570495605
2016,10,25,1.2920953035354614
2016,10,26,0.8524070382118225
2016,10,27,0.7930247783660889
2016,10,28,0.7956616282463074
2016,10,29,0.8932629227638245
2016,10,30,0.30783358216285706
2016,10,31,-0.3711243271827698
2016,11,1,-1.238465666770935
2016,11,2,-2.2503855228424072
2016,11,3,-2.317913293838501
2016,11,4,-1.8897854089736938
2016,11,5,-1.4933075904846191
2016,11,6,-1.44318425655365
2016,11,7,-1.4699368476867676
2016,11,8,-1.538853645324707
2016,11,9,-2.1090543270111084
2016,11,10,-2.3556067943573
2016,11,11,-2.6593613624572754
2016,11,12,-2.850661516189575
2016,11,13,-2.8850455284118652
2016,11,14,-2.657454013824463
2016,11,15,-2.596534252166748
2016,11,16,-2.328038454055786
2016,11,17,-1.3282030820846558
2016,11,18,-1.1084016561508179
2016,11,19,-1.3546125888824463
2016,11,20,-0.9345539808273315
2016,11,21,-0.7433084845542908
2016,11,22,-0.6247957348823547
2016,11,23,-0.1827080249786377
2016,11,24,0.04006676748394966
2016,11,25,-0.17281438410282135
2016,11,26,-0.5431928634643555
2016,11,27,-0.8100664019584656
2016,11,28,-0.8252612352371216
2016,11,29,-0.5567706823348999
2016,11,30,-0.45808282494544983
2016,12,1,-0.7764774560928345
2016,12,2,-1.1198960542678833
2016,12,3,-0.7750067710876465
2016,12,4,-0.4442914128303528
2016,12,5,-0.4270310699939728
2016,12,6,-0.47487878799438477
2016,12,7,-0.4328234791755676
2016,12,8,-0.19534145295619965
2016,12,9,-0.10940944403409958
2016,12,10,-0.03246165066957474
2016,12,11,0.15479633212089539
2016,12,12,0.009423340670764446
2016,12,13,-0.47456973791122437
2016,12,14,-0.7981368899345398
2016,12,15,-0.6859369277954102
2016,12,16,-0.6905118823051453
2016,12,17,-1.0249775648117065
2016,12,18,-1.3412470817565918
2016,12,19,-1.4772604703903198
2016,12,20,-1.133144736289978
2016,12,21,-1.1940149068832397
2016,12,22,-1.5271755456924438
2016,12,23,-1.8133796453475952
2016,12,24,-1.488660454750061
2016,12,25,-0.9554749727249146
2016,12,26,-0.4991849362850189
2016,12,27,-0.40532171726226807
2016,12,28,-0.3510928452014923
2016,12,29,-0.21348494291305542
2016,12,30,-0.24247056245803833
2016,12,31,-0.39419078826904297
2017,1,1,-0.2710872292518616
2017,1,2,-0.1688886284828186
2017,1,3,-0.32578244805336
2017,1,4,-0.6116310358047485
2017,1,5,-0.6667559146881104
2017,1,6,-0.5850180983543396
2017,1,7,-1.039612054824829
2017,1,8,-1.4283268451690674
2017,1,9,-1.440933346748352
2017,1,10,-1.26924467086792
2017,1,11,-1.4836808443069458
2017,1,12,-1.90725839138031
2017,1,13,-1.9710692167282104
2017,1,14,-1.627461552619934
2017,1,15,-1.1819509267807007
2017,1,16,-0.9085810780525208
2017,1,17,-0.8313096761703491
2017,1,18,-0.9137225151062012
2017,1,19,-1.4969903230667114
2017,1,20,-1.7818461656570435
2017,1,21,-1.4080910682678223
2017,1,22,-0.7471117377281189
2017,1,23,-0.7536879181861877
2017,1,24,-1.287719488143921
2017,1,25,-1.2257635593414307
2017,1,26,-0.8384056687355042
2017,1,27,-0.6479986310005188
2017,1,28,-0.47979044914245605
2017,1,29,-0.026016343384981155
2017,1,30,-0.005063140764832497
2017,1,31,-0.10327187180519104
2017,2,1,-0.07504624128341675
2017,2,2,-0.31430354714393616
2017,2,3,-0.5198979377746582
2017,2,4,-0.5718451738357544
2017,2,5,-0.4439893662929535
2017,2,6,-0.5457018613815308
2017,2,7,-0.18443283438682556
2017,2,8,0.5191558599472046
2017,2,9,0.4903867542743683
2017,2,10,0.1482764631509781
2017,2,11,-0.04502004384994507
2017,2,12,-0.4361138939857483
2017,2,13,-0.5122483372688293
2017,2,14,0.17968706786632538
2017,2,15,0.36646589636802673
2017,2,16,0.01030311081558466
2017,2,17,0.22040365636348724
2017,2,18,0.6463900208473206
2017,2,19,0.9979046583175659
2017,2,20,0.7301338911056519
2017,2,21,-0.00264105387032032
2017,2,22,-0.3499724268913269
2017,2,23,-0.3034471869468689
2017,2,24,-0.005625920835882425
2017,2,25,0.13425040245056152
2017,2,26,0.38152098655700684
2017,2,27,0.04903329536318779
2017,2,28,-1.0356696844100952
2017,3,1,-1.7841240167617798
2017,3,2,-2.0320241451263428
2017,3,3,-2.351414918899536
2017,3,4,-2.717242956161499
2017,3,5,-2.6582210063934326
2017,3,6,-2.113164186477661
2017,3,7,-1.238910436630249
2017,3,8,-0.4495042562484741
2017,3,9,0.3176572322845459
2017,3,10,0.7438181042671204
2017,3,11,0.7124248147010803
2017,3,12,0.4594075679779053
2017,3,13,0.16732455790042877
2017,3,14,0.10124479979276657
2017,3,15,0.2039123773574829
2017,3,16,0.3824976682662964
2017,3,17,1.3057976961135864
2017,3,18,1.8626681566238403
2017,3,19,1.61750328540802
2017,3,20,0.9371745586395264
2017,3,21,0.6675386428833008
2017,3,22,0.6194207668304443
2017,3,23,0.3467143177986145
2017,3,24,-0.06823563575744629
2017,3,25,0.39827558398246765
2017,3,26,0.7043595910072327
2017,3,27,0.7702509760856628
2017,3,28,1.1582564115524292
2017,3,29,1.2419407367706299
2017,3,30,1.3153797388076782
2017,3,31,1.318110466003418
2017,4,1,0.8650377988815308
2017,4,2,0.2644779682159424
2017,4,3,0.12311547994613647
2017,4,4,0.3612501621246338
2017,4,5,0.4039710760116577
2017,4,6,0.6619115471839905
2017,4,7,1.1740309000015259
2017,4,8,1.6756484508514404
2017,4,9,1.712704062461853
2017,4,10,1.6863690614700317
2017,4,11,1.4804105758666992
2017,4,12,1.0972763299942017
2017,4,13,0.7658340930938721
2017,4,14,0.970068097114563
2017,4,15,1.0112155675888062
2017,4,16,0.7101229429244995
2017,4,17,0.6422958970069885
2017,4,18,0.5426957607269287
2017,4,19,0.18715320527553558
2017,4,20,0.4725593030452728
2017,4,21,0.49387234449386597
2017,4,22,0.5120295882225037
2017,4,23,0.6025782227516174
2017,4,24,0.2347036898136139
2017,4,25,0.36590561270713806
2017,4,26,-0.019299909472465515
2017,4,27,-0.10736611485481262
2017,4,28,-0.15283218026161194
2017,4,29,-0.25910279154777527
2017,4,30,-0.6422913074493408
2017,5,1,-0.32621970772743225
2017,5,2,0.4275694787502289
2017,5,3,0.5644385814666748
2017,5,4,0.897978663444519
2017,5,5,1.1773794889450073
2017,5,6,0.9331093430519104
2017,5,7,0.7776814103126526
2017,5,8,1.354853868484497
2017,5,9,2.0525801181793213
2017,5,10,2.422767162322998
2017,5,11,2.5980496406555176
2017,5,12,3.2621653079986572
2017,5,13,3.438136577606201
2017,5,14,2.564537286758423
2017,5,15,1.3127918243408203
2017,5,16,0.784933865070343
2017,5,17,0.39981940388679504
2017,5,18,0.2746279537677765
2017,5,19,0.18761590123176575
2017,5,20,0.3934084177017212
2017,5,21,0.7288489937782288
2017,5,22,0.5594056844711304
2017,5,23,-0.24875719845294952
2017,5,24,-0.9226853251457214
2017,5,25,-0.7179610133171082
2017,5,26,0.15470805764198303
2017,5,27,0.8237150311470032
2017,5,28,1.3079314231872559
2017,5,29,1.5869827270507812
2017,5,30,1.5049678087234497
2017,5,31,1.115373134613037
2017,6,1,0.7180526256561279
2017,6,2,0.5615049600601196
2017,6,3,0.35371720790863037
2017,6,4,0.36914145946502686
2017,6,5,0.5373982191085815
2017,6,6,0.3842727541923523
2017,6,7,0.5385291576385498
2017,6,8,1.0904721021652222
2017,6,9,0.9215047359466553
2017,6,10,0.18708984553813934
2017,6,11,-0.7435494661331177
2017,6,12,-1.4264130592346191
2017,6,13,-1.2974882125854492
2017,6,14,-0.5558333992958069
2017,6,15,-0.04142924025654793
2017,6,16,0.44927850365638733
2017,6,17,0.9387302994728088
2017,6,18,1.2136726379394531
2017,6,19,1.1595953702926636
2017,6,20,0.9796842932701111
2017,6,21,0.40120285749435425
2017,6,22,0.4706873893737793
2017,6,23,0.7600553631782532
2017,6,24,0.5150272846221924
2017,6,25,0.7146586179733276
2017,6,26,1.216745376586914
2017,6,27,1.5292781591415405
2017,6,28,1.3700529336929321
2017,6,29,1.0386760234832764
2017,6,30,1.3761018514633179
2017,7,1,2.4584052562713623
2017,7,2,2.6259403228759766
2017,7,3,2.2250983715057373
2017,7,4,2.458599805831909
2017,7,5,2.6776392459869385
2017,7,6,2.4846901893615723
2017,7,7,2.4429845809936523
2017,7,8,2.688497543334961
2017,7,9,2.1763737201690674
2017,7,10,1.2108672857284546
2017,7,11,0.4757089614868164
2017,7,12,0.20410101115703583
2017,7,13,-0.003583860117942095
2017,7,14,-0.22456608712673187
2017,7,15,-0.1472192108631134
2017,7,16,0.4844467341899872
2017,7,17,0.9928990006446838
2017,7,18,1.1805707216262817
2017,7,19,0.8538589477539062
2017,7,20,-0.050849612802267075
2017,7,21,-0.5713313221931458
2017,7,22,-0.8277093172073364
2017,7,23,-1.4582198858261108
2017,7,24,-1.9774751663208008
2017,7,25,-2.193359613418579
2017,7,26,-1.5748895406723022
2017,7,27,-0.6888979077339172
2017,7,28,0.1188000813126564
2017,7,29,0.930084764957428
2017,7,30,1.3545293807983398
2017,7,31,1.3680251836776733
2017,8,1,2.0656278133392334
2017,8,2,2.043452501296997
2017,8,3,1.5186396837234497
2017,8,4,0.823293924331665
2017,8,5,0.23808233439922333
2017,8,6,0.1940259486436844
2017,8,7,0.1549680531024933
2017,8,8,0.14950640499591827
2017,8,9,-0.10374670475721359
2017,8,10,-0.05447236821055412
2017,8,11,-0.014964061789214611
2017,8,12,0.3100147843360901
2017,8,13,0.8135849833488464
2017,8,14,0.5222007632255554
2017,8,15,-0.0034972515422850847
2017,8,16,0.06310661882162094
2017,8,17,0.20906391739845276
2017,8,18,-0.24563813209533691
2017,8,19,-0.8006216883659363
2017,8,20,-0.5385625958442688
2017,8,21,0.23562465608119965
2017,8,22,0.5813291072845459
2017,8,23,0.6254954934120178
2017,8,24,0.5247344374656677
2017,8,25,1.0191529989242554
2017,8,26,1.7039391994476318
2017,8,27,2.312535285949707
2017,8,28,2.5048704147338867
2017,8,29,2.236283779144287
2017,8,30,1.791297197341919
2017,8,31,1.8815412521362305
2017,9,1,2.2296674251556396
2017,9,2,1.9340389966964722
2017,9,3,1.3974930047988892
2017,9,4,1.3720993995666504
2017,9,5,1.5508756637573242
2017,9,6,0.8541458249092102
2017,9,7,-0.08776792883872986
2017,9,8,0.22528067231178284
2017,9,9,0.7277221083641052
2017,9,10,0.6415046453475952
2017,9,11,0.13891837000846863
2017,9,12,-0.3381454646587372
2017,9,13,-0.2904997766017914
2017,9,14,0.15394923090934753
2017,9,15,0.269863098859787
2017,9,16,0.7406426072120667
2017,9,17,1.0191723108291626
2017,9,18,1.157890796661377
2017,9,19,1.1806137561798096
2017,9,20,1.4345424175262451
2017,9,21,1.7520674467086792
2017,9,22,2.163879156112671
2017,9,23,2.5307109355926514
2017,9,24,2.863414764404297
2017,9,25,2.640881299972534
2017,9,26,2.3379688262939453
2017,9,27,2.6236751079559326
2017,9,28,2.1451075077056885
2017,9,29,1.1546478271484375
2017,9,30,0.8915541768074036
2017,10,1,0.19332975149154663
2017,10,2,-0.5577093362808228
2017,10,3,-0.7613216638565063
2017,10,4,-0.44407200813293457
2017,10,5,0.09936297684907913
2017,10,6,0.4076193571090698
2017,10,7,0.31644049286842346
2017,10,8,0.1764812022447586
2017,10,9,-0.21557554602622986
2017,10,10,-0.5006112456321716
2017,10,11,-0.8076279163360596
2017,10,12,-0.7466637492179871
2017,10,13,0.19224385917186737
2017,10,14,0.5611331462860107
2017,10,15,0.08972255140542984
2017,10,16,-0.6677438616752625
2017,10,17,-1.1674660444259644
2017,10,18,-1.061186671257019
2017,10,19,-0.8847889304161072
2017,10,20,-0.9966439008712769
2017,10,21,-1.235115647315979
2017,10,22,-1.3291888236999512
2017,10,23,-1.2746741771697998
2017,10,24,-1.0793638229370117
2017,10,25,-1.0672131776809692
2017,10,26,-0.9468163251876831
2017,10,27,-0.7700393199920654
2017,10,28,-0.9011940956115723
2017,10,29,-0.8500123620033264
2017,10,30,-0.6285708546638489
2017,10,31,-0.18655049800872803
2017,11,1,0.08491894602775574
2017,11,2,-0.26408714056015015
2017,11,3,-1.1594754457473755
2017,11,4,-1.4196089506149292
2017,11,5,-1.3429484367370605
2017,11,6,-1.3769948482513428
2017,11,7,-0.30783769488334656
2017,11,8,0.3444785177707672
2017,11,9,0.30371659994125366
2017,11,10,0.6182771921157837
2017,11,11,0.944791316986084
2017,11,12,1.3409830331802368
2017,11,13,1.5451377630233765
2017,11,14,1.188552737236023
2017,11,15,0.937077522277832
2017,11,16,0.7371833324432373
2017,11,17,0.4412643313407898
2017,11,18,-0.01029060035943985
2017,11,19,-0.4062962532043457
2017,11,20,-0.1192970722913742
2017,11,21,0.8415216207504272
2017,11,22,1.8130117654800415
2017,11,23,2.12326717376709
2017,11,24,2.208948850631714
2017,11,25,2.2335431575775146
2017,11,26,2.2817225456237793
2017,11,27,2.5511045455932617
2017,11,28,2.2807018756866455
2017,11,29,1.8897430896759033
2017,11,30,1.912958025932312
2017,12,1,1.9349814653396606
2017,12,2,1.8603161573410034
2017,12,3,2.011039972305298
2017,12,4,2.1253044605255127
2017,12,5,1.725589632987976
2017,12,6,1.3918591737747192
2017,12,7,1.4214115142822266
2017,12,8,1.7212193012237549
2017,12,9,1.8063960075378418
2017,12,10,1.3651607036590576
2017,12,11,0.9382897615432739
2017,12,12,0.38016974925994873
2017,12,13,0.08480144292116165
2017,12,14,-0.1816631555557251
2017,12,15,-0.18906475603580475
2017,12,16,0.6405552625656128
2017,12,17,1.5157545804977417
2017,12,18,1.2213722467422485
2017,12,19,0.7993456125259399
2017,12,20,0.5731576085090637
2017,12,21,0.29010000824928284
2017,12,22,0.2851392328739166
2017,12,23,0.2409547120332718
2017,12,24,0.2972380220890045
2017,12,25,0.659654438495636
2017,12,26,0.8973764181137085
2017,12,27,0.9436777830123901
2017,12,28,0.909717857837677
2017,12,29,0.8873162269592285
2017,12,30,0.4116763472557068
2017,12,31,0.36250627040863037
2018,1,1,0.5152280330657959
2018,1,2,0.5561496019363403
2018,1,3,0.7229588627815247
2018,1,4,0.873646080493927
2018,1,5,0.5447631478309631
2018,1,6,0.4862595796585083
2018,1,7,0.4936975836753845
2018,1,8,0.32106542587280273
2018,1,9,0.4060218632221222
2018,1,10,0.4725029170513153
2018,1,11,0.2701306641101837
2018,1,12,0.009911389090120792
2018,1,13,0.1804749220609665
2018,1,14,1.1059801578521729
2018,1,15,2.230933427810669
2018,1,16,3.0302233695983887
2018,1,17,3.484247922897339
2018,1,18,3.6108033657073975
2018,1,19,3.451202392578125
2018,1,20,2.964292287826538
2018,1,21,2.3335399627685547
2018,1,22,1.7655081748962402
2018,1,23,1.5352106094360352
2018,1,24,1.266030192375183
2018,1,25,0.9131566882133484
2018,1,26,0.5711591839790344
2018,1,27,0.47791793942451477
2018,1,28,0.5787306427955627
2018,1,29,1.007532000541687
2018,1,30,1.0923012495040894
2018,1,31,0.7667191624641418
2018,2,1,0.3801468014717102
2018,2,2,0.22764675319194794
2018,2,3,0.3978591561317444
2018,2,4,0.47368499636650085
2018,2,5,0.21937914192676544
2018,2,6,0.4195369482040405
2018,2,7,0.9611538052558899
2018,2,8,1.3950366973876953
2018,2,9,1.6713335514068604
2018,2,10,1.3597458600997925
2018,2,11,1.1512247323989868
2018,2,12,1.6369357109069824
2018,2,13,2.1879525184631348
2018,2,14,1.8259408473968506
2018,2,15,1.3674736022949219
2018,2,16,0.8683460354804993
2018,2,17,0.09832916408777237
2018,2,18,-0.46342340111732483
2018,2,19,-0.06139453127980232
2018,2,20,0.7319835424423218
2018,2,21,1.2289798259735107
2018,2,22,1.0631402730941772
2018,2,23,0.9322165250778198
2018,2,24,1.2025121450424194
2018,2,25,1.4771465063095093
2018,2,26,1.6947613954544067
2018,2,27,1.8285478353500366
2018,2,28,1.7612519264221191
2018,3,1,1.6178261041641235
2018,3,2,1.400449275970459
2018,3,3,0.917360246181488
2018,3,4,0.6152554154396057
2018,3,5,0.7717469334602356
2018,3,6,0.8035362362861633
2018,3,7,0.9067608714103699
2018,3,8,1.3198703527450562
2018,3,9,1.45779287815094
2018,3,10,0.9182937145233154
2018,3,11,0.12332580238580704
2018,3,12,-0.1058453842997551
2018,3,13,-0.3850308954715729
2018,3,14,-0.5823172926902771
2018,3,15,-0.591653048992157
2018,3,16,-0.11929085850715637
2018,3,17,0.18873755633831024
2018,3,18,-0.1560460329055786
2018,3,19,-0.13180534541606903
2018,3,20,0.4530014097690582
2018,3,21,1.0886461734771729
2018,3,22,1.1699970960617065
2018,3,23,0.5198824405670166
2018,3,24,0.15301597118377686
2018,3,25,0.21534833312034607
2018,3,26,0.012054279446601868
2018,3,27,-0.39368659257888794
2018,3,28,-0.729668378829956
2018,3,29,-1.0755386352539062
2018,3,30,-1.3603633642196655
2018,3,31,-1.6343287229537964
2018,4,1,-1.645725131034851
2018,4,2,-1.5930191278457642
2018,4,3,-1.5650036334991455
2018,4,4,-1.4373399019241333
2018,4,5,-1.6543363332748413
2018,4,6,-1.6032613515853882
2018,4,7,-1.7425976991653442
2018,4,8,-1.893495798110962
2018,4,9,-2.382266044616699
2018,4,10,-1.822076678276062
2018,4,11,-0.9807783365249634
2018,4,12,-0.9022908210754395
2018,4,13,-0.6794872283935547
2018,4,14,-0.234586700797081
2018,4,15,-0.16599565744400024
2018,4,16,-0.6440893411636353
2018,4,17,-0.8125607371330261
2018,4,18,-1.2141534090042114
2018,4,19,-2.155752420425415
2018,4,20,-2.1982595920562744
2018,4,21,-1.4658986330032349
2018,4,22,-1.1519813537597656
2018,4,23,-1.4974064826965332
2018,4,24,-1.2812328338623047
2018,4,25,-1.2143503427505493
2018,4,26,-1.3340932130813599
2018,4,27,-0.671876072883606
2018,4,28,0.38174867630004883
2018,4,29,0.8924444913864136
2018,4,30,0.8615378141403198
2018,5,1,0.6914783716201782
2018,5,2,0.7727162837982178
2018,5,3,0.6654298305511475
2018,5,4,0.28846248984336853
2018,5,5,0.2743180990219116
2018,5,6,0.5042934417724609
2018,5,7,0.5188140869140625
2018,5,8,0.2610718011856079
2018,5,9,0.52945876121521
2018,5,10,0.7911580801010132
2018,5,11,0.5299235582351685
2018,5,12,0.31686148047447205
2018,5,13,0.20963265001773834
2018,5,14,0.3651331961154938
2018,5,15,0.11814852058887482
2018,5,16,-0.6153450608253479
2018,5,17,-0.906190812587738
2018,5,18,-0.7309938073158264
2018,5,19,-0.36949676275253296
2018,5,20,-0.29610610008239746
2018,5,21,-1.1273711919784546
2018,5,22,-1.0990679264068604
2018,5,23,-0.5618151426315308
2018,5,24,-0.1212114691734314
2018,5,25,0.22394046187400818
2018,5,26,-0.18981118500232697
2018,5,27,-0.5530453324317932
2018,5,28,-0.6567492485046387
2018,5,29,-0.7106387615203857
2018,5,30,-0.7836728692054749
2018,5,31,-0.7058942317962646
2018,6,1,-0.4856943190097809
2018,6,2,-0.002858618274331093
2018,6,3,0.7571732997894287
2018,6,4,0.7382737398147583
2018,6,5,1.2031117677688599
2018,6,6,1.5412163734436035
2018,6,7,1.3842848539352417
2018,6,8,1.101131796836853
2018,6,9,1.0518635511398315
2018,6,10,0.9849061369895935
2018,6,11,0.9187507033348083
2018,6,12,0.665358304977417
2018,6,13,-0.14823196828365326
2018,6,14,-0.5050779581069946
2018,6,15,-0.25973865389823914
2018,6,16,-0.18045268952846527
2018,6,17,-0.69336998462677
2018,6,18,-0.6736473441123962
2018,6,19,-0.5670997500419617
2018,6,20,-0.4205104410648346
2018,6,21,-0.7217103838920593
2018,6,22,-1.0623998641967773
2018,6,23,-1.096003770828247
2018,6,24,-0.7504913210868835
2018,6,25,-0.4213983416557312
2018,6,26,-0.4756137430667877
2018,6,27,-0.6584070920944214
2018,6,28,-0.7134087681770325
2018,6,29,-0.5429261326789856
2018,6,30,-0.3866582214832306
2018,7,1,-0.14841806888580322
2018,7,2,-0.19808539748191833
2018,7,3,-0.0899825319647789
2018,7,4,0.15764403343200684
2018,7,5,0.6423033475875854
2018,7,6,1.068245530128479
2018,7,7,0.6540954113006592
2018,7,8,0.5197205543518066
2018,7,9,0.846156120300293
2018,7,10,1.1318073272705078
2018,7,11,1.7427250146865845
2018,7,12,1.4675147533416748
2018,7,13,1.2381324768066406
2018,7,14,1.1522045135498047
2018,7,15,0.8163120150566101
2018,7,16,0.43192991614341736
2018,7,17,0.25341764092445374
2018,7,18,0.9222311973571777
2018,7,19,1.2429368495941162
2018,7,20,0.7783714532852173
2018,7,21,0.8720062375068665
2018,7,22,1.0380685329437256
2018,7,23,1.2075010538101196
2018,7,24,0.9506121873855591
2018,7,25,0.18620330095291138
2018,7,26,-0.3457757830619812
2018,7,27,-0.6964462399482727
2018,7,28,-1.182694673538208
2018,7,29,-1.647064208984375
2018,7,30,-1.7732484340667725
2018,7,31,-2.0532617568969727
2018,8,1,-1.694921851158142
2018,8,2,-1.1749521493911743
2018,8,3,-1.1679280996322632
2018,8,4,-0.9562415480613708
2018,8,5,-0.48904675245285034
2018,8,6,-0.3414354920387268
2018,8,7,-0.540690541267395
2018,8,8,-0.8825411796569824
2018,8,9,-0.9670857191085815
2018,8,10,-0.9136834740638733
2018,8,11,-0.9136441349983215
2018,8,12,-0.896582305431366
2018,8,13,-1.1137961149215698
2018,8,14,-1.4108394384384155
2018,8,15,-1.7520356178283691
2018,8,16,-1.8848811388015747
2018,8,17,-1.752259373664856
2018,8,18,-1.3390170335769653
2018,8,19,-0.46437156200408936
2018,8,20,0.00013151083840057254
2018,8,21,0.010174437426030636
2018,8,22,-0.13042569160461426
2018,8,23,-0.07002649456262589
2018,8,24,-0.015894660726189613
2018,8,25,-0.14040906727313995
2018,8,26,0.35055962204933167
2018,8,27,1.4581843614578247
2018,8,28,2.3604538440704346
2018,8,29,2.2300589084625244
2018,8,30,1.960602045059204
2018,8,31,2.319549083709717
2018,9,1,2.0591084957122803
2018,9,2,1.873282551765442
2018,9,3,2.9413490295410156
2018,9,4,4.037731170654297
2018,9,5,4.252337455749512
2018,9,6,3.7161784172058105
2018,9,7,3.295874834060669
2018,9,8,2.4130966663360596
2018,9,9,1.7760111093521118
2018,9,10,1.5537233352661133
2018,9,11,1.1469229459762573
2018,9,12,0.49517035484313965
2018,9,13,0.2038067728281021
2018,9,14,0.352759450674057
2018,9,15,0.731033980846405
2018,9,16,0.9832062125205994
2018,9,17,1.3852944374084473
2018,9,18,1.6202821731567383
2018,9,19,1.697555661201477
2018,9,20,0.9636322855949402
2018,9,21,0.31465595960617065
2018,9,22,0.2677857279777527
2018,9,23,0.2976527810096741
2018,9,24,-0.0301370769739151
2018,9,25,-0.09314978867769241
2018,9,26,0.034394457936286926
2018,9,27,0.37527620792388916
2018,9,28,0.7998229265213013
2018,9,29,1.1382684707641602
2018,9,30,1.5062922239303589
2018,10,1,1.795756220817566
2018,10,2,1.9858366250991821
2018,10,3,2.247875452041626
2018,10,4,2.2810583114624023
2018,10,5,2.2196226119995117
2018,10,6,1.7017017602920532
2018,10,7,0.870680570602417
2018,10,8,0.26409944891929626
2018,10,9,0.32218095660209656
2018,10,10,0.661246657371521
2018,10,11,0.35499536991119385
2018,10,12,-0.08105812221765518
2018,10,13,-0.4047573208808899
2018,10,14,-0.8990782499313354
2018,10,15,-1.3102750778198242
2018,10,16,-1.036388635635376
2018,10,17,-0.38506653904914856
2018,10,18,-0.22849994897842407
2018,10,19,-0.4443378448486328
2018,10,20,-0.5773818492889404
2018,10,21,-0.06842448562383652
2018,10,22,0.20358063280582428
2018,10,23,0.4616597592830658
2018,10,24,0.9114980697631836
2018,10,25,0.8268689513206482
2018,10,26,0.5816197395324707
2018,10,27,0.831811249256134
2018,10,28,0.6507954001426697
2018,10,29,0.5081328749656677
2018,10,30,0.7536677718162537
2018,10,31,0.7756122946739197
2018,11,1,0.3859247863292694
2018,11,2,0.02905551716685295
2018,11,3,-0.24798983335494995
2018,11,4,-0.6433458924293518
2018,11,5,-0.8533139824867249
2018,11,6,-0.38747793436050415
2018,11,7,0.0033090736251324415
2018,11,8,0.44293081760406494
2018,11,9,0.9009673595428467
2018,11,10,1.263658046722412
2018,11,11,1.8408417701721191
2018,11,12,2.2899396419525146
2018,11,13,2.115748882293701
2018,11,14,1.9147169589996338
2018,11,15,1.5681227445602417
2018,11,16,1.1212140321731567
2018,11,17,0.6813620328903198
2018,11,18,0.7127325534820557
2018,11,19,1.4450347423553467
2018,11,20,2.040318489074707
2018,11,21,1.9933983087539673
2018,11,22,1.4668601751327515
2018,11,23,1.2284903526306152
2018,11,24,1.1580744981765747
2018,11,25,1.0900770425796509
2018,11,26,1.097283124923706
2018,11,27,1.0730564594268799
2018,11,28,0.9662808775901794
2018,11,29,0.9749391078948975
2018,11,30,0.9106475114822388
2018,12,1,0.8746901750564575
2018,12,2,0.5847113728523254
2018,12,3,-0.19141478836536407
2018,12,4,-0.09510716795921326
2018,12,5,0.821398138999939
2018,12,6,1.7554911375045776
2018,12,7,1.8117668628692627
2018,12,8,1.457805871963501
2018,12,9,1.2979036569595337
2018,12,10,1.0462483167648315
2018,12,11,0.6610107421875
2018,12,12,0.7009617686271667
2018,12,13,1.4758702516555786
2018,12,14,2.3100104331970215
2018,12,15,2.480884313583374
2018,12,16,2.1254734992980957
2018,12,17,1.570657730102539
2018,12,18,0.7420864701271057
2018,12,19,0.12457423657178879
2018,12,20,-0.03844402730464935
2018,12,21,-0.008606010116636753
2018,12,22,0.09424910694360733
2018,12,23,0.5443706512451172
2018,12,24,1.0888328552246094
2018,12,25,1.2533098459243774
2018,12,26,0.8707382678985596
2018,12,27,0.3778360188007355
2018,12,28,0.49231037497520447
2018,12,29,0.6894351840019226
2018,12,30,0.43300849199295044
2018,12,31,0.3647477626800537
2019,1,1,0.7895345687866211
2019,1,2,1.5199087858200073
2019,1,3,2.0581843852996826
2019,1,4,2.293025255203247
2019,1,5,1.7311532497406006
2019,1,6,0.9695066809654236
2019,1,7,0.5827495455741882
2019,1,8,0.4786599576473236
2019,1,9,0.1934116780757904
2019,1,10,-0.14759859442710876
2019,1,11,-0.5113999247550964
2019,1,12,-0.7468324303627014
2019,1,13,-0.7365368008613586
2019,1,14,-0.45698896050453186
2019,1,15,-0.034372348338365555
2019,1,16,0.5279632210731506
2019,1,17,0.6067668199539185
2019,1,18,0.7837974429130554
2019,1,19,0.8699999451637268
2019,1,20,0.685278594493866
2019,1,21,0.6851123571395874
2019,1,22,0.3327931761741638
2019,1,23,0.12404029816389084
2019,1,24,0.6876478791236877
2019,1,25,1.4808605909347534
2019,1,26,1.5241947174072266
2019,1,27,1.3200327157974243
2019,1,28,0.8387066125869751
2019,1,29,0.7395687103271484
2019,1,30,0.5806017518043518
2019,1,31,0.3800657391548157
2019,2,1,0.4811854064464569
2019,2,2,1.0223548412322998
2019,2,3,1.7146755456924438
2019,2,4,2.047592878341675
2019,2,5,1.7747777700424194
2019,2,6,1.6187729835510254
2019,2,7,1.866997480392456
2019,2,8,1.6812686920166016
2019,2,9,0.5228257179260254
2019,2,10,-0.36068880558013916
2019,2,11,0.11272574216127396
2019,2,12,0.11725284159183502
2019,2,13,-0.2013869285583496
2019,2,14,-0.6747056245803833
2019,2,15,-1.2877577543258667
2019,2,16,-1.6887232065200806
2019,2,17,-2.0301432609558105
2019,2,18,-2.2063000202178955
2019,2,19,-2.574611186981201
2019,2,20,-2.3653624057769775
2019,2,21,-2.0968587398529053
2019,2,22,-2.186769962310791
2019,2,23,-2.222130298614502
2019,2,24,-1.8790614604949951
2019,2,25,-1.3719167709350586
2019,2,26,-1.0039242506027222
2019,2,27,-1.1545097827911377
2019,2,28,-1.213581919670105
2019,3,1,-1.3180127143859863
2019,3,2,-1.2177726030349731
2019,3,3,-1.1427451372146606
2019,3,4,-0.9409809112548828
2019,3,5,-0.5090833306312561
2019,3,6,-0.1614024043083191
2019,3,7,0.3253135681152344
2019,3,8,0.5190908312797546
2019,3,9,0.8541932106018066
2019,3,10,0.8635107278823853
2019,3,11,0.18976925313472748
2019,3,12,-0.40715324878692627
2019,3,13,-0.1936434954404831
2019,3,14,0.7183585166931152
2019,3,15,1.7939763069152832
2019,3,16,2.4011104106903076
2019,3,17,2.297075033187866
2019,3,18,1.6606565713882446
2019,3,19,1.1275335550308228
2019,3,20,0.7726507782936096
2019,3,21,0.8111600875854492
2019,3,22,0.7762635946273804
2019,3,23,0.5958253145217896
2019,3,24,0.6854053735733032
2019,3,25,0.4625299870967865
2019,3,26,0.48615220189094543
2019,3,27,1.026817798614502
2019,3,28,1.6316823959350586
2019,3,29,1.90654718875885
2019,3,30,1.6706974506378174
2019,3,31,1.5041033029556274
2019,4,1,1.6718628406524658
2019,4,2,1.9230356216430664
2019,4,3,1.6227751970291138
2019,4,4,1.1295056343078613
2019,4,5,0.8535292744636536
2019,4,6,0.49603596329689026
2019,4,7,0.23609425127506256
2019,4,8,0.006538549438118935
2019,4,9,-0.0784970074892044
2019,4,10,0.1010955199599266
2019,4,11,0.24400044977664948
2019,4,12,0.5822916030883789
2019,4,13,0.5340625643730164
2019,4,14,-0.11144465953111649
2019,4,15,-0.9913121461868286
2019,4,16,-1.2110804319381714
2019,4,17,-0.9865043759346008
2019,4,18,-0.3332052230834961
2019,4,19,0.15707522630691528
2019,4,20,-0.03756558895111084
2019,4,21,0.36442869901657104
2019,4,22,0.9526497721672058
2019,4,23,1.3997851610183716
2019,4,24,1.3389997482299805
2019,4,25,0.8172109127044678
2019,4,26,0.250633180141449
2019,4,27,-0.13918831944465637
2019,4,28,-0.5116180181503296
2019,4,29,-0.5842693448066711
2019,4,30,-0.057534802705049515
2019,5,1,0.9603980183601379
2019,5,2,0.8127483129501343
2019,5,3,0.7821433544158936
2019,5,4,0.8312373757362366
2019,5,5,1.122753381729126
2019,5,6,1.1428736448287964
2019,5,7,1.0121526718139648
2019,5,8,0.9893179535865784
2019,5,9,1.8641574382781982
2019,5,10,2.686286687850952
2019,5,11,2.8443820476531982
2019,5,12,2.492419719696045
2019,5,13,1.956605315208435
2019,5,14,1.5968128442764282
2019,5,15,1.3675910234451294
2019,5,16,1.1451852321624756
2019,5,17,1.0139001607894897
2019,5,18,0.838864266872406
2019,5,19,0.3794163167476654
2019,5,20,-0.5116011500358582
2019,5,21,-0.8474832773208618
2019,5,22,-0.8668252229690552
2019,5,23,-0.8148086071014404
2019,5,24,-0.9083004593849182
2019,5,25,-1.4219090938568115
2019,5,26,-1.704330325126648
2019,5,27,-1.973859190940857
2019,5,28,-1.8149333000183105
2019,5,29,-1.7656196355819702
2019,5,30,-1.9211452007293701
2019,5,31,-1.3654305934906006
2019,6,1,-0.9405547380447388
2019,6,2,-0.409930557012558
2019,6,3,0.5005104541778564
2019,6,4,1.3617440462112427
2019,6,5,1.5675419569015503
2019,6,6,1.6534433364868164
2019,6,7,1.1545182466506958
2019,6,8,0.35725662112236023
2019,6,9,0.2618895173072815
2019,6,10,1.2836295366287231
2019,6,11,1.9217982292175293
2019,6,12,2.4444851875305176
2019,6,13,2.8271548748016357
2019,6,14,2.6659934520721436
2019,6,15,2.0972626209259033
2019,6,16,1.6212788820266724
2019,6,17,1.4688727855682373
2019,6,18,1.159413456916809
2019,6,19,1.3946623802185059
2019,6,20,1.9017356634140015
2019,6,21,2.5416858196258545
2019,6,22,2.13877534866333
2019,6,23,0.9062907099723816
2019,6,24,0.8046642541885376
2019,6,25,1.0938843488693237
2019,6,26,1.3461302518844604
2019,6,27,1.8332934379577637
2019,6,28,2.120469808578491
2019,6,29,1.8589764833450317
2019,6,30,1.365570306777954
2019,7,1,0.8095625638961792
2019,7,2,0.5484546422958374
2019,7,3,0.4749143421649933
2019,7,4,1.072954535484314
2019,7,5,0.9181731343269348
2019,7,6,0.1992751955986023
2019,7,7,-0.6712962985038757
2019,7,8,-0.8940141201019287
2019,7,9,-0.8769479393959045
2019,7,10,-0.7670958042144775
2019,7,11,-1.158827781677246
2019,7,12,-1.3850163221359253
2019,7,13,-1.6848214864730835
2019,7,14,-2.0125436782836914
2019,7,15,-1.8821309804916382
2019,7,16,-1.4314517974853516
2019,7,17,-1.462003469467163
2019,7,18,-1.034027338027954
2019,7,19,-0.43118396401405334
2019,7,20,-0.5885019302368164
2019,7,21,-0.8170748949050903
2019,7,22,-0.9045893549919128
2019,7,23,-0.5411074161529541
2019,7,24,-0.10855192691087723
2019,7,25,0.1650751382112503
2019,7,26,0.18234650790691376
2019,7,27,0.4242844879627228
2019,7,28,0.7086479663848877
2019,7,29,0.6388328671455383
2019,7,30,0.45241957902908325
2019,7,31,0.3304460942745209
2019,8,1,0.12097243964672089
2019,8,2,-0.6039752960205078
2019,8,3,-1.2325551509857178
2019,8,4,-1.870826244354248
2019,8,5,-2.2142791748046875
2019,8,6,-2.0777816772460938
2019,8,7,-2.175370216369629
2019,8,8,-2.386038303375244
2019,8,9,-1.919737696647644
2019,8,10,-1.4707598686218262
2019,8,11,-1.498201608657837
2019,8,12,-1.3373949527740479
2019,8,13,-1.130054235458374
2019,8,14,-1.0128055810928345
2019,8,15,-1.0381712913513184
2019,8,16,-1.2834142446517944
2019,8,17,-0.8853282928466797
2019,8,18,-0.5329837799072266
2019,8,19,-0.14374788105487823
2019,8,20,-0.28110313415527344
2019,8,21,-1.2464085817337036
2019,8,22,-1.0322675704956055
2019,8,23,-0.5281001329421997
2019,8,24,-0.4977920949459076
2019,8,25,-0.050907593220472336
2019,8,26,0.40752744674682617
2019,8,27,0.25745725631713867
2019,8,28,-0.3896363079547882
2019,8,29,-0.8908612728118896
2019,8,30,-1.4981976747512817
2019,8,31,-1.9276609420776367
2019,9,1,-1.7953519821166992
2019,9,2,-1.2297521829605103
2019,9,3,-0.5589825510978699
2019,9,4,0.24503777921199799
2019,9,5,0.3747669458389282
2019,9,6,0.3281576931476593
2019,9,7,0.7287035584449768
2019,9,8,0.6128796935081482
2019,9,9,0.7317430377006531
2019,9,10,0.48326411843299866
2019,9,11,0.20279723405838013
2019,9,12,0.3808808922767639
2019,9,13,0.7385844588279724
2019,9,14,0.9150553345680237
2019,9,15,1.624550461769104
2019,9,16,2.2889370918273926
2019,9,17,1.9613069295883179
2019,9,18,1.3742997646331787
2019,9,19,0.9706523418426514
2019,9,20,0.9813553690910339
2019,9,21,1.429342269897461
2019,9,22,1.8432787656784058
2019,9,23,1.391146183013916
2019,9,24,0.6386598348617554
2019,9,25,0.5459014773368835
2019,9,26,0.24981385469436646
2019,9,27,-0.11293867975473404
2019,9,28,-0.36331266164779663
2019,9,29,-0.45526227355003357
2019,9,30,-0.31365081667900085
2019,10,1,-0.35805049538612366
2019,10,2,0.09107684344053268
2019,10,3,0.4541204869747162
2019,10,4,0.3636884093284607
2019,10,5,0.6489699482917786
2019,10,6,0.9536635279655457
2019,10,7,0.7631353139877319
2019,10,8,0.16014261543750763
2019,10,9,-0.6703139543533325
2019,10,10,-0.7711124420166016
2019,10,11,-0.6185606718063354
2019,10,12,-0.3593050539493561
2019,10,13,-0.0970502495765686
2019,10,14,-0.017616163939237595
2019,10,15,0.4561486542224884
2019,10,16,0.8531346917152405
2019,10,17,0.2962360084056854
2019,10,18,-0.7765858173370361
2019,10,19,-1.4652693271636963
2019,10,20,-1.2722584009170532
2019,10,21,-1.2970532178878784
2019,10,22,-1.8764652013778687
2019,10,23,-2.6921682357788086
2019,10,24,-3.146812915802002
2019,10,25,-3.275120735168457
2019,10,26,-2.866297721862793
2019,10,27,-2.367122173309326
2019,10,28,-2.3229243755340576
2019,10,29,-2.3700308799743652
2019,10,30,-2.147521734237671
2019,10,31,-2.0028014183044434
2019,11,1,-2.2223498821258545
2019,11,2,-2.2787227630615234
2019,11,3,-2.440016746520996
2019,11,4,-2.5612845420837402
2019,11,5,-2.78007173538208
2019,11,6,-2.658785581588745
2019,11,7,-2.4770829677581787
2019,11,8,-2.1834065914154053
2019,11,9,-2.0633528232574463
2019,11,10,-1.6817973852157593
2019,11,11,-0.9194402098655701
2019,11,12,-0.29711297154426575
2019,11,13,-0.28879114985466003
2019,11,14,-0.8669564127922058
2019,11,15,-1.2707500457763672
2019,11,16,-1.5323150157928467
2019,11,17,-1.3794119358062744
2019,11,18,-1.5879124402999878
2019,11,19,-1.5959115028381348
2019,11,20,-1.6593881845474243
2019,11,21,-2.041351079940796
2019,11,22,-2.223912239074707
2019,11,23,-2.229522943496704
2019,11,24,-2.173297882080078
2019,11,25,-1.9435827732086182
2019,11,26,-1.7097461223602295
2019,11,27,-1.7200180292129517
2019,11,28,-1.7559441328048706
2019,11,29,-1.3130214214324951
2019,11,30,-1.4366086721420288
2019,12,1,-1.7465444803237915
2019,12,2,-2.5994536876678467
2019,12,3,-3.1109585762023926
2019,12,4,-2.640209436416626
2019,12,5,-2.67592716217041
2019,12,6,-2.907440662384033
2019,12,7,-2.8579201698303223
2019,12,8,-2.659893035888672
2019,12,9,-2.1514158248901367
2019,12,10,-1.5691988468170166
2019,12,11,-1.2289515733718872
2019,12,12,-0.9476456642150879
2019,12,13,-0.9928314089775085
2019,12,14,-1.4816184043884277
2019,12,15,-1.6042917966842651
2019,12,16,-1.3554280996322632
2019,12,17,-0.95754474401474
2019,12,18,-1.5520232915878296
2019,12,19,-2.1382124423980713
2019,12,20,-1.7598153352737427
2019,12,21,-1.1732282638549805
2019,12,22,-0.492114782333374
2019,12,23,-0.15892267227172852
2019,12,24,0.020023874938488007
2019,12,25,0.4496774673461914
2019,12,26,0.8253651857376099
2019,12,27,0.5338171124458313
2019,12,28,-0.11608980596065521
2019,12,29,-0.341015100479126
2019,12,30,-0.6331667900085449
2019,12,31,-0.7016804218292236
2020,1,1,-0.28324514627456665
2020,1,2,-0.04680117964744568
2020,1,3,-0.17268437147140503
2020,1,4,-0.42025166749954224
2020,1,5,-0.6115205883979797
2020,1,6,-1.2214759588241577
2020,1,7,-1.6283233165740967
2020,1,8,-1.3712530136108398
2020,1,9,-0.6594331860542297
2020,1,10,-0.22082608938217163
2020,1,11,-0.27736732363700867
2020,1,12,0.16821585595607758
2020,1,13,0.5902109146118164
2020,1,14,0.7179664969444275
2020,1,15,0.5541597008705139
2020,1,16,0.4710332751274109
2020,1,17,0.5109995007514954
2020,1,18,0.640953004360199
2020,1,19,0.9039552807807922
2020,1,20,0.3430781364440918
2020,1,21,-0.6868579983711243
2020,1,22,-1.1115798950195312
2020,1,23,-0.8580950498580933
2020,1,24,-0.830502450466156
2020,1,25,-0.7633005976676941
2020,1,26,-0.6035246253013611
2020,1,27,-0.37724465131759644
2020,1,28,-0.1432885080575943
2020,1,29,0.3913283944129944
2020,1,30,0.2481839507818222
2020,1,31,-0.239291250705719
2020,2,1,-0.5950151085853577
2020,2,2,-0.18402326107025146
2020,2,3,0.5939473509788513
2020,2,4,0.8435227870941162
2020,2,5,1.133939266204834
2020,2,6,1.0069268941879272
2020,2,7,0.1374434381723404
2020,2,8,-0.3911592662334442
2020,2,9,-0.5212168097496033
2020,2,10,-0.7247267961502075
2020,2,11,-0.1636343151330948
2020,2,12,0.6994879841804504
2020,2,13,0.8626147508621216
2020,2,14,0.14700627326965332
2020,2,15,-0.37036508321762085
2020,2,16,-0.10332640260457993
2020,2,17,0.21681049466133118
2020,2,18,0.02522440068423748
2020,2,19,-0.2580101191997528
2020,2,20,0.013166829012334347
2020,2,21,0.4811513125896454
2020,2,22,1.089909315109253
2020,2,23,1.2602852582931519
2020,2,24,0.9207648038864136
2020,2,25,0.7633717656135559
2020,2,26,0.28825855255126953
2020,2,27,-0.02763957343995571
2020,2,28,0.20024150609970093
2020,2,29,0.8384031057357788
2020,3,1,1.454007863998413
2020,3,2,1.2426270246505737
2020,3,3,0.42721712589263916
2020,3,4,0.09553695470094681
2020,3,5,0.36308807134628296
2020,3,6,0.7489769458770752
2020,3,7,1.4171152114868164
2020,3,8,2.0624771118164062
2020,3,9,1.9251168966293335
2020,3,10,1.618580937385559
2020,3,11,1.6472934484481812
2020,3,12,1.7141139507293701
2020,3,13,1.8612182140350342
2020,3,14,1.7549865245819092
2020,3,15,1.5152755975723267
2020,3,16,1.5958778858184814
2020,3,17,1.8284348249435425
2020,3,18,1.6863925457000732
2020,3,19,1.4039406776428223
2020,3,20,1.1839125156402588
2020,3,21,0.9711556434631348
2020,3,22,1.346723198890686
2020,3,23,1.089340090751648
2020,3,24,1.027123212814331
2020,3,25,1.4858530759811401
2020,3,26,1.9359471797943115
2020,3,27,2.12915301322937
2020,3,28,2.0543620586395264
2020,3,29,1.6854714155197144
2020,3,30,0.7835135459899902
2020,3,31,0.5019674301147461
2020,4,1,0.7179728746414185
2020,4,2,0.45298153162002563
2020,4,3,-0.6840716600418091
2020,4,4,-1.2389134168624878
2020,4,5,-0.9719821214675903
2020,4,6,-0.20672324299812317
2020,4,7,0.11189477145671844
2020,4,8,0.33228760957717896
2020,4,9,0.8218877911567688
2020,4,10,0.6541793346405029
2020,4,11,0.3900350034236908
2020,4,12,-0.08414512872695923
2020,4,13,-0.5533528923988342
2020,4,14,-0.15643267333507538
2020,4,15,-0.1694459468126297
2020,4,16,-1.1798288822174072
2020,4,17,-1.5496703386306763
2020,4,18,-0.6801556944847107
2020,4,19,-0.33329394459724426
2020,4,20,-0.5196809768676758
2020,4,21,-0.6826616525650024
2020,4,22,-0.8330823183059692
2020,4,23,-0.9819437265396118
2020,4,24,-1.1061079502105713
2020,4,25,-0.9925079345703125
2020,4,26,-0.8677645921707153
2020,4,27,-0.9457619786262512
2020,4,28,-0.9958337545394897
2020,4,29,-0.8055512309074402
2020,4,30,-0.7608059644699097
2020,5,1,-1.2455120086669922
2020,5,2,-1.43975031375885
2020,5,3,-1.2825157642364502
2020,5,4,-1.0060406923294067
2020,5,5,-0.4780665338039398
2020,5,6,0.053407832980155945
2020,5,7,0.03414562717080116
2020,5,8,-0.17730285227298737
2020,5,9,-0.360158234834671
2020,5,10,-0.6061923503875732
2020,5,11,-0.6900506019592285
2020,5,12,-0.6744861602783203
2020,5,13,-0.5034084916114807
2020,5,14,0.07893729209899902
2020,5,15,0.5516818761825562
2020,5,16,1.0833173990249634
2020,5,17,1.097891092300415
2020,5,18,1.0209933519363403
2020,5,19,0.9842451810836792
2020,5,20,1.3325859308242798
2020,5,21,1.4259988069534302
2020,5,22,1.9274039268493652
2020,5,23,2.44055438041687
2020,5,24,2.120027542114258
2020,5,25,2.0272388458251953
2020,5,26,2.0426509380340576
2020,5,27,1.4834494590759277
2020,5,28,1.2135616540908813
2020,5,29,1.3422577381134033
2020,5,30,1.5488898754119873
2020,5,31,1.811151146888733
2020,6,1,1.8920116424560547
2020,6,2,1.8527119159698486
2020,6,3,2.4083237648010254
2020,6,4,2.6578872203826904
2020,6,5,2.5135395526885986
2020,6,6,2.1515424251556396
2020,6,7,2.2127745151519775
2020,6,8,2.1984169483184814
2020,6,9,1.901370644569397
2020,6,10,1.5934782028198242
2020,6,11,1.7305017709732056
2020,6,12,1.2578973770141602
2020,6,13,0.7961771488189697
2020,6,14,0.7450951337814331
2020,6,15,1.1810379028320312
2020,6,16,2.0124642848968506
2020,6,17,2.578211545944214
2020,6,18,2.454775333404541
2020,6,19,2.12274432182312
2020,6,20,1.662764310836792
2020,6,21,1.3228603601455688
2020,6,22,0.6143118143081665
2020,6,23,0.09956763684749603
2020,6,24,-0.25939780473709106
2020,6,25,-0.4269903004169464
2020,6,26,-0.7960171699523926
2020,6,27,-1.2012624740600586
2020,6,28,-1.4432910680770874
2020,6,29,-2.2506442070007324
2020,6,30,-2.682711601257324
2020,7,1,-2.6534504890441895
2020,7,2,-2.1281228065490723
2020,7,3,-1.2364890575408936
2020,7,4,-0.4562183618545532
2020,7,5,0.19861312210559845
2020,7,6,0.45680171251296997
2020,7,7,-0.2452823668718338
2020,7,8,-0.7642441391944885
2020,7,9,-1.402036428451538
2020,7,10,-1.6722501516342163
2020,7,11,-1.3284544944763184
2020,7,12,-1.3405373096466064
2020,7,13,-1.4584835767745972
2020,7,14,-1.2738096714019775
2020,7,15,-0.8664331436157227
2020,7,16,-0.7003811001777649
2020,7,17,-0.6372711062431335
2020,7,18,0.12391924113035202
2020,7,19,0.6979262828826904
2020,7,20,0.5350337624549866
2020,7,21,-0.02590124122798443
2020,7,22,-0.8914605379104614
2020,7,23,-1.3762131929397583
2020,7,24,-1.252589225769043
2020,7,25,-0.43472468852996826
2020,7,26,-0.14691247045993805
2020,7,27,0.28583142161369324
2020,7,28,0.6840460896492004
2020,7,29,0.8614915609359741
2020,7,30,0.9891481399536133
2020,7,31,1.0496149063110352
2020,8,1,1.158311128616333
2020,8,2,1.6676654815673828
2020,8,3,2.0430970191955566
2020,8,4,2.279090642929077
2020,8,5,2.162356376647949
2020,8,6,1.8635109663009644
2020,8,7,1.1407241821289062
2020,8,8,0.06831042468547821
2020,8,9,-1.2879420518875122
2020,8,10,-1.9811722040176392
2020,8,11,-2.3902761936187744
2020,8,12,-2.0626070499420166
2020,8,13,-1.724812388420105
2020,8,14,-1.994840145111084
2020,8,15,-2.474590301513672
2020,8,16,-2.661484718322754
2020,8,17,-2.3059377670288086
2020,8,18,-1.6167371273040771
2020,8,19,-0.9301599860191345
2020,8,20,-1.0847477912902832
2020,8,21,-0.9096641540527344
2020,8,22,-0.5119478106498718
2020,8,23,-0.11757729202508926
2020,8,24,-0.35397791862487793
2020,8,25,-0.7985475659370422
2020,8,26,-1.5320035219192505
2020,8,27,-2.097108840942383
2020,8,28,-2.190721035003662
2020,8,29,-1.6917386054992676
2020,8,30,-0.9375400543212891
2020,8,31,-0.3393327593803406
2020,9,1,-0.07601577043533325
2020,9,2,-1.0568280220031738
2020,9,3,-1.8871451616287231
2020,9,4,-1.6729459762573242
2020,9,5,-0.6595792174339294
2020,9,6,0.021540531888604164
2020,9,7,0.27114975452423096
2020,9,8,0.7780640125274658
2020,9,9,1.2862448692321777
2020,9,10,1.461112141609192
2020,9,11,1.4118789434432983
2020,9,12,1.2323869466781616
2020,9,13,1.1586397886276245
2020,9,14,1.5387076139450073
2020,9,15,1.8540399074554443
2020,9,16,1.9622793197631836
2020,9,17,1.4496935606002808
2020,9,18,0.7702955603599548
2020,9,19,0.18823745846748352
2020,9,20,0.07165448367595673
2020,9,21,0.4987983703613281
2020,9,22,0.6760495901107788
2020,9,23,0.6814854145050049
2020,9,24,0.6092713475227356
2020,9,25,-0.0530390590429306
2020,9,26,-0.9752896428108215
2020,9,27,-1.4760057926177979
2020,9,28,-1.5456756353378296
2020,9,29,-1.5935359001159668
2020,9,30,-1.3784552812576294
2020,10,1,-0.45310676097869873
2020,10,2,0.8818206191062927
2020,10,3,1.4225693941116333
2020,10,4,1.3794888257980347
2020,10,5,1.5066245794296265
2020,10,6,1.4203691482543945
2020,10,7,1.4410241842269897
2020,10,8,1.8498789072036743
2020,10,9,2.1948299407958984
2020,10,10,2.4620752334594727
2020,10,11,2.5824170112609863
2020,10,12,2.767686367034912
2020,10,13,2.3538525104522705
2020,10,14,1.9953445196151733
2020,10,15,2.085211992263794
2020,10,16,1.9953577518463135
2020,10,17,1.3872345685958862
2020,10,18,0.9589049220085144
2020,10,19,0.5553392767906189
2020,10,20,0.4840307831764221
2020,10,21,0.9744051098823547
2020,10,22,1.3857920169830322
2020,10,23,0.8008006811141968
2020,10,24,0.26363804936408997
2020,10,25,0.04304952919483185
2020,10,26,-0.1618632823228836
2020,10,27,-0.5462256073951721
2020,10,28,-0.3120185136795044
2020,10,29,0.5901273488998413
2020,10,30,1.441897988319397
2020,10,31,1.9406707286834717
2020,11,1,2.3501787185668945
2020,11,2,3.1923577785491943
2020,11,3,3.7953906059265137
2020,11,4,3.469344139099121
2020,11,5,2.797116994857788
2020,11,6,2.128659963607788
2020,11,7,1.74864661693573
2020,11,8,2.386288642883301
2020,11,9,3.0446829795837402
2020,11,10,2.5829195976257324
2020,11,11,1.4304229021072388
2020,11,12,0.45568177103996277
2020,11,13,-0.3127363324165344
2020,11,14,-0.7191034555435181
2020,11,15,-0.9905087947845459
2020,11,16,-1.1406974792480469
2020,11,17,-1.1761192083358765
2020,11,18,-0.9507026672363281
2020,11,19,-0.6703043580055237
2020,11,20,-0.6150075793266296
2020,11,21,-1.0162370204925537
2020,11,22,-1.150537371635437
2020,11,23,-0.7671048641204834
2020,11,24,-0.41990283131599426
2020,11,25,0.3169761598110199
2020,11,26,1.0591213703155518
2020,11,27,1.1674067974090576
2020,11,28,0.6423514485359192
2020,11,29,0.40050458908081055
2020,11,30,0.40724682807922363
2020,12,1,0.4663292467594147
2020,12,2,0.41009047627449036
2020,12,3,0.27164173126220703
2020,12,4,0.4484896659851074
2020,12,5,0.599302351474762
2020,12,6,0.8072213530540466
2020,12,7,1.4188426733016968
2020,12,8,1.763482928276062
2020,12,9,1.7278367280960083
2020,12,10,1.715829610824585
2020,12,11,1.680621862411499
2020,12,12,1.1192742586135864
2020,12,13,0.9447894096374512
2020,12,14,1.1930402517318726
2020,12,15,1.4652386903762817
2020,12,16,1.5803368091583252
2020,12,17,1.4755749702453613
2020,12,18,1.7615646123886108
2020,12,19,2.259474277496338
2020,12,20,2.344428539276123
2020,12,21,2.075270175933838
2020,12,22,1.8689361810684204
2020,12,23,1.4686347246170044
2020,12,24,0.6956066489219666
2020,12,25,0.7253609299659729
2020,12,26,1.379305124282837
2020,12,27,1.7218180894851685
2020,12,28,1.7080270051956177
2020,12,29,1.8929641246795654
2020,12,30,2.446711301803589
2020,12,31,2.763068914413452
2021,1,1,3.090303659439087
2021,1,2,3.2010178565979004
2021,1,3,3.3463752269744873
2021,1,4,3.581183671951294
2021,1,5,3.611654758453369
2021,1,6,3.3929860591888428
2021,1,7,2.848039150238037
2021,1,8,2.041022777557373
2021,1,9,1.1940561532974243
2021,1,10,0.843421459197998
2021,1,11,0.8594171404838562
2021,1,12,1.2858823537826538
2021,1,13,1.5093536376953125
2021,1,14,1.4800809621810913
2021,1,15,1.3678128719329834
2021,1,16,1.066805124282837
2021,1,17,0.17383675277233124
2021,1,18,-1.1807668209075928
2021,1,19,-1.3829731941223145
2021,1,20,-0.6639850735664368
2021,1,21,-0.0056677614338696
2021,1,22,0.02914329059422016
2021,1,23,-0.2513703405857086
2021,1,24,-0.48919224739074707
2021,1,25,-0.9247993230819702
2021,1,26,-0.8388679623603821
2021,1,27,-0.2688467800617218
2021,1,28,-0.09189888089895248
2021,1,29,0.018994199112057686
2021,1,30,0.7736008763313293
2021,1,31,1.5291781425476074
2021,2,1,1.4577056169509888
2021,2,2,1.1967651844024658
2021,2,3,1.327210545539856
2021,2,4,2.1589555740356445
2021,2,5,2.2819926738739014
2021,2,6,1.9010246992111206
2021,2,7,1.4601997137069702
2021,2,8,1.124497652053833
2021,2,9,1.636199951171875
2021,2,10,1.984128475189209
2021,2,11,1.8592835664749146
2021,2,12,1.8952275514602661
2021,2,13,2.191807508468628
2021,2,14,2.2540950775146484
2021,2,15,1.7776119709014893
2021,2,16,1.3086612224578857
2021,2,17,1.3111454248428345
2021,2,18,0.8246989846229553
2021,2,19,-0.18984787166118622
2021,2,20,-0.4398091733455658
2021,2,21,0.2669421434402466
2021,2,22,0.8412342071533203
2021,2,23,0.9830358028411865
2021,2,24,0.8963193297386169
2021,2,25,0.5361756682395935
2021,2,26,0.6712345480918884
2021,2,27,1.174997329711914
2021,2,28,1.509935736656189
2021,3,1,1.4202513694763184
2021,3,2,0.7307376861572266
2021,3,3,-0.06474687904119492
2021,3,4,-0.8570141792297363
2021,3,5,-0.9478160738945007
2021,3,6,-0.9235835075378418
2021,3,7,-1.3483699560165405
2021,3,8,-1.3789575099945068
2021,3,9,-0.6610162258148193
2021,3,10,-0.08454018831253052
2021,3,11,0.551115870475769
2021,3,12,1.2581435441970825
2021,3,13,1.593432903289795
2021,3,14,1.2217389345169067
2021,3,15,0.9764028191566467
2021,3,16,0.4793162941932678
2021,3,17,0.40012070536613464
2021,3,18,0.5860764980316162
2021,3,19,0.5819270610809326
2021,3,20,0.9262077212333679
2021,3,21,0.9534254670143127
2021,3,22,0.5220051407814026
2021,3,23,0.2484004646539688
2021,3,24,-0.08372855931520462
2021,3,25,-0.32406896352767944
2021,3,26,-0.43497204780578613
2021,3,27,-1.0967682600021362
2021,3,28,-1.3679178953170776
2021,3,29,-0.5382349491119385
2021,3,30,0.28268033266067505
2021,3,31,0.5736317038536072
2021,4,1,0.7149728536605835
2021,4,2,0.9550405740737915
2021,4,3,1.0882954597473145
2021,4,4,1.2415776252746582
2021,4,5,1.3782058954238892
2021,4,6,1.5211069583892822
2021,4,7,1.6455717086791992
2021,4,8,1.6911002397537231
2021,4,9,1.2937391996383667
2021,4,10,0.8104857802391052
2021,4,11,0.63967365026474
2021,4,12,0.7781922221183777
2021,4,13,0.5835071802139282
2021,4,14,0.36932095885276794
2021,4,15,0.2981991171836853
2021,4,16,0.3165927231311798
2021,4,17,0.3157903552055359
2021,4,18,0.36360486926602215
2021,4,19,1.3951409433131492
2021,4,20,2.3721712747135215
2021,4,21,2.3362530556841534
2021,4,22,1.682993657917094
2021,4,23,0.9699818741520038
2021,4,24,0.17449118701011893
2021,4,25,-0.5357456035217079
2021,4,26,-0.804432891229917
2021,4,27,-0.500710147341151
2021,4,28,0.024509351963134456
2021,4,29,0.24330536000170072
2021,4,30,0.18322950861251883
2021,5,1,0.5762445324253823
2021,5,2,1.1892472388786715
2021,5,3,1.9604671776982918
2021,5,4,1.863377706368443
2021,5,5,1.4070924071720525
2021,5,6,1.2416453491184323
2021,5,7,1.4289529360004611
2021,5,8,1.4793645630031393
2021,5,9,1.7242368095993454
2021,5,10,2.254017310569409
2021,5,11,2.913767121057948
2021,5,12,3.0205365959893538
2021,5,13,2.610245344497081
2021,5,14,1.8114512769410331
2021,5,15,0.4894541726196317
2021,5,16,-0.4771422014647782
2021,5,17,-0.8168549851090708
2021,5,18,-1.1016433806414818
2021,5,19,-0.5605082861215778
2021,5,20,0.17151889741843881
2021,5,21,0.0804299743627662
2021,5,22,-0.3486543312749157
2021,5,23,-0.3617704475348512
2021,5,24,-0.5366900205772848
2021,5,25,-1.0899882741425955
2021,5,26,-1.922237152669157
2021,5,27,-2.9129246291712128
2021,5,28,-2.980363308667065
2021,5,29,-2.317635904798152
2021,5,30,-1.574568219764446
2021,5,31,-0.6967623828000936
2021,6,1,-0.3754811816039202
2021,6,2,-0.31977428235076244
2021,6,3,0.031535200236063814
2021,6,4,0.23334899381701057
2021,6,5,0.16802114266912238
2021,6,6,0.6567470065259909
2021,6,7,1.0641806462019083
2021,6,8,1.49569493448523
2021,6,9,1.9652094218411822
2021,6,10,1.889352018811539
2021,6,11,1.4737241686722946
2021,6,12,1.2066719246727646
2021,6,13,1.0454791252762663
2021,6,14,1.0400511229584763
2021,6,15,1.2600381572013413
2021,6,16,1.6311370438011588
2021,6,17,1.7378425029645965
2021,6,18,1.9814210710563969
2021,6,19,2.573859575260881
2021,6,20,2.726171615511659
2021,6,21,2.1416641713697513
2021,6,22,1.5724896176294576
2021,6,23,1.4260751927043775
2021,6,24,1.4235720628387876
2021,6,25,1.2771618132768658
2021,6,26,0.8422880325263161
2021,6,27,0.19397438551425925
2021,6,28,-0.02568701580371863
2021,6,29,0.3676426542890919
2021,6,30,1.3299217699474393
2021,7,1,2.235357346045683
2021,7,2,2.266424639566325
2021,7,3,1.6150239532760358
2021,7,4,0.981216638036669
2021,7,5,0.8249365401554989
2021,7,6,0.5769955001063006
2021,7,7,-0.025855035347019283
2021,7,8,-0.8401105771548965
2021,7,9,-1.492913563850043
2021,7,10,-1.4973623292986458
2021,7,11,-1.066278530913862
2021,7,12,-0.7716050927369665
2021,7,13,-0.6451209526956762
2021,7,14,-0.6611388225191974
2021,7,15,-0.9779781114243546
2021,7,16,-1.0117051055275836
2021,7,17,-0.8347179650629176
2021,7,18,-0.48322374320338013
2021,7,19,0.021529054968668214
2021,7,20,0.32439514309502065
2021,7,21,0.21756461949462397
2021,7,22,-0.19918239075670116
2021,7,23,-0.7077588392645674
2021,7,24,-1.2319304696832407
2021,7,25,-1.4022257956275892
2021,7,26,-1.8879784906619632
2021,7,27,-2.3887601640933283
2021,7,28,-2.090399407749588
2021,7,29,-1.5108105470689812
2021,7,30,-1.1124009791736604
2021,7,31,-0.03538822096896281
2021,8,1,0.6402717934640745
2021,8,2,0.4824220527129052
2021,8,3,0.04260549535851757
2021,8,4,0.01331577857938957
2021,8,5,0.09563277508640398
2021,8,6,-0.3751863527639439
2021,8,7,-0.46044603890119074
2021,8,8,0.24842975987584076
2021,8,9,0.4698641617574599
2021,8,10,-0.5065941757441419
2021,8,11,-1.1501210808466757
2021,8,12,-0.7538449682663468
2021,8,13,-0.3334845521393673
2021,8,14,-1.0023182893958222
2021,8,15,-1.5057577389377939
2021,8,16,-1.2135033323154931
2021,8,17,-0.9101078491633451
2021,8,18,-0.6611628789532733
2021,8,19,-0.5728923652174364
2021,8,20,-0.8532465765899309
2021,8,21,-0.7147501031389161
2021,8,22,-0.008261138276860319
2021,8,23,0.3287115338982545
2021,8,24,0.2804054655011015
2021,8,25,-0.07586652330572521
2021,8,26,-0.2942124457774305
2021,8,27,0.4431089325625924
2021,8,28,0.9776380559530605
2021,8,29,0.5051940739031114
2021,8,30,-0.1068149627291385
2021,8,31,0.11594090271336238
2021,9,1,1.0028012694258648
2021,9,2,1.728546618215733
2021,9,3,1.8918507495277264
2021,9,4,1.8075973491317194
2021,9,5,1.6571267507758207
2021,9,6,1.2245179453227142
2021,9,7,0.9043739445352655
2021,9,8,0.6442360401446772
2021,9,9,0.5854254283489867
2021,9,10,0.8376463905682553
2021,9,11,1.1055076711347485
2021,9,12,1.7912528892401882
2021,9,13,1.77056462987109
2021,9,14,1.2420634958573484
2021,9,15,0.9973701934875528
2021,9,16,0.3024800917907622
2021,9,17,0.024814017663300377
2021,9,18,0.10960081624145467
2021,9,19,0.208907609459378
2021,9,20,0.6234953050839817
2021,9,21,1.3165420313967409
2021,9,22,1.5043202627816765
2021,9,23,1.2397963699604617
2021,9,24,1.331453403176916
2021,9,25,2.2010533933663368
2021,9,26,2.6680995790630115
2021,9,27,2.6855085425265237
2021,9,28,2.2062651401452245
2021,9,29,1.6749272429512874
2021,9,30,1.2924851048141295
2021,10,1,0.8923633194463791
2021,10,2,0.58110489440283
2021,10,3,-0.23646888269940686
2021,10,4,-0.643204925755399
2021,10,5,-0.4707829194676927
2021,10,6,-0.5257321613150814
2021,10,7,-0.620591388056914
2021,10,8,-0.552980740096845
2021,10,9,-0.6724710896210715
2021,10,10,-0.7545147822270434
2021,10,11,-0.6711710968889131
2021,10,12,-0.45820320642317336
2021,10,13,-0.2586617545187587
2021,10,14,-0.030179007870136616
2021,10,15,-0.06939081271434827
2021,10,16,-0.20360725805680807
2021,10,17,0.3935617697336986
2021,10,18,1.0502506882964018
2021,10,19,0.9883151289167523
2021,10,20,0.5487238599737132
2021,10,21,0.8195876578792254
2021,10,22,1.425117067896393
2021,10,23,1.4198951697169597
2021,10,24,1.1469389791849693
2021,10,25,0.8643512201234663
2021,10,26,1.2971785771679674
2021,10,27,1.9228039736014069
2021,10,28,1.8330861134959673
2021,10,29,1.4971154137743226
2021,10,30,1.5549969097535714
2021,10,31,1.4012362914679115
2021,11,1,0.9018736267474822
2021,11,2,0.3416655704788547
2021,11,3,0.40834292114378806
2021,11,4,1.0053622917440268
2021,11,5,1.5084057107683069
2021,11,6,1.2558816729151416
2021,11,7,0.7984005443302553
2021,11,8,0.8827023472966028
2021,11,9,1.2339437385543162
2021,11,10,1.5131093571030931
2021,11,11,1.5374332268821849
2021,11,12,0.9993859713851894
2021,11,13,0.8234949717917727
2021,11,14,1.192432026723464
2021,11,15,1.4508126555925787
2021,11,16,1.5542141972515233
2021,11,17,1.2046368185993377
2021,11,18,0.8768570119000403
2021,11,19,0.7236957976940969
2021,11,20,0.6560082172083337
2021,11,21,0.8537859317001674
2021,11,22,1.2523150104163971
2021,11,23,1.6233351228387811
2021,11,24,1.694442214905506
2021,11,25,2.011621137974444
2021,11,26,2.538056008845278
2021,11,27,2.4308663939512662
2021,11,28,2.016295427372817
2021,11,29,1.631292427237146
2021,11,30,1.2174490177816675
2021,12,1,1.444754264363836
2021,12,2,2.226903455541679
2021,12,3,2.6185810301333916
2021,12,4,2.8223056436216205
2021,12,5,3.0583584898997276
2021,12,6,3.6877410289361405
2021,12,7,3.8845250455479854
2021,12,8,3.5487774986890144
2021,12,9,3.1612366622065116
2021,12,10,2.853366885130227
2021,12,11,2.4182277579650666
2021,12,12,2.003880585149548
2021,12,13,1.6448642815177956
2021,12,14,1.001353309331138
2021,12,15,0.6347129024487341
2021,12,16,0.4027606296736756
2021,12,17,0.729117943492366
2021,12,18,1.0430492199891588
2021,12,19,0.8528625900606768
2021,12,20,0.7434337945320914
2021,12,21,1.1474895687518054
2021,12,22,1.7084137121409921
2021,12,23,2.357488745471089
2021,12,24,2.552101419519552
2021,12,25,2.4202916016379667
2021,12,26,2.6336503260755664
2021,12,27,2.666135536943225
2021,12,28,2.5900866033994454
2021,12,29,2.3377425951867
2021,12,30,1.7744559017354709
2021,12,31,1.3611702490301365
2022,1,1,0.8632811170544163
2022,1,2,0.6069147363827393
2022,1,3,0.33376910275221106
2022,1,4,0.16338584817005491
2022,1,5,0.2406120841966469
2022,1,6,0.34943547299473027
2022,1,7,0.7381050972852462
2022,1,8,1.797633400577773
2022,1,9,2.5986654911311824
2022,1,10,2.234560226170702
2022,1,11,1.3666597849654052
2022,1,12,0.6576291960430605
2022,1,13,0.0769356983644497
2022,1,14,-0.06234550478943845
2022,1,15,-0.03643940474175182
2022,1,16,-0.12173378669929116
2022,1,17,0.36122093186868975
2022,1,18,0.6248287459706595
2022,1,19,0.48729502539659003
2022,1,20,0.9541292373708736
2022,1,21,1.2857195742785736
2022,1,22,0.9917617559723869
2022,1,23,0.8612999387292759
2022,1,24,0.7873528470827923
2022,1,25,0.6488050891707046
2022,1,26,0.6651083955102174
2022,1,27,0.5681768369857375
2022,1,28,0.5785871512148714
2022,1,29,1.0479510576056312
2022,1,30,1.5573424534775253
2022,1,31,1.362760309654726
2022,2,1,0.7827228156977094
2022,2,2,0.3130790427899086
2022,2,3,0.015577545083156768
2022,2,4,0.2521054062808681
2022,2,5,0.9367176258784915
2022,2,6,1.1206009821890661
2022,2,7,0.6137629812305939
2022,2,8,-0.2541986318925738
2022,2,9,-1.485241291046381
2022,2,10,-1.4778109473818883
2022,2,11,-0.5850286457711825
2022,2,12,-0.08303398973059199
2022,2,13,0.28290772517269935
2022,2,14,0.9633746161975228
2022,2,15,1.6657648156949258
2022,2,16,1.6449374618160377
2022,2,17,1.1424648072559913
2022,2,18,1.052800863009005
2022,2,19,0.7980207046821602
2022,2,20,0.9195306334014407
2022,2,21,1.3347892883345764
2022,2,22,1.3089236069401606
2022,2,23,1.348042923763686
2022,2,24,1.1373279286072022
2022,2,25,0.8836958128462361
2022,2,26,0.902475795214292
2022,2,27,0.9436864599423407
2022,2,28,0.8161329282269325
2022,3,1,0.3030286013820945
2022,3,2,-0.19195741950460762
2022,3,3,-0.11422490010982987
2022,3,4,0.46773011229569855
2022,3,5,0.8503763656388297
2022,3,6,1.4518997452496964
2022,3,7,1.388060351928673
2022,3,8,0.8660950331635362
2022,3,9,0.6895744876929173
2022,3,10,0.5461319898802476
2022,3,11,0.5374413095101543
2022,3,12,0.5767595261504004
2022,3,13,0.71999002204715
2022,3,14,0.4992479779541546
2022,3,15,-0.2887393980982989
2022,3,16,-0.946982078715778
2022,3,17,-0.621613432701133
2022,3,18,0.18499574601693913
2022,3,19,1.0757777582780692
2022,3,20,1.7042539360942068
2022,3,21,1.9071726733760617
2022,3,22,2.075891718095184
2022,3,23,1.915378661545053
2022,3,24,1.4272930419041339
2022,3,25,1.1413925363214212
2022,3,26,0.6149911025759732
2022,3,27,0.23287515010574716
2022,3,28,-0.32909138016181433
2022,3,29,-1.030489793491106
2022,3,30,-0.9351088492894558
2022,3,31,-0.10518430310201064
2022,4,1,0.741735823839864
2022,4,2,0.8536138087072593
2022,4,3,0.2058419643582828
2022,4,4,-0.49136851721153674
2022,4,5,-1.0530127086994656
2022,4,6,-0.9393258178930501
2022,4,7,-0.31439573069816
2022,4,8,0.2091271326225096
2022,4,9,0.4073604914027376
2022,4,10,0.7864005378082444
2022,4,11,1.4778440149639982
2022,4,12,1.7659862568401012
2022,4,13,1.5604907397087544
2022,4,14,1.4138913457009472
2022,4,15,1.606876016959498
2022,4,16,1.7862121759406242
2022,4,17,1.4296932094960662
2022,4,18,1.1696883251536963
2022,4,19,1.3528151373661244
2022,4,20,1.6870009933669567
2022,4,21,2.03330708147265
2022,4,22,1.6196769719430995
2022,4,23,0.7406814912716183
2022,4,24,-0.03627527465581446
2022,4,25,-1.083713559079205
2022,4,26,-1.4802796405798113
2022,4,27,-1.2223913826712853
2022,4,28,-0.7771965259081384
2022,4,29,-0.13164698614129522
2022,4,30,-0.00903570188827119
2022,5,1,0.5864682289121084
2022,5,2,1.229580377494576
2022,5,3,1.471576640919429
2022,5,4,1.6614455611214738
2022,5,5,1.7403566619246817
2022,5,6,1.4144192163174356
2022,5,7,0.7781372203594805
2022,5,8,0.09872299778263616
2022,5,9,0.002566924504157402
2022,5,10,0.39430693708191583
2022,5,11,0.8332016984581423
2022,5,12,0.8364077619218867
2022,5,13,0.16030080266085314
2022,5,14,-0.72324661746783
2022,5,15,-0.9346546605954242
2022,5,16,0.2601744015180921
2022,5,17,1.109129173185723
2022,5,18,0.8802914652955928
2022,5,19,0.26056231305710265
2022,5,20,0.23367500475263803
2022,5,21,0.22684580196662887
2022,5,22,-0.06993258151186285
2022,5,23,-0.5228969078676613
2022,5,24,-0.9520796675119036
2022,5,25,-1.1911918449743695
2022,5,26,-1.1337460354003088
2022,5,27,-1.415521989535843
2022,5,28,-1.3606844119660138
2022,5,29,-1.0364034100115957
2022,5,30,-1.1316842621352197
2022,5,31,-0.8990152497018289
2022,6,1,-0.2032330860638245
2022,6,2,0.09926466891360869
2022,6,3,-0.3139112101289042
2022,6,4,0.034513997784469425
2022,6,5,0.3336741715226743
2022,6,6,0.15406020376850083
2022,6,7,-0.17815547061740927
2022,6,8,-0.9872399303277807
2022,6,9,-1.935697228367391
2022,6,10,-2.257172284747841
2022,6,11,-2.1607308727321013
2022,6,12,-2.0639984814496692
2022,6,13,-2.410886237605793
2022,6,14,-2.619218286819529
2022,6,15,-2.6794312805410243
2022,6,16,-2.9618206893642496
2022,6,17,-3.1302172132622332
2022,6,18,-3.0591800412611967
2022,6,19,-2.835594384247821
2022,6,20,-2.475656102676798
2022,6,21,-2.170448204821681
2022,6,22,-1.2793659917513676
2022,6,23,-0.2855453272127297
2022,6,24,0.5522758830027459
2022,6,25,0.9185619296731848
2022,6,26,1.52730312346303
2022,6,27,2.2422446313276723
2022,6,28,2.4996904823872717
2022,6,29,1.581469702741865
2022,6,30,0.7883768191070558
2022,7,1,0.5604361244462819
2022,7,2,1.3485987432956665
2022,7,3,2.1556049317181722
2022,7,4,1.923565533116758
2022,7,5,1.130932466968806
2022,7,6,0.5429744426230773
2022,7,7,0.05445132877521454
2022,7,8,0.03953666130517263
2022,7,9,0.210574228661997
2022,7,10,0.4769694447229199
2022,7,11,0.152629518807249
2022,7,12,-0.5338870447068804
2022,7,13,-0.6459528044503259
2022,7,14,0.22694348448422427
2022,7,15,1.0556007097295785
2022,7,16,0.8527916015561947
2022,7,17,0.7420798041861716
2022,7,18,1.0583613807614303
2022,7,19,1.3871153997021048
2022,7,20,1.3701466488321359
2022,7,21,0.5557834853535678
2022,7,22,0.2220770225759527
2022,7,23,0.33248631462264255
2022,7,24,0.46458424139585375
2022,7,25,0.2459477536780802
2022,7,26,0.5422452052491642
2022,7,27,0.31801447591862514
2022,7,28,-0.11667847043189426
2022,7,29,-0.521330909436875
2022,7,30,-1.1098355836028624
2022,7,31,-1.7668771201749487
2022,8,1,-1.8901490894756359
2022,8,2,-1.5927716249800863
2022,8,3,-1.29705483561615
2022,8,4,-0.8841706379249957
2022,8,5,-0.6754616127142637
2022,8,6,-0.3802471548785074
2022,8,7,0.2856208546925354
2022,8,8,1.070080549984915
2022,8,9,0.651373205673792
2022,8,10,0.0005941916466202663
2022,8,11,0.47695492226691505
2022,8,12,0.3805519136113995
2022,8,13,-0.5541660251027971
2022,8,14,-0.5499473512351449
2022,8,15,-0.5881229512360815
2022,8,16,-1.0580835320216742
2022,8,17,0.0015577243248899961
2022,8,18,0.953631498920126
2022,8,19,1.2462588656875875
2022,8,20,1.6747925448988332
2022,8,21,2.369897146714408
2022,8,22,2.290721432205873
2022,8,23,2.1660870012176545
2022,8,24,2.1252037457538124
2022,8,25,1.98896140959577
2022,8,26,1.7684364934757095
2022,8,27,1.6858755291847998
2022,8,28,1.8190247504160073
2022,8,29,2.379153111151709
2022,8,30,3.0157025665720743
2022,8,31,2.899700536903762
2022,9,1,2.476510521465429
2022,9,2,1.8009732552180469
2022,9,3,0.7256649275128711
2022,9,4,0.24032812552818456
2022,9,5,0.6887940608628979
2022,9,6,1.4293180813374107
2022,9,7,2.225418212273716
2022,9,8,2.719822745959162
2022,9,9,2.6770853141512374
2022,9,10,2.1066047098377165
2022,9,11,1.1630464503592008
2022,9,12,0.3673837129206223
2022,9,13,0.38107356900750455
2022,9,14,0.9210730000683702
2022,9,15,1.161186013580521
2022,9,16,1.1098990092513148
2022,9,17,1.1785085612060215
2022,9,18,1.2084880656796133
2022,9,19,1.0266361329729206
2022,9,20,1.398061952701097
2022,9,21,1.7571381730332545
2022,9,22,1.947128658757454
2022,9,23,1.9018377179324284
2022,9,24,1.5177750703615436
2022,9,25,1.1123569347339786
2022,9,26,1.0163038661448698
2022,9,27,1.1879829727516107
2022,9,28,1.200556436928345
2022,9,29,1.7005206221348543
2022,9,30,2.056281156980063
2022,10,1,1.6444691078212896
2022,10,2,0.767725939134177
2022,10,3,-0.3359200603067125
2022,10,4,-0.42674501642307694
2022,10,5,0.0946358398743329
2022,10,6,0.04898025087635088
2022,10,7,0.5431695405435112
2022,10,8,1.8275162042350062
2022,10,9,2.5916037935807865
2022,10,10,2.182882362813291
2022,10,11,1.6234115788209231
2022,10,12,1.4870789524964068
2022,10,13,1.324951779184513
2022,10,14,1.1600531158491727
2022,10,15,0.9344436711023798
2022,10,16,0.9413121036764016
2022,10,17,1.7134453087259929
2022,10,18,1.4601763536209529
2022,10,19,0.6335013687459861
2022,10,20,-0.26457978315920677
2022,10,21,-0.21482156064844518
2022,10,22,0.05331865264798093
2022,10,23,-0.03213146120644475
2022,10,24,-0.5020540197155042
2022,10,25,-1.194795614852225
2022,10,26,-1.6489439672772306
2022,10,27,-1.7738130943590598
2022,10,28,-1.9180141242068631
2022,10,29,-2.1205599948284175
2022,10,30,-1.278673280469976
2022,10,31,0.4728507694180043
2022,11,1,1.537850410052906
2022,11,2,1.9718569927535965
2022,11,3,2.1624772496069244
2022,11,4,2.3951532604866954
2022,11,5,2.5382503989143874
2022,11,6,2.694009330198447
2022,11,7,2.7723787545051004
2022,11,8,2.8530477746478757
2022,11,9,2.9269989445306743
2022,11,10,3.0441791140249137
2022,11,11,2.8616974945253966
2022,11,12,2.423408873085966
2022,11,13,1.7134541986094316
2022,11,14,1.69836824631668
2022,11,15,2.283084599928942
2022,11,16,2.015630610476279
2022,11,17,1.239771407732462
2022,11,18,0.9629273768378218
2022,11,19,0.7769204823375757
2022,11,20,0.5800832282542345
2022,11,21,0.5272591760271769
2022,11,22,0.32480808365389807
2022,11,23,0.3259404639452165
2022,11,24,0.4707592063905222
2022,11,25,1.4361431706983196
2022,11,26,2.0576216340902604
2022,11,27,1.6578970218053124
2022,11,28,0.8596520439403971
2022,11,29,0.32363361838600385
2022,11,30,0.052449191048333364
2022,12,1,0.252047408370929
2022,12,2,0.3645630805648583
2022,12,3,0.3139616388258488
2022,12,4,0.32932710622951655
2022,12,5,0.4813182017994493
2022,12,6,0.3008201545061616
2022,12,7,0.01568162142322397
2022,12,8,0.2131056289913033
2022,12,9,0.9183728022320481
2022,12,10,1.824781980894478
2022,12,11,2.502103415981761
2022,12,12,2.565578143849503
2022,12,13,1.9295249399873775
2022,12,14,1.4160998542228715
2022,12,15,1.4385575808385582
2022,12,16,1.4947513874910423
2022,12,17,1.365971969539812
2022,12,18,1.5289906285160995
2022,12,19,1.8947196587091328
2022,12,20,2.2540125687602752
2022,12,21,2.5449308059368145
2022,12,22,2.551174343143046
2022,12,23,2.1799155880075425
2022,12,24,1.972233171908282
2022,12,25,1.9597128382783076
2022,12,26,2.1951661577388624
2022,12,27,2.4581556353822505
2022,12,28,2.6542711066264797
2022,12,29,2.819325562554797
2022,12,30,3.0488271388723227
2022,12,31,2.95898412982793
2023,1,1,2.7526042460370945
2023,1,2,2.4725789340052144
2023,1,3,2.2502812851065754
2023,1,4,2.5468762745711273
2023,1,5,2.8212278508692186
2023,1,6,2.648047315950976
2023,1,7,2.4807252993667146
2023,1,8,2.5633149539066267
2023,1,9,2.464941938413739
2023,1,10,2.4497687934062125
2023,1,11,2.344814425339821
2023,1,12,2.5813288026713597
2023,1,13,2.9582496216995353
2023,1,14,3.318308893315289
2023,1,15,3.413184916889727
2023,1,16,3.314484342340794
2023,1,17,3.12747092244703
2023,1,18,2.8033380225470332
2023,1,19,2.104098726743583
2023,1,20,1.4518569243317898
2023,1,21,0.8445194877392881
2023,1,22,0.6313577034174288
2023,1,23,0.8613014347917044
2023,1,24,0.6934925009565802
2023,1,25,0.8901213146679032
2023,1,26,1.4334998616922965
2023,1,27,2.0033779113180077
2023,1,28,2.194956529598246
2023,1,29,2.165942560675386
2023,1,30,2.193362601103502
2023,1,31,2.0005409434981214
2023,2,1,1.2594287340330577
2023,2,2,1.4776340281407319
2023,2,3,2.3823731249327382
2023,2,4,2.6023140511303287
2023,2,5,1.8400480604459344
2023,2,6,0.8802762400101078
2023,2,7,0.28980846264438925
2023,2,8,-0.41586392581406517
2023,2,9,-0.4937817031321439
2023,2,10,-0.46240504619046413
2023,2,11,-0.5774052069613136
2023,2,12,-0.5381184458155485
2023,2,13,-0.6504178376582986
2023,2,14,-0.9548546559933905
2023,2,15,-1.0271380073013812
2023,2,16,-0.4994448722059398
2023,2,17,0.39299383950253075
2023,2,18,0.585316035636027
2023,2,19,0.5005334120974653
2023,2,20,0.6416544524490886
2023,2,21,0.4940126353768493
2023,2,22,0.8978527318218695
2023,2,23,1.492456662442713
2023,2,24,1.4645540074467704
2023,2,25,1.3457665067514666
2023,2,26,1.1547973141515335
2023,2,27,0.6701219486664394
2023,2,28,0.1228353899257109
2023,3,1,-0.29106758516706116
2023,3,2,-0.3456452719592579
2023,3,3,-0.36382381671276653
2023,3,4,-0.20097448579078855
2023,3,5,-0.2005220974028875
2023,3,6,-0.24955604846428536
2023,3,7,-0.5842756714209217
2023,3,8,-1.237611279420536
2023,3,9,-2.2462759144194933
2023,3,10,-2.6469552244893007
2023,3,11,-2.3093613139248506
2023,3,12,-1.8990973857786466
2023,3,13,-1.3421186080709697
2023,3,14,-0.4634788468942718
2023,3,15,0.241551231590005
2023,3,16,0.6128381252566434
2023,3,17,0.5015982427675347
2023,3,18,0.4460780749286431
2023,3,19,0.8003401275628905
2023,3,20,1.421426075962992
2023,3,21,2.1028454081632333
2023,3,22,2.0290384705632283
2023,3,23,1.4068453687394893
2023,3,24,0.6164517572840329
2023,3,25,-0.7463663013548247
2023,3,26,-1.474725757921654
2023,3,27,-0.8451955789599793
2023,3,28,-0.004716494128431711
2023,3,29,0.2802138349969617
2023,3,30,-0.07710413802956144
2023,3,31,-0.7244054478038441
2023,4,1,-1.2206715096282699
2023,4,2,-1.6110885347986261
2023,4,3,-1.4327677244489483
2023,4,4,-0.7820461281504775
2023,4,5,-0.5254697136859228
2023,4,6,-0.7850893972781399
2023,4,7,-0.9772987567454066
2023,4,8,-0.8174815757225306
2023,4,9,-0.748447661036341
2023,4,10,-1.0587122472716777
2023,4,11,-2.0781220663241085
2023,4,12,-2.479382367125028
2023,4,13,-1.7104813075397038
2023,4,14,-0.8770700478970523
2023,4,15,-1.0885252017589766
2023,4,16,-1.7569483904972942
2023,4,17,-1.197078381241128
2023,4,18,-0.4145903351464062
2023,4,19,-0.14146058018793684
2023,4,20,-0.2819703483251801
2023,4,21,-0.11873465071770362
2023,4,22,-0.007575996524368963
2023,4,23,0.1018749005458871
2023,4,24,0.039288545280507646
2023,4,25,-0.5417822195312842
2023,4,26,-1.062791608448226
2023,4,27,-1.5741096047395424
2023,4,28,-1.4788186265520789
2023,4,29,-0.45475118602668485
2023,4,30,0.3752661696919932
2023,5,1,0.4855005725701106
2023,5,2,0.44865339969335316
2023,5,3,0.4909268812861066
2023,5,4,1.084789673862708
2023,5,5,1.2640723494298614
2023,5,6,1.3650612004017348
2023,5,7,1.549511419356158
2023,5,8,0.9040383580424338
2023,5,9,-0.0717087357955117
2023,5,10,0.09571334441551584
2023,5,11,1.6865683016953308
2023,5,12,3.9239485808029815
2023,5,13,4.245430464383663
2023,5,14,3.8044676109336186
2023,5,15,3.507596014071805
2023,5,16,2.631169727014197
2023,5,17,2.2192829789945905
2023,5,18,2.602918563986936
2023,5,19,2.7994067242555243
2023,5,20,2.0182538769417606
2023,5,21,1.4307051588423854
2023,5,22,0.5184429491552847
2023,5,23,-0.32353111689623687
2023,5,24,-0.5087749736386147
2023,5,25,0.012777953282555333
2023,5,26,0.5379278088662316
2023,5,27,0.548334063207861
2023,5,28,0.661736203364735
2023,5,29,1.1489917929252609
2023,5,30,1.1672728917681674
2023,5,31,1.067780988191358
2023,6,1,0.676004920680577
2023,6,2,0.13338597003162653
2023,6,3,0.21563678397490765
2023,6,4,0.5869133436207752
2023,6,5,0.8777270797478801
2023,6,6,1.109714238797956
2023,6,7,0.651774005853992
2023,6,8,-0.3504211710512354
2023,6,9,-1.143718060009112
2023,6,10,-1.1190240261633
2023,6,11,-1.1673181827022765
2023,6,12,-1.4528122484845087
2023,6,13,-1.6636379440444689
2023,6,14,-1.941728300592438
2023,6,15,-2.32269634818354
2023,6,16,-1.9050265986459987
2023,6,17,-1.4049268865275608
2023,6,18,-1.047533884077515
2023,6,19,-0.9883117926297257
2023,6,20,-0.6492657046394342
2023,6,21,-0.2670851642090053
2023,6,22,-0.1436015882777877
2023,6,23,-0.07451039415043358
2023,6,24,0.6004205123280019
2023,6,25,1.2005292769389937
2023,6,26,0.8233164396986767
2023,6,27,0.38366671520971396
2023,6,28,0.44269263099850975
2023,6,29,-0.6838278663788697
2023,6,30,-2.116276197439802
2023,7,1,-2.212677460137168
2023,7,2,-1.7481066724781125
2023,7,3,-1.5198063823898476
2023,7,4,-1.5466080538974347
2023,7,5,-1.3026686735034585
2023,7,6,-1.2113207131873958
2023,7,7,-1.0996119712921024
2023,7,8,-1.3022146899454898
2023,7,9,-1.1590768118614128
2023,7,10,-1.1014337544548354
2023,7,11,-0.8615615712203116
2023,7,12,-0.9880892881063584
2023,7,13,-1.5521933144650757
2023,7,14,-1.914246985258036
2023,7,15,-2.0170215293820206
2023,7,16,-2.015992648632326
2023,7,17,-1.6537426391283025
2023,7,18,-1.3473887994833111
2023,7,19,-1.2655417051265825
2023,7,20,-1.0974416459535843
2023,7,21,-0.8963181581240446
2023,7,22,-0.35358103917195394
2023,7,23,0.22817032312320043
2023,7,24,0.629923737734535
2023,7,25,0.768840244308487
2023,7,26,0.8005248315999243
2023,7,27,0.7153479185714877
2023,7,28,0.81034239561129
2023,7,29,1.1479197733198514
2023,7,30,0.7079296144981452
2023,7,31,-0.17692209477101306
2023,8,1,-0.20673434269583077
2023,8,2,0.2026068898061468
2023,8,3,0.35632982399887175
2023,8,4,0.15103351825135286
2023,8,5,0.2952874592199793
2023,8,6,0.5018196273922643
2023,8,7,0.6907813874138422
2023,8,8,0.7016400292530375
2023,8,9,1.2894692283048401
2023,8,10,1.818153047385002
2023,8,11,1.7813762798679678
2023,8,12,1.4097416217939023
2023,8,13,1.108225226708748
2023,8,14,1.3732950645811168
2023,8,15,1.0519507044707357
2023,8,16,0.66456252367331
2023,8,17,0.1378580009340357
2023,8,18,-0.2793228987763727
2023,8,19,-0.7886599083061251
2023,8,20,-1.350046121241945
2023,8,21,-1.6278425489555184
2023,8,22,-1.5830342883513726
2023,8,23,-1.326910775237964
2023,8,24,-1.4724200380640025
2023,8,25,-1.5302609244972496
2023,8,26,-1.2169559850602059
2023,8,27,-0.6128046000321881
2023,8,28,-0.41851607398787327
2023,8,29,-0.8776491985865884
2023,8,30,-0.8340296696223338
2023,8,31,-0.6275569330692063
2023,9,1,-0.5582132576756854
2023,9,2,-0.44922887237855785
2023,9,3,0.12221847658978031
2023,9,4,0.573296672627805
2023,9,5,0.44591703483820094
2023,9,6,0.33386610980288184
2023,9,7,-0.0846542930952735
2023,9,8,-0.730195250317711
2023,9,9,-1.8858519842521073
2023,9,10,-2.8461322197316243
2023,9,11,-2.8488459650100024
2023,9,12,-2.660286827874619
2023,9,13,-2.6997286264855673
2023,9,14,-2.5501159106405495
2023,9,15,-2.452237545746842
2023,9,16,-2.2694555235400284
2023,9,17,-1.7016980216800934
2023,9,18,-1.7272791646779009
2023,9,19,-1.9209497347885558
2023,9,20,-1.872261099456321
2023,9,21,-1.7076340175571614
2023,9,22,-1.2119189213208235
2023,9,23,-0.6074689670656445
2023,9,24,-0.14745989200811407
2023,9,25,0.2955783368480991
2023,9,26,0.6071205575794762
2023,9,27,0.7521371931413786
2023,9,28,0.3424362251346475
2023,9,29,-0.3671851206414217
2023,9,30,-0.6305570351861085
2023,10,1,-0.3672674346177571
2023,10,2,0.6956038029414148
2023,10,3,2.7356748190073734
2023,10,4,3.425537028180739
2023,10,5,2.8274614759417784
2023,10,6,1.8825922518341438
2023,10,7,0.3355019746687313
2023,10,8,-0.2611664373039034
2023,10,9,-0.3285259162247204
2023,10,10,0.019689678451018964
2023,10,11,-0.05308832192419562
2023,10,12,-0.24392765688559187
2023,10,13,0.007096157503092199
2023,10,14,0.33553168173386144
2023,10,15,0.61178895068541
2023,10,16,0.9952003117094942
2023,10,17,1.3398207272004812
2023,10,18,1.2777619573211076
2023,10,19,0.959974242591345
2023,10,20,0.41544294349426414
2023,10,21,0.037970944243364564
2023,10,22,-0.3168544820975748
2023,10,23,-0.6469020566933935
2023,10,24,-0.9589189065113094
2023,10,25,-1.0788777172901671
2023,10,26,-0.9707573650339952
2023,10,27,-0.7951522427985763
2023,10,28,-0.3278978883111342
2023,10,29,0.7693867742053344
2023,10,30,1.7456528131244073
2023,10,31,1.8517669892177433
2023,11,1,2.084898589644611
2023,11,2,2.371112222214291
2023,11,3,2.139225338859217
2023,11,4,1.6319705564890548
2023,11,5,1.457152776743586
2023,11,6,0.9530197172489289
2023,11,7,0.36962724933391367
2023,11,8,-0.08352340362968518
2023,11,9,-0.1739937981270604
2023,11,10,0.1994749263590675
2023,11,11,0.7827217556020397
2023,11,12,0.6793447231521189
2023,11,13,-0.1012337089824778
2023,11,14,-0.6188669158962516
2023,11,15,-0.7035472961553555
2023,11,16,-0.7192366688104889
2023,11,17,-0.7835558121860999
2023,11,18,-0.7077835721883505
2023,11,19,-0.6651006462453375
2023,11,20,-0.8787972948471047
2023,11,21,-0.9865591668200627
2023,11,22,-0.9302822809368617
2023,11,23,-0.4224165925294271
2023,11,24,-0.01733354934758792
2023,11,25,0.4239550139308683
2023,11,26,0.3948087274873469
2023,11,27,-0.23147734685150795
2023,11,28,-0.7012409546394873
2023,11,29,-1.019450032312222
2023,11,30,-1.0247324149593553
2023,12,1,-0.9666351325756918
2023,12,2,-0.9374929252039617
2023,12,3,-0.7229772697639941
2023,12,4,-0.24586016830512883
2023,12,5,0.2570644337512704
2023,12,6,0.1638857832368761
2023,12,7,0.14293327213787765
2023,12,8,0.7078482565723722
2023,12,9,2.070295422329886
2023,12,10,2.5870898909080933
2023,12,11,2.4392783421593527
2023,12,12,1.6410764072281463
2023,12,13,0.6397719990403855
2023,12,14,-0.05395084007157851
2023,12,15,0.258175929804677
2023,12,16,1.0290610493262438
2023,12,17,1.7050773819530503
2023,12,18,2.3453898430347744
2023,12,19,2.8393180739367874
2023,12,20,2.9593678560154566
2023,12,21,2.5535493941490177
2023,12,22,1.9965146732094505
2023,12,23,1.950259822193452
2023,12,24,2.5124997467516295
2023,12,25,2.828087938034701
2023,12,26,2.821733966609413
2023,12,27,2.695764289343393
2023,12,28,2.474704503316145
2023,12,29,2.1736408653269317
2023,12,30,2.086622833457946
2023,12,31,2.1052808072183256
2024,1,1,2.3513443669250926
2024,1,2,2.218088004809503
2024,1,3,2.086206490137437
2024,1,4,2.557694435377456
2024,1,5,2.775617265670731
2024,1,6,2.594443394613261
2024,1,7,2.1644358459295625
2024,1,8,1.9019124922993997
2024,1,9,1.7673302864390308
2024,1,10,1.6523417075695817
2024,1,11,1.6160107692940766
2024,1,12,1.1255384682796328
2024,1,13,0.6411267761764703
2024,1,14,0.8669418759241111
2024,1,15,1.1002944787334321
2024,1,16,1.3561471191015018
2024,1,17,1.2351637918431577
2024,1,18,0.8119910970195988
2024,1,19,0.34801830243653714
2024,1,20,0.32268355033592944
2024,1,21,0.564249385346988
2024,1,22,0.2167767191252454
2024,1,23,-0.1812061702150052
2024,1,24,-0.4488583685176563
2024,1,25,-0.4157055184270808
2024,1,26,-0.19411353271912932
2024,1,27,-0.4080833207502593
2024,1,28,-0.5789875632443994
2024,1,29,-0.8432437403316223
2024,1,30,-1.0322814832667357
2024,1,31,-0.6908698606935033
2024,2,1,-0.4923121105826854
2024,2,2,-0.5125952137705723
2024,2,3,-0.4791945136986295
2024,2,4,-0.07025105436273023
2024,2,5,0.48924556374680567
2024,2,6,1.0627145390297732
2024,2,7,1.1465085651241405
2024,2,8,0.9765235614701074
2024,2,9,0.9775453575508636
2024,2,10,0.9522038656004299
2024,2,11,0.43732055573224865
2024,2,12,0.6388315529839148
2024,2,13,1.1007335207300437
2024,2,14,1.2121584512093384
2024,2,15,1.7403366154404332
2024,2,16,2.0825596723510715
2024,2,17,1.7835367456922253
2024,2,18,1.167336859368569
2024,2,19,1.0661009894471267
2024,2,20,1.1671868411097681
2024,2,21,0.8207829883813861
2024,2,22,0.47830391615518547
2024,2,23,0.25336068973531994
2024,2,24,0.5974047953628604
2024,2,25,1.1374070290722074
2024,2,26,1.9257866191380224
2024,2,27,2.5913886549196103
2024,2,28,2.6416260238469147
2024,2,29,2.1938687965854244
2024,3,1,1.8981874538261705
2024,3,2,1.1021209842567483
2024,3,3,0.34318248421938563
2024,3,4,0.4288109142166401
2024,3,5,1.1144364323272666
2024,3,6,1.4457373426593803
2024,3,7,1.091488172671564
2024,3,8,0.15735540208960053
2024,3,9,-0.40545690431347275
2024,3,10,-0.28417010053761615
2024,3,11,-0.6717002402301437
2024,3,12,-1.450632845894578
2024,3,13,-1.8257363628037835
2024,3,14,-2.3163067030475726
2024,3,15,-2.6601604698668955
2024,3,16,-2.7691664290199367
2024,3,17,-2.3693953085951502
2024,3,18,-1.4542772830487103
2024,3,19,-0.8004708774426338
2024,3,20,-0.38202969441495355
2024,3,21,-0.15988315491413316
2024,3,22,0.27544667921713717
2024,3,23,1.2334886020635303
2024,3,24,1.2166128401835983
2024,3,25,-0.27141275840214907
2024,3,26,-0.6433639289506506
2024,3,27,-0.13110374023223756
2024,3,28,0.5738136859457545
2024,3,29,1.35643027098498
2024,3,30,1.9959230354073818
2024,3,31,2.5545395118960688
2024,4,1,2.6425498321196446
2024,4,2,2.4036443627613155
2024,4,3,1.9723594580940857
2024,4,4,1.5128911944755628
2024,4,5,1.332992113749861
2024,4,6,1.4790322317915272
2024,4,7,1.7188903432810125
2024,4,8,1.6587976115071805
2024,4,9,1.3271718461334994
2024,4,10,1.2516637697583783
2024,4,11,1.0736586853132932
2024,4,12,1.0127076113321754
2024,4,13,1.0443522983447313
2024,4,14,1.3316969391040177
2024,4,15,0.8839865634603392
2024,4,16,0.3282852546099217
2024,4,17,0.23009485358687845
2024,4,18,0.4212428651476211
2024,4,19,0.9401786069056576
2024,4,20,0.9663109735213828
2024,4,21,0.7447656045712494
2024,4,22,0.766188626248419
2024,4,23,0.23707246865385062
2024,4,24,-0.3325194320815756
2024,4,25,0.5131969533880897
2024,4,26,1.1062676360378079
2024,4,27,0.5314308248769907
2024,4,28,0.17915029173284455
2024,4,29,0.08453832561455789
2024,4,30,-0.35326179893418896
2024,5,1,-1.003492439544943
2024,5,2,-1.9789751211144213
2024,5,3,-1.8985847079094789
2024,5,4,-1.4813494917974683
2024,5,5,-1.0217675644453188
2024,5,6,-0.27131971894964774
2024,5,7,0.5208419984802398
2024,5,8,0.5995046211427848
2024,5,9,0.016154080116041195
2024,5,10,-0.267754142326938
2024,5,11,-0.13217897471152695
2024,5,12,0.1738233740222891
2024,5,13,0.5595645733066613
2024,5,14,0.6952535367163889
2024,5,15,0.6571422698298627
2024,5,16,0.2225351015553197
2024,5,17,0.8084345274281087
2024,5,18,1.4076634607438352
2024,5,19,1.6132645634950127
2024,5,20,1.7182718946403766
2024,5,21,1.8046212589934347
2024,5,22,1.7768188964499814
2024,5,23,1.12816690324497
2024,5,24,0.33637894283615033
2024,5,25,-0.6020068907837881
2024,5,26,-1.0293700553783853
2024,5,27,-1.1147894617532406
2024,5,28,-1.2989783285952425
2024,5,29,-1.2543150141335846
2024,5,30,-1.6302027359945288
2024,5,31,-1.3138006206578292
2024,6,1,-0.42068179885961865
2024,6,2,-0.6156889947409486
2024,6,3,-0.7652752061843616
2024,6,4,-0.1573740855442403
2024,6,5,0.33479000312000634
2024,6,6,0.31073116849719873
2024,6,7,0.579476163861943
2024,6,8,0.8479721478894687
2024,6,9,0.9191434971330797
2024,6,10,0.5069788331807953
2024,6,11,0.01241201996635803
2024,6,12,-0.6706511886172901
2024,6,13,-0.5930281767700002
2024,6,14,-0.18818316000513113
2024,6,15,-0.2729539210222905
2024,6,16,-0.6837664160577743
2024,6,17,-0.7423897332645679
2024,6,18,-0.36114570579251604
2024,6,19,-0.14300000279068797
2024,6,20,0.5526647343746117
2024,6,21,1.0270193402033894
2024,6,22,0.8854156525348746
2024,6,23,1.1495974722559477
2024,6,24,1.7159508471503129
2024,6,25,1.9956164777840295
2024,6,26,1.8431833816809282
2024,6,27,1.2042250833872092
2024,6,28,0.2617137215854701
2024,6,29,-1.1276810032005764
2024,6,30,-1.4021719209089396
2024,7,1,-1.2771496657727202
2024,7,2,-0.8241045069100259
2024,7,3,0.053581771774749494
2024,7,4,0.6024845735599278
2024,7,5,0.23894802697152542
2024,7,6,-0.5568606359950338
2024,7,7,-0.821520642770898
2024,7,8,-0.42634989852034244
2024,7,9,-0.10648411154287218
2024,7,10,0.22359149348479163
2024,7,11,1.1168618840640345
2024,7,12,1.7125058658257404
2024,7,13,1.9083531551404254
2024,7,14,2.1989866759941523
2024,7,15,1.8973749419035613
2024,7,16,1.8868982477343672
2024,7,17,1.1548153733599322
2024,7,18,0.2519366960792083
2024,7,19,-0.19349656215365152
2024,7,20,-1.015799216167179
2024,7,21,-1.4798671825504643
2024,7,22,-1.7333558276193588
2024,7,23,-1.6786721597631096
2024,7,24,-1.8687429685491508
2024,7,25,-2.3146820736193985
2024,7,26,-2.539884349215461
2024,7,27,-2.770207626683914
2024,7,28,-3.4219186166089175
2024,7,29,-3.486841511653754
2024,7,30,-2.584734271100834
2024,7,31,-2.0640952137432986
2024,8,1,-2.565838526359668
2024,8,2,-3.454826020727249
2024,8,3,-4.415215368117116
2024,8,4,-4.459035723653215
2024,8,5,-4.337996562307951
2024,8,6,-4.278865461096123
2024,8,7,-4.152121907877904
2024,8,8,-3.807750621060233
2024,8,9,-3.398972347212014
2024,8,10,-3.4150603808283884
2024,8,11,-3.59490185942924
2024,8,12,-3.506423374055222
2024,8,13,-3.3945794832838003
2024,8,14,-3.5107919308492592
2024,8,15,-3.040450649357514
2024,8,16,-2.2528475888289994
2024,8,17,-1.7336262186133813
2024,8,18,-1.4017613118715393
2024,8,19,-0.876961569477037
2024,8,20,-0.6475319043847213
2024,8,21,-0.1903356352179408
2024,8,22,-0.10298766865824958
2024,8,23,-0.5139612042713554
2024,8,24,-0.3509892490643781
2024,8,25,0.014041731821916908
2024,8,26,-0.08860757957760872
2024,8,27,-0.16376932024988217
2024,8,28,-0.06495436392694974
2024,8,29,-0.2712702122126366
2024,8,30,-0.3589922286146792
2024,8,31,-0.014067434273943639
2024,9,1,-0.2595133528155506
2024,9,2,-0.17147378308119185
2024,9,3,0.8830800321330725
2024,9,4,1.536471312130227
2024,9,5,1.683487168207337
2024,9,6,1.3502946465923742
2024,9,7,0.6670393193360922
2024,9,8,0.891464888432598
2024,9,9,0.9613416108169108
2024,9,10,0.8819990334551023
2024,9,11,1.468194588239538
2024,9,12,1.7974148669248513
2024,9,13,1.7075951574173818
2024,9,14,1.748063232270667
2024,9,15,1.5531994726880916
2024,9,16,1.1061520369829638
2024,9,17,0.5020962445242512
2024,9,18,-0.2850849242914794
2024,9,19,-0.5741718148477445
2024,9,20,-0.5854248080944743
2024,9,21,-0.7827536824861776
2024,9,22,-0.8599612806720246
2024,9,23,-1.0043480312537476
2024,9,24,-1.2532391536912104
2024,9,25,-1.7148269406479166
2024,9,26,-1.365226840857837
2024,9,27,-1.4000609417780705
2024,9,28,-1.967750708489234
2024,9,29,-2.1009304350162172
2024,9,30,-1.6575085349167293
2024,10,1,-1.01921507608347
2024,10,2,-0.3199998771516981
2024,10,3,0.08474915180551612
2024,10,4,0.0038257788476616325
2024,10,5,-0.5954670934834236
2024,10,6,-0.9749895115126052
2024,10,7,-0.8256449591318552
2024,10,8,-0.2589845018725084
2024,10,9,0.383849005291609
2024,10,10,0.28167465489771215
2024,10,11,0.0331686769563181
2024,10,12,0.3303677586028938
2024,10,13,0.42283629083423263
2024,10,14,0.30036990004647907
2024,10,15,-0.11004745153875684
2024,10,16,-0.25771012274091154
2024,10,17,-0.23522996240326582
2024,10,18,-0.41896459799966335
2024,10,19,-0.3175574731929756
2024,10,20,-0.08146253793782299
2024,10,21,-0.29811007154460983
2024,10,22,-0.5871642491926732
2024,10,23,-1.1602253456835983
2024,10,24,-1.6652382078910881
2024,10,25,-1.7463788887890972
2024,10,26,-1.6511086375710031
2024,10,27,-1.3500840552751792
2024,10,28,-1.2147005092804044
2024,10,29,-1.091401007133557
2024,10,30,-1.246231388046828
2024,10,31,-1.438830307391065
2024,11,1,-1.4014032678378403
2024,11,2,-1.2448409335818884
2024,11,3,-0.6797369894858369
2024,11,4,0.4339818583376411
2024,11,5,0.9502780326430008
2024,11,6,1.1872554149762955
2024,11,7,1.3082502777396103
2024,11,8,1.1680509267463328
2024,11,9,1.0187982559290287
2024,11,10,0.8761829434510402
2024,11,11,0.9164185445804424
2024,11,12,0.9195993399589169
2024,11,13,0.8088856155171318
2024,11,14,0.6780351881176443
2024,11,15,1.1066547592291787
2024,11,16,1.7448081218091525
2024,11,17,2.201240333559605
2024,11,18,2.801402470632804
2024,11,19,2.6200267475882044
2024,11,20,1.8119036155258987
2024,11,21,1.3854534661787028
2024,11,22,1.0535575836554343
2024,11,23,0.6519105081501994
2024,11,24,0.7979435216471871
2024,11,25,1.2774928528614773
2024,11,26,1.3632385680184806
2024,11,27,1.3984820695815403
2024,11,28,1.4377988114721145
2024,11,29,0.8742956072945612
2024,11,30,-0.05048546910085139
2024,12,1,-0.9890067382528651
2024,12,2,-1.7079484452045566
2024,12,3,-2.0194366337199394
2024,12,4,-1.853991029592264
2024,12,5,-1.6599932730440297
2024,12,6,-1.4907744508257013
2024,12,7,-1.3813979586948315
2024,12,8,-1.4899471900185546
2024,12,9,-1.3639955778060953
2024,12,10,-0.8900891291739
2024,12,11,-0.9628659545684572
2024,12,12,-1.342503942518775
2024,12,13,-1.7118409711801543
2024,12,14,-1.7612570653122928
2024,12,15,-1.7038311624855693
2024,12,16,-1.6234936065192271
2024,12,17,-1.3221768712240332
2024,12,18,-0.7405587464476023
2024,12,19,-0.49569234094019293
2024,12,20,-0.7709724455434696
2024,12,21,-1.0309670352054756
2024,12,22,-1.118461584992726
2024,12,23,-0.5679507466461646
2024,12,24,0.08863347357426335
2024,12,25,0.6009411153899822
2024,12,26,0.6984203677338985
2024,12,27,0.5297168060936618
2024,12,28,0.6094902425336269
2024,12,29,0.8884917600665843
2024,12,30,0.9815445348524675
2024,12,31,0.8381688303793002
2025,1,1,0.5777791335397732
2025,1,2,0.6062416625936309
2025,1,3,0.7361423603790023
2025,1,4,0.8522520546876932
2025,1,5,0.6921116299144815
2025,1,6,0.359367351025193
2025,1,7,-0.06762052680633554
2025,1,8,-0.8480989170186317
2025,1,9,-1.2936904125261772
2025,1,10,-1.1525833250386934
2025,1,11,-0.9154985886401502
2025,1,12,-0.921357111463703
2025,1,13,-0.761620746636784
2025,1,14,-0.8041788139832908
2025,1,15,-0.8462233838768644
2025,1,16,-0.7491515773103105
2025,1,17,-0.604043472717776
2025,1,18,-0.5093700504118898
2025,1,19,-0.3264870607745847
2025,1,20,-0.16526138093811676
2025,1,21,0.14413045091164786
2025,1,22,0.5131335219112242
2025,1,23,0.6890243061101181
2025,1,24,0.7686649634991519
2025,1,25,0.8867096804257528
2025,1,26,0.48357984701936335
2025,1,27,-0.09599069666999453
2025,1,28,-0.01770066329004003
2025,1,29,0.22127130201013057
2025,1,30,0.23929765440355308
2025,1,31,-0.16900690929685036
2025,2,1,-0.7457969394414281
2025,2,2,-1.3815750860653522
2025,2,3,-1.8256960193578304
2025,2,4,-1.8056216120418056
2025,2,5,-1.548152440769816
2025,2,6,-1.090144043674028
2025,2,7,-0.3407638482653835
2025,2,8,0.058673441601849174
2025,2,9,0.04762143741230589
2025,2,10,-0.16381087348576914
2025,2,11,-0.41434223323863234
2025,2,12,-0.2744612598148802
2025,2,13,-0.5821892172540835
2025,2,14,-0.7048735659227261
2025,2,15,-0.45387715142172846
2025,2,16,0.1614516798046591
2025,2,17,1.346003152225643
2025,2,18,1.7723467644613697
2025,2,19,1.2113528620350407
2025,2,20,0.6222791826433822
2025,2,21,0.18194776963059112
2025,2,22,-0.12982662028926376
2025,2,23,-0.6395154993567868
2025,2,24,-0.5966530263099067
2025,2,25,-0.38587786380086464
2025,2,26,-0.11932380225261281
2025,2,27,0.3508669577323488
2025,2,28,0.07047491442748847
2025,3,1,-0.49891424137283813
2025,3,2,-0.7266339636757677
2025,3,3,-0.7359783539938776
2025,3,4,-0.3966212159574821
2025,3,5,0.4525760151717379
2025,3,6,0.9571152944923671
2025,3,7,0.37465976919918087
2025,3,8,-0.25020032558076194
2025,3,9,0.13717138738867768
2025,3,10,0.7685807485475613
2025,3,11,0.8603489972502314
2025,3,12,0.9594469756223749
2025,3,13,1.5929211362812414
2025,3,14,1.6466626818746573
2025,3,15,1.3231409691937703
2025,3,16,2.076908789443869
2025,3,17,2.1645147801342075
2025,3,18,1.441840705753677
2025,3,19,1.1023001064303564
2025,3,20,1.323548581914021
2025,3,21,1.0314676077032343
2025,3,22,0.7854799334767876
2025,3,23,0.987526113857354
2025,3,24,1.0781613390691989
2025,3,25,0.7924181529299701
2025,3,26,0.4359360768363746
2025,3,27,0.4713935064006748
2025,3,28,0.5486017145018733
2025,3,29,0.3506145873879552
2025,3,30,0.26066678461126924
2025,3,31,0.5215679979140326
2025,4,1,0.7887227588454906
2025,4,2,0.8156356938925884
2025,4,3,1.3280697806041226
2025,4,4,1.9784540097980052
2025,4,5,1.7172128201885477
2025,4,6,1.710187051598077
2025,4,7,1.3981333204090145
2025,4,8,1.2818998164639923
2025,4,9,1.0210002122318913
2025,4,10,0.8416381228995017
2025,4,11,1.2831561323370115
2025,4,12,1.8207713531422107
2025,4,13,1.7373777642184176
2025,4,14,1.1571540220192766
2025,4,15,1.0251881856769591
2025,4,16,1.329432983928866
2025,4,17,1.4527515737750942
2025,4,18,1.6351830721797362
2025,4,19,1.870010865811828
2025,4,20,1.9430164839217017
2025,4,21,1.7631661792137958
2025,4,22,1.514286178161363
2025,4,23,0.805878903040226
2025,4,24,0.0866028914848884
2025,4,25,-0.29714051900768496
2025,4,26,-0.30967754564613703
2025,4,27,-0.1069009781839419
2025,4,28,0.14977332414769579
2025,4,29,0.37538909278279514
2025,4,30,0.7266704211230551
2025,5,1,0.4986973875219314
2025,5,2,-0.013612858912022338
2025,5,3,-0.10741637442572961
2025,5,4,0.08180528141167004
2025,5,5,0.4301048803523157
2025,5,6,0.6915060852881165
2025,5,7,0.8509476269681013
2025,5,8,0.9683732556037391
2025,5,9,0.7192209688990948
2025,5,10,0.38088430370098053
2025,5,11,0.4547698942600814
2025,5,12,0.3624706295805538
2025,5,13,0.5134119194124562
2025,5,14,0.7164254438031114
2025,5,15,0.5373475580025844
2025,5,16,0.19402995155181763
2025,5,17,0.036961453680296276
2025,5,18,0.10500952260233852
2025,5,19,-0.4273770269716271
2025,5,20,-0.23478192471399806
2025,5,21,0.4078900709858955
2025,5,22,0.9651623281047994
2025,5,23,1.1328314433780011
2025,5,24,1.2746582350216358
2025,5,25,1.2994873638679107
2025,5,26,1.2702711258251698
2025,5,27,1.2228577246719474
2025,5,28,1.4019845096978958
2025,5,29,0.8095557007929733
2025,5,30,-0.4147436719791229
2025,5,31,-1.0035978823020963
2025,6,1,-1.2624292898532792
2025,6,2,-1.4354318136766437
2025,6,3,-1.1557305669887872
2025,6,4,-0.8005443988747101
2025,6,5,-0.820222991536027
2025,6,6,-0.8863744727679307
2025,6,7,-0.833822145228588
2025,6,8,-0.38454207336051094
2025,6,9,-0.2633109110001916
2025,6,10,-0.6327210587515595
2025,6,11,-0.2663576594227969
2025,6,12,0.08151717743991026
2025,6,13,0.4205534563653823
2025,6,14,0.7909592324572657
2025,6,15,0.9546595777651129
2025,6,16,1.1851281379776069
2025,6,17,1.0499150736860265
2025,6,18,0.44167678081670136
2025,6,19,0.6222979604940821
2025,6,20,1.636649674437375
2025,6,21,1.772067165868012
2025,6,22,1.0787711981598958
2025,6,23,0.15696564944441974
2025,6,24,-0.760115136576167
2025,6,25,-0.7260130716118545
2025,6,26,0.2880094155988424
2025,6,27,1.2465296594349944
2025,6,28,1.2950168730525937
2025,6,29,1.5386388769378545
2025,6,30,1.6395559200331165
2025,7,1,1.9160525611486643
2025,7,2,2.494329666264588
2025,7,3,3.239340937944835
2025,7,4,3.1685897011423596
2025,7,5,2.4066358832808126
2025,7,6,2.5066783031508177
2025,7,7,2.630635499855076
2025,7,8,2.3241023197292425
2025,7,9,2.054489591559886
2025,7,10,1.6288695658004257
2025,7,11,1.4705026251563142
2025,7,12,1.2564674349744231
2025,7,13,0.8319024476561865
2025,7,14,-0.11237371408851045
2025,7,15,-1.135671846796416
2025,7,16,-1.4821018481124726
2025,7,17,-1.1899233842396175
2025,7,18,-0.723921462782278
2025,7,19,-0.37010436403905533
2025,7,20,-0.41645225107681777
2025,7,21,-0.5594281899389446
2025,7,22,-0.8005112705889027
2025,7,23,-0.9310334609814495
2025,7,24,-0.7201435796481084
2025,7,25,-0.2760655281911851
2025,7,26,0.5098355656141849
2025,7,27,0.8305138058213983
2025,7,28,0.5011430346184017
2025,7,29,0.06533594309871248
2025,7,30,0.2938980985262659
2025,7,31,1.0205960508517602
2025,8,1,1.1782601152017944
2025,8,2,0.693022532817501
2025,8,3,0.7815496189598028
2025,8,4,1.1784444699289947
2025,8,5,1.7146000397856838
2025,8,6,1.8341241490580797
2025,8,7,1.0066609362582064
2025,8,8,0.6596425641709246
2025,8,9,0.6485679049007819
2025,8,10,0.5165782177711126
2025,8,11,0.3053842647601115
2025,8,12,0.20516657686100156
2025,8,13,0.11937926319471966
2025,8,14,0.3656307409588756
2025,8,15,0.7179591318065282
2025,8,16,0.8854028716277402
2025,8,17,1.1651312852154025
2025,8,18,1.2537867985103166
2025,8,19,0.7546892174426167
2025,8,20,0.15059517355881716
2025,8,21,0.11532407591976987
2025,8,22,0.2189494593022828
2025,8,23,0.0031860511771179103
2025,8,24,-0.23309795486750465
2025,8,25,-0.28470255331136146
2025,8,26,-0.26644513452834623
2025,8,27,-0.5547749335202045
2025,8,28,-0.9528264544077594
2025,8,29,-1.168262762942179
2025,8,30,-1.2020895512448004
2025,8,31,-1.228625425393774
2025,9,1,-1.3950604609589283
2025,9,2,-1.1409646602838737
2025,9,3,-0.7505796984422951
2025,9,4,-0.5272436588060114
2025,9,5,-0.17109759997005347
2025,9,6,-0.39941097880689697
2025,9,7,-0.4992954294238468
2025,9,8,-0.34828658449888156
2025,9,9,-0.651414208593774
2025,9,10,-1.3046142005187473
2025,9,11,-1.4657333770279382
2025,9,12,-1.4406447800379096
2025,9,13,-1.6489238332536449
2025,9,14,-1.6381464796894296
2025,9,15,-1.2868298075152442
2025,9,16,-0.9560231547527709
2025,9,17,-0.7922011192854057
2025,9,18,-0.054280892097333194
2025,9,19,0.45237672013109526
2025,9,20,-0.09107489855957264
2025,9,21,-0.5018048123883139
2025,9,22,-0.06567485934299323
2025,9,23,0.2474438152430307
2025,9,24,-0.06846498177573802
2025,9,25,-0.2217645443511957
2025,9,26,-0.5010728311064281
2025,9,27,-0.46421023576431386
2025,9,28,-0.6597888148467069
2025,9,29,-1.1037468128401255
2025,9,30,-1.1400256979109473
2025,10,1,-1.09784756677392
2025,10,2,-1.2213492563704473
2025,10,3,-0.7071474603562967
2025,10,4,0.18336891143566755
2025,10,5,0.6426079005982164
2025,10,6,0.2854627914481232
2025,10,7,-0.23260542469487056
2025,10,8,-0.5592270321742364
2025,10,9,-0.3531823801430184
2025,10,10,-0.4198783065031385
2025,10,11,-0.9497406171476765
2025,10,12,-1.4281822896436138
2025,10,13,-1.6948715349272667
2025,10,14,-2.1066447082144864
2025,10,15,-2.6691889067036247
2025,10,16,-2.82480446689654
2025,10,17,-2.641694189495999
2025,10,18,-1.8295367283783392
2025,10,19,-1.1449509660148942
2025,10,20,-1.1615895018267046
2025,10,21,-1.5562224629628616
2025,10,22,-1.7555154107778737
2025,10,23,-1.9496566614019446
2025,10,24,-2.0521091356629326
2025,10,25,-2.1260624954453453
2025,10,26,-1.6004459279068113
2025,10,27,-0.9917063109990734
2025,10,28,-0.8609929602281307
2025,10,29,-1.0045456945934812
2025,10,30,-0.6559814002997146
2025,10,31,-0.5424995268962032
2025,11,1,-0.8467207708905184
2025,11,2,-1.347685171875174
2025,11,3,-1.3425309492076587
2025,11,4,-1.199493447117605
2025,11,5,-0.9848958934071617
2025,11,6,-0.49710262951659
2025,11,7,-0.22946564477472997
2025,11,8,-0.4598448329763047
2025,11,9,-1.1198755711472346
2025,11,10,-1.3193968667083071
2025,11,11,-1.2915601627626199
2025,11,12,-1.0925930519119367
2025,11,13,-0.8841987689250599
2025,11,14,-1.3204401249066695
2025,11,15,-1.4946044703009749
2025,11,16,-0.7185371657909593
2025,11,17,-1.0172147084868512
2025,11,18,-1.8684223812121319
2025,11,19,-1.2631315804607164
2025,11,20,-0.7542331165523314
2025,11,21,-0.6044122311726483
2025,11,22,-0.8092651132325457
2025,11,23,-1.1505602584257772
2025,11,24,-1.7121954981587515
2025,11,25,-1.8564511089423872
2025,11,26,-1.8347148061519907
2025,11,27,-2.1384040396787483
2025,11,28,-2.370962369011295
2025,11,29,-2.4831393908107415
2025,11,30,-2.349416757097606
2025,12,1,-2.4425753819129654
2025,12,2,-2.369595904845775
2025,12,3,-2.0685402866817473
2025,12,4,-1.9154299396085552
2025,12,5,-1.9489883918261006
2025,12,6,-1.8551108500158744
2025,12,7,-1.9211587870478835
2025,12,8,-2.0132720451111994
2025,12,9,-2.0842326778596263
2025,12,10,-1.9827220673270218
2025,12,11,-1.861842889160525
2025,12,12,-2.311510747331586
2025,12,13,-2.3706659684120783
2025,12,14,-1.9833163202817392
2025,12,15,-1.711249142181212
2025,12,16,-1.2073009994305115
2025,12,17,-0.586432188924779
2025,12,18,0.02695398997769683
2025,12,19,0.03404010952960878
2025,12,20,0.02470866458385238
2025,12,21,0.07502364708100122
2025,12,22,-0.05806962614549823
2025,12,23,-0.4486385831621668
2025,12,24,-0.685792373689252
2025,12,25,-0.33571147836927223
2025,12,26,-0.07248454917290467
2025,12,27,-0.22458512601352765
2025,12,28,-0.3951561571082436
2025,12,29,0.2526298537818935
2025,12,30,0.5716484015204951
2025,12,31,-0.15379983200818192
2026,1,1,-1.0114314994393963
2026,1,2,-1.1127292229744143
2026,1,3,-0.9098025990451173
2026,1,4,-0.47708017450659446
2026,1,5,-0.061769265553526256
2026,1,6,-0.15256549628635957
2026,1,7,-0.1036483687123883
2026,1,8,0.4608822980750431
2026,1,9,0.9506562625881819
2026,1,10,1.2753319422708906
2026,1,11,1.6493467555363686
2026,1,12,1.757019047566412
2026,1,13,1.713549703697299
2026,1,14,1.767837754540835
2026,1,15,1.4837328674918477
2026,1,16,1.073584874789579
2026,1,17,0.9212845894918844
2026,1,18,1.3729694138192088
2026,1,19,1.3560493906543922
2026,1,20,1.3644002404356201
2026,1,21,1.366539433503183
2026,1,22,1.1302229220976663
2026,1,23,0.6341471812165455
2026,1,24,0.18185181230923506
2026,1,25,0.48286952243869036
2026,1,26,0.8432014819834329
2026,1,27,1.1199826278428007
2026,1,28,1.4353185852676176
2026,1,29,1.8323707241650116
2026,1,30,1.6661978763455736
2026,1,31,1.248130128636186
2026,2,1,1.0984095811993886
2026,2,2,1.0818803835767965
2026,2,3,1.1604991498374817
2026,2,4,1.1246830812581146
2026,2,5,1.1357037170360225
2026,2,6,1.146517952249628
2026,2,7,0.9624724252005267
2026,2,8,0.447149052885359
2026,2,9,-0.1499571586250266
2026,2,10,-0.17099667170303018
2026,2,11,0.12951634540556692
2026,2,12,0.1213768220320959
2026,2,13,0.4549368641337429
2026,2,14,1.1472678350059924
2026,2,15,1.454725137774179
2026,2,16,1.3265110395182114
2026,2,17,0.9788756728252914
2026,2,18,0.4851341380790508
2026,2,19,-0.3156455317226967
2026,2,20,-0.5558385974608534
2026,2,21,-0.2895730850742039
2026,2,22,-0.14408312710511023
2026,2,23,0.14660516702347126
2026,2,24,0.3454667420963556
2026,2,25,0.640627542809714
2026,2,26,0.5651614701644458
2026,2,27,-0.26918336278327165
2026,2,28,-0.9365614695291873
2026,3,1,-0.7368946562985003
2026,3,2,-0.14685022809597834
2026,3,3,0.49693847269690894
2026,3,4,0.9129896081100052
2026,3,5,0.544747574810038
2026,3,6,0.3449958650318559
2026,3,7,0.6768979171667502
2026,3,8,0.6785923404912235
2026,3,9,0.6400665509681995
2026,3,10,0.6339642855624305
2026,3,11,0.6801607818396065
2026,3,12,1.2435912603244257
2026,3,13,1.4967332288837436
2026,3,14,1.1691339643611462
2026,3,15,0.6204001975363953
2026,3,16,0.5194392834842657
2026,3,17,0.4303663021398181
2026,3,18,0.3166035560864741
2026,3,19,0.4637031502291013
2026,3,20,0.5141473135007802
2026,3,21,0.580952884140664
2026,3,22,0.7705811602330349
2026,3,23,0.7907878007755008
2026,3,24,0.6504361374911093
2026,3,25,0.6037236528000064
2026,3,26,0.8921760925352582
2026,3,27,1.0809311160394501
2026,3,28,0.28178883960711476
2026,3,29,-0.5068519210664613
2026,3,30,-0.7891962628399402
2026,3,31,-1.2252005526111078
2026,4,1,-1.3169325150010487
2026,4,2,0.04415893439745678
2026,4,3,1.0117877710692698
2026,4,4,0.9905168906164918
2026,4,5,0.9549026703211583
2026,4,6,0.7016436248607878
2026,4,7,0.10548502877458643
2026,4,8,-0.6140531808041275
2026,4,9,-0.8923014510249324
2026,4,10,-0.6608215440975876
2026,4,11,-0.7594779101670137
2026,4,12,-0.7169780248726872
2026,4,13,-0.5748748974615631
2026,4,14,-1.0096922004809454
2026,4,15,-1.370507959597934
2026,4,16,-1.134506880056702
2026,4,17,-1.0921365074580398
2026,4,18,-0.8801593671461276
2026,4,19,-0.5277422512181216
2026,4,20,-0.6624064923041441
2026,4,21,-0.5639764781789638
2026,4,22,-0.21583439023557346
2026,4,23,-0.01235837534256294
2026,4,24,-0.0954201090730147
2026,4,25,0.18499064246654498
2026,4,26,0.6670959009808062
2026,4,27,1.2123367471238016
2026,4,28,1.288704899883729
2026,4,29,1.1436662751915658
2026,4,30,1.09854681520377
2026,5,1,1.0650562422511385
2026,5,2,0.8971142841954631
2026,5,3,0.633810834216167
2026,5,4,0.16668915415524793
2026,5,5,-0.12374695554933393
2026,5,6,0.29715924256398263
2026,5,7,0.5117027374193256
2026,5,8,0.07621527648777529
2026,5,9,-0.8813218321554663
2026,5,10,-1.4752592695534468
2026,5,11,-1.6599570006561988
2026,5,12,-1.5188631293016903
2026,5,13,-1.0415199102909447
2026,5,14,-0.7612643706469084
2026,5,15,-0.5249663873595765
2026,5,16,-0.40485704550302554
2026,5,17,-0.3046475220780914
2026,5,18,-0.2477242142402281
2026,5,19,-0.45998643990180504
2026,5,20,0.4003899176317313
2026,5,21,1.5277813573937147
2026,5,22,2.039343134521916
2026,5,23,1.7478858191828395
2026,5,24,1.545496071014663
2026,5,25,2.1075017408529653
2026,5,26,2.285770035382344
2026,5,27,1.5872737875907228
2026,5,28,1.5332709992700706
2026,5,29,2.0948128771086942
2026,5,30,2.588479412537275
2026,5,31,2.492249465056615
2026,6,1,2.2522641536595103
2026,6,2,1.8293807861978384
2026,6,3,1.802092129464082
2026,6,4,1.626023478898113
2026,6,5,0.8093360125309994
2026,6,6,0.4050643758243473
2026,6,7,0.8154826699656433
2026,6,8,1.3035131738020087
2026,6,9,1.3291079337677192
2026,6,10,1.453534378324828
2026,6,11,1.6419253375733247
2026,6,12,1.617552032348763
2026,6,13,1.5588362654174328
2026,6,14,1.8630118962683349
2026,6,15,2.293436009296196
2026,6,16,2.2384750363881247
2026,6,17,1.890775621250966
2026,6,18,1.945313286917484
2026,6,19,2.710061286272468
2026,6,20,3.4933502535658043
2026,6,21,3.847386825563291
2026,6,22,3.6465082161885105
2026,6,23,3.4428415309180997
2026,6,24,3.908871893062851
2026,6,25,4.576586134062772
2026,6,26,4.448014946591298
2026,6,27,4.112089998282833
2026,6,28,3.603537798846382
2026,6,29,3.1702696367068675
2026,6,30,2.791217745155826
2026,7,1,3.3273620446347967
2026,7,2,3.2888697364552626
2026,7,3,2.1976292344302215
2026,7,4,0.9736610103614446
2026,7,5,0.9948266582611078
2026,7,6,1.8227287171992481
2026,7,7,2.134122194405764
2026,7,8,1.8217853436026827
2026,7,9,1.3854865168190604
2026,7,10,1.0270209513657391
2026,7,11,0.44694190213440477
2026,7,12,0.4003938270795784
2026,7,13,0.7016789769851389
2026,7,14,0.48944768081742274
2026,7,15,0.3880576800473622
2026,7,16,1.0621956327073154
2026,7,17,1.1689759446693475
2026,7,18,0.4177226553899146
2026,7,19,-0.2723595469490538
2026,7,20,-0.7711500317582272
2026,7,21,-0.7999684649434542
2026,7,22,-0.6667797262758005
2026,7,23,-0.7326871903578858
2026,7,24,-0.640202643958882
2026,7,25,-0.9894463036065169
2026,7,26,-1.5831503814812116
2026,7,27,-1.6750741121164185
2026,7,28,-1.4660242254954232
2026,7,29,-1.1843859971109518
2026,7,30,-0.9342570373534357
2026,7,31,-0.6411260489356688
2026,8,1,-0.34461353778173043
2026,8,2,-0.4766432266427139
2026,8,3,-0.8862365613180189
2026,8,4,-0.7016811818623515
2026,8,5,-0.4927346814785623
2026,8,6,-0.8826477395332499
2026,8,7,-0.9257249610506728
2026,8,8,-0.9853219042983061
2026,8,9,-0.5906732120843401
2026,8,10,0.22359993946263076
2026,8,11,0.3064284307756377
2026,8,12,-0.1749334319715239
2026,8,13,-0.9833387341234189
2026,8,14,-1.4271807602129376
2026,8,15,-1.0567692644073468
2026,8,16,-0.42029796520184454
2026,8,17,0.13014893974446404
2026,8,18,0.20381436801951197
2026,8,19,0.2152829894954323
2026,8,20,0.023035721086154953
2026,8,21,-0.6624529603357624
2026,8,22,-0.5945056567938882
2026,8,23,-0.8164172484347832
2026,8,24,-0.8418023235250486
2026,8,25,-1.0507922361740571
2026,8,26,-1.1182133309862214
2026,8,27,-0.7457354655167343
2026,8,28,-0.38108705428349393
2026,8,29,-0.5631108913412157
2026,8,30,-1.1735398540109858
2026,8,31,-1.5465530779730323
